tree
version=v4
num_class=1
num_tree_per_iteration=1
label_index=0
max_feature_idx=54
objective=binary sigmoid:1
feature_names=Column_0 Column_1 Column_2 Column_3 Column_4 Column_5 Column_6 Column_7 Column_8 Column_9 Column_10 Column_11 Column_12 Column_13 Column_14 Column_15 Column_16 Column_17 Column_18 Column_19 Column_20 Column_21 Column_22 Column_23 Column_24 Column_25 Column_26 Column_27 Column_28 Column_29 Column_30 Column_31 Column_32 Column_33 Column_34 Column_35 Column_36 Column_37 Column_38 Column_39 Column_40 Column_41 Column_42 Column_43 Column_44 Column_45 Column_46 Column_47 Column_48 Column_49 Column_50 Column_51 Column_52 Column_53 Column_54
feature_infos=[0:1] [0:1] [0:1] [0:1] [0:1] [0:1] [0:1] [0.037037037312984467:1] [0:5.3752784729003906] [0:5.9864521026611328] [0:1] [0:1] [0:1] [0:1] [0:1] [0:1] [0:1] [0:1] none [0:1] [0:1] [0:1] [0:1] [0:1] [0:1] [0:1] [2.7080502510070801:3.8066625595092773] [0:1] [0:1] [0:1] [0:1] [0:1] [0:1] [0:1] [0:1] [0:1] [-1:0] [-1:0] [0:1] [0:1] [0:1.0000002384185791] [1.937535785145883e-07:0.99994534254074097] [1:81] [1:44] [0.00045159264118410647:0.99994534254074097] [0.00016369276272598654:0.99982649087905884] [0:0.99994200468063354] [-0.99982404708862305:0.99851250648498535] [0:10] [0:10] [0:10] [0:9] [3.2064941478893161e-05:0.99994534254074097] [3.2064941478893161e-05:0.99994534254074097] [0:1]
tree_sizes=1713 1761 1758 1762 1757 1760 1762 1764 1764 1765 1768 1771 1767 1767 1764 1759 1761 1759 1761 1762 1771 1754 1757 1768 1751 1757 1760 1767 1770 1762 1767 1769 1770 1766 1763 1764 1761 1764 1764 1766 1764 1772 1781 1774 1767 1775 1765 1770 1768 1765 1759 1766 1773 1758 1775 1768 1767 1771 1768 1771 1771 1775 1775 1778 1774 1768 1770 1768 1776 1768 1775 1765 1771 1768 1770 1778 1774 1769 1777 1793 1771 1778 1782 1778 1775 1784 1788 1783 1791 1771 1775 1776 1793 1782 1787 1771 1787 1780 1786 1783 1773 1774 1778 1789 1781 1778 1787 1787 1786 1790 1788 1779 1779 1784 1772 1788 1789 1776 1789 1782 1783 1788 1803 1791 1785 1773 1777 1777 1791 1797 1791 1792 1785 1794 1800 1793 1788 1783 1795 1800 1781 1796 1791 1793 1779 1792 1798 1794 1793 1788 1799 1792 1792 1791 1778 1781 1793 1763 1790 1780 1795 1780 1787 1786 1797 1782 1785 1788 1789 1790 1783 1794 1794 1800 1787 1782 1791 1781 1811 1787 1792 1779 1776 1796 1781 1781 1784 1783 1786 1794 1797 1795 1789 1785 1792 1781 1783 1793 1784 1787 1784 1798 1799 1787 1793 1794 1774 1786 1793 1788 1788 1776 1792 1794 1768 1781 1782 1793 1796 1795 1781 1798 1795 1790 1799 1788 1787 1785 1776 1784 1794 1793 1797 1792 1799 1801 1779 1799 1789 1775 1791 1787 1798 1792 1786 1776 1783 1801 1781 1786 1786 1774 1779 1788 1783 1787 1795 1787 1789 1777 1805 1790 1783 1782 1790 1780 1792 1799 1772 1792 1772 1798 1779 1782 1791 1792 1799 1790 1802 1793 1787 1779 1783 1781 1790 1805 1793 1774 1764 1792 1793 1776 1789 1793 1767 1781 1796 1775 1802 1786 1786 1783 1794 1795 1794 1801 1803 1793 1795 1790 1793 1784 1784 1779 1780 1804 1801 1792 1793 1776 1795 1788 1767 1794 1784 1776 1797 1796 1798 1792 1783 1789 1797 1793 1795 1792 1779 1792 1779 1767 1786

Tree=0
num_leaves=15
num_cat=0
split_feature=41 41 41 40 47 50 47 40 41 41 41 20 39 41
split_gain=153779 2693.75 170.767 160.369 93.454 74.5236 48.5424 40.5916 24.6845 23.9362 22.4584 12.3106 12.043 8.90575
threshold=0.43254797160625463 0.062202911823987968 0.0059441470075398692 0.58540308475494396 -0.39686341583728785 1.0000000180025095e-35 -0.75646471977233876 0.44903412461280828 0.10982540994882585 0.10982540994882585 0.015471091959625484 0.0017973712529055776 0.13392857462167743 0.023447452113032344
decision_type=2 2 2 2 2 2 2 2 2 2 2 2 2 2
left_child=1 2 -1 9 -2 -6 -5 10 -8 -3 12 -12 -4 -9
right_child=4 3 7 6 5 -7 8 13 -10 -11 11 -13 -14 -15
leaf_value=-2.5237202690528848 -2.2157033397900472 -2.3768430905648481 -2.4549840956265712 -2.4428477641325008 -2.3419624600653726 -1.8508657871173493 -2.4591008014182729 -2.5051421631479798 -2.3365715387486508 -2.2388594606594321 -2.4199914407505227 -2.472868715995685 -2.4952929528945207 -2.4811791462033517
leaf_weight=11191.146095901728 20.923809215426445 24.878481060266495 23.080902948975563 34.7292091101408 6.686990574002265 912.30684304237366 6.7588936984539023 125.47095216810703 27.251284167170525 54.790180832147598 27.323187291622162 14.16491551697254 34.585402861237526 72.190736949443817
leaf_count=155642 291 346 321 483 93 12688 94 1745 379 762 380 197 481 1004
internal_value=-2.47005 -2.51994 -2.52273 -2.31474 -1.85833 -1.85302 -2.38912 -2.4847 -2.3529 -2.26675 -2.4593 -2.43509 -2.47932 -2.49735
internal_weight=12576.3 11636.4 11488 148.408 939.918 918.994 68.7394 296.816 34.0102 79.6687 99.1544 41.4881 57.6663 197.662
internal_count=174906 161834 159770 2064 13072 12781 956 4128 473 1108 1379 577 802 2749
is_linear=0
shrinkage=1


Tree=1
num_leaves=15
num_cat=0
split_feature=41 41 41 41 40 40 20 41 41 22 46 35 37 13
split_gain=89578.9 935.62 226.952 171.202 59.2604 38.0989 20.8496 14.2191 8.60795 7.56178 5.94437 4.79189 4.19542 5.0806
threshold=0.21973256021738055 0.062202911823987968 0.67655843496322643 0.0059441470075398692 0.58540308475494396 0.44903412461280828 0.0017973712529055776 0.015471091959625484 0.023447452113032344 0.48528139293193823 0.91212856769561779 0.89898991584777843 -0.018778277561068531 0.24264705926179889
decision_type=2 2 2 2 2 2 2 2 2 2 2 2 2 2
left_child=1 3 -2 9 -3 6 7 -5 -7 -1 11 -6 13 -10
right_child=2 4 -4 5 10 8 -8 -9 12 -11 -12 -13 -14 -15
leaf_value=-0.05355302873828878 0.23944683784271278 0.12076678185747017 0.35845756854417737 0.0028226515636633797 0.057188428202028407 -0.0344256498513116 -0.018561446429913569 0.046716307914927806 0.011142527033395449 -0.028489078728552636 0.0028237764005242753 0.01172769617291685 0.0076078552235293488 -0.022555743432707637
leaf_weight=10627.285497233272 128.11569690704346 59.971944570541382 1451.6138751506805 38.080630272626877 21.75212811678648 121.79831635206938 33.281208485364914 28.497110456228256 7.4791666120290747 66.025053903460503 11.752064771950243 14.854315727949141 17.380158603191376 46.655753627419472
leaf_count=154681 1376 726 12384 532 291 1745 467 380 105 961 160 199 244 655
internal_value=-0.000669245 -0.0509227 0.350373 -0.05239 0.0897406 -0.0141216 0.0102932 0.0252574 -0.0266194 -0.053425 0.0371627 0.0452156 -0.0107323 -0.0168886
internal_weight=12674.5 11094.8 1579.73 10986.5 108.33 293.172 99.8589 66.5777 193.313 10693.3 48.3585 36.6064 71.5151 54.1349
internal_count=174906 161146 13760 159770 1376 4128 1379 912 2749 155642 650 490 1004 760
is_linear=0
shrinkage=0.05


Tree=2
num_leaves=15
num_cat=0
split_feature=41 41 41 41 41 40 47 44 20 22 47 23 37 33
split_gain=65752 621.608 392.018 54.3715 40.459 34.8123 21.461 24.804 20.6159 19.8111 9.93643 6.15956 5.76562 5.92548
threshold=0.10982540994882585 0.43254797160625463 0.015471091959625484 0.062202911823987968 0.0027919613057747488 0.44288176298141485 -0.80407884716987599 0.5119408667087556 0.097411345690488829 0.39911504089832311 -0.91236841678619374 0.49621191620826727 -0.018778277561068531 0.85012078285217296
decision_type=2 2 2 2 2 2 2 2 2 2 2 2 2 2
left_child=2 6 4 5 -1 10 -2 -8 -5 11 -4 -6 -7 -14
right_child=1 -3 3 8 9 12 7 -9 -10 -11 -12 -13 13 -15
leaf_value=-0.053394396323822146 0.064050788124208419 0.26362928306061456 0.0470691714441367 0.084031817727430638 -0.0422086609119805 -0.021127976561783557 0.027270735847104977 0.15700748492656083 0.019301392558846678 0.0010048669594313958 -0.0027366774021549156 -0.018765263698719805 0.027467729931161391 -0.010197154923264284
leaf_weight=10080.253316774964 32.723796740174294 1938.1642197445035 28.344013512134552 22.689677350223064 177.19459106773138 80.792385563254356 8.7398462370038015 88.765497133135796 32.564508378505707 38.882820203900337 12.130866184830664 62.219688668847084 6.4362591579556492 19.389403380453587
leaf_count=153578 377 13072 374 265 2641 1162 93 906 423 564 162 923 91 275
internal_value=-0.000955466 0.256134 -0.0515022 0.0167005 -0.0528493 -0.000141477 0.133742 0.148997 0.0546866 -0.031937 0.0345569 -0.0371128 -0.0151476 0.00423658
internal_weight=12629.3 2068.39 10560.9 202.347 10358.6 147.093 130.229 97.5053 55.2542 278.297 40.4749 239.414 106.618 25.8257
internal_count=174906 14448 160458 2752 157706 2064 1376 999 688 4128 536 3564 1528 366
is_linear=0
shrinkage=0.05


Tree=3
num_leaves=15
num_cat=0
split_feature=41 41 41 41 41 40 22 20 44 46 20 23 39 37
split_gain=52535.6 384.643 365.255 48.1478 41.4324 31.6483 19.0426 17.452 12.0346 11.9587 8.15118 6.11681 5.71841 5.49765
threshold=0.10982540994882585 0.015471091959625484 0.43254797160625463 0.062202911823987968 0.0027919613057747488 0.44288176298141485 0.39911504089832311 0.097411345690488829 0.45130646228790289 0.85789737105369579 0.041668349876999862 0.49621191620826727 0.18333333730697635 -0.018778277561068531
decision_type=2 2 2 2 2 2 2 2 2 2 2 2 2 2
left_child=1 4 8 5 -1 10 11 -5 -2 -10 12 -6 -3 -7
right_child=2 3 -4 7 6 13 -8 -9 9 -11 -12 -13 -14 -15
leaf_value=-0.053177978803238019 0.022657458865310547 0.011833493226877476 0.21335382126585956 0.077268600979229357 -0.041648885467900028 -0.020521731844108465 0.0009642304011707732 0.018330728506628528 0.12864730182042267 0.04505516798027491 -0.003537091731773133 -0.018213317174072634 0.059543164815573625 0.0042636014078218099
leaf_weight=9626.7104450464249 8.5491071194410306 16.984997190535072 2267.3475917503238 24.274443387985229 170.89220640808344 79.352725058794022 38.916074104607105 33.090169981122017 115.56809967756271 19.298765018582344 10.555049605667589 61.228596083819866 14.037392370402811 25.809827320277691
leaf_count=153578 89 213 13072 265 2641 1162 564 423 1081 206 146 923 177 366
internal_value=-0.00112074 -0.0512082 0.208106 0.016044 -0.0526098 -1.98401e-05 -0.031256 0.0510389 0.116639 0.120621 0.0325314 -0.0364746 0.042674 -0.0145967
internal_weight=12512.6 10101.9 2410.76 204.105 9897.75 146.74 271.037 57.3646 143.416 134.867 41.5774 232.121 31.0224 105.163
internal_count=174906 160458 14448 2752 157706 2064 4128 688 1376 1287 536 3564 390 1528
is_linear=0
shrinkage=0.05


Tree=4
num_leaves=15
num_cat=0
split_feature=42 46 44 40 46 22 47 46 46 53 42 49 46 52
split_gain=36096.1 4487 1421.23 860.691 466.401 173.096 141.787 122.133 82.8696 60.0486 59.5076 160.861 111.04 28.2321
threshold=5.5000000000000009 0.85789737105369579 0.78362423181533825 0.56522083282470714 0.6776452660560609 0.60208335518836986 -0.61178082227706898 0.97672307491302501 0.95338329672813427 0.29713761806488043 7.5000000000000009 4.5000000000000009 0.9375949800014497 0.97877904772758495
decision_type=2 2 2 2 2 2 2 2 2 2 2 2 2 2
left_child=1 2 9 5 -5 10 -4 13 -7 -1 11 -2 -13 -3
right_child=3 7 6 4 -6 8 -8 -9 -10 -11 -12 12 -14 -15
leaf_value=-0.033447003758622459 -0.044255111617847766 -0.0065973433080603067 0.084222632585314386 0.14251211187186955 -0.022521552219421957 0.10540051495514167 0.18186218258270481 -0.03727707593917555 -0.0098226164169818529 0.044739134224734363 -0.052976922055622044 0.10684027619600765 -0.019213186910834762 0.037428775633314572
leaf_weight=74.723025918006897 364.10637021437287 54.868971664458513 63.041463945060968 78.540402825921774 78.325214747339487 14.601834814995525 2462.5271906852722 222.20687128230929 38.598938602954149 24.979882694780827 8731.0949816703796 23.058316588401794 31.701288126409054 84.806493274867535
leaf_count=1133 5932 781 550 426 1163 137 12836 3579 590 262 145777 153 503 1084
internal_value=-0.00122604 0.149811 0.172484 -0.0495364 0.0636971 -0.0515334 0.179767 -0.014885 0.0334755 -0.0115654 -0.0520637 -0.0322371 0.0421674 0.0208486
internal_weight=12347.2 2987.15 2625.27 9360.03 156.866 9203.16 2525.57 361.882 53.2008 99.7029 9149.96 418.866 54.7596 139.675
internal_count=174906 20225 14781 154681 1589 153092 13386 5444 727 1395 152365 6588 656 1865
is_linear=0
shrinkage=0.05


Tree=5
num_leaves=15
num_cat=0
split_feature=41 41 41 45 53 41 40 41 47 39 22 41 37 23
split_gain=37703.9 408.628 175.017 49.6694 44.9611 38.2074 34.2921 13.4938 13.3796 11.6551 9.40203 7.61626 6.16517 8.99871
threshold=0.062202911823987968 0.43254797160625463 0.0059441470075398692 0.12699197977781299 0.94832393527030956 0.84367874264717113 0.44903412461280828 0.015471091959625484 -0.75646471977233876 0.13392857462167743 0.48528139293193823 0.023447452113032344 -0.62736025452613819 0.28287054598331457
decision_type=2 2 2 2 2 2 2 2 2 2 2 2 2 2
left_child=2 3 10 -2 -5 -3 7 9 -6 -4 -1 -8 -9 -14
right_child=1 5 6 4 8 -7 11 12 -10 -11 -12 -13 13 -15
leaf_value=-0.05269817875025265 -0.00056238624944958523 0.12489337850500432 0.017879675881597584 0.1274275790285003 0.043226552517621641 0.16222648657031652 -0.032096663505800205 0.05263313731784916 0.085729882707223481 -0.022569354585837465 -0.025311423730185419 -0.0093807612201514887 -0.012830416820600786 0.028679566181090979
leaf_weight=8848.7545951530337 16.404991865158081 267.26831611990929 21.865221835672855 62.906113855540752 83.473866805434227 2468.2374623268843 110.07964482903481 9.5242245495319349 63.301410861313343 31.273983974009752 58.638564318418503 69.279082238674164 15.046802803874014 20.536086440086365
leaf_count=154681 181 1376 321 546 858 11696 1745 119 479 481 961 1004 197 261
internal_value=-0.00129069 0.153542 -0.0513274 0.0830208 0.0892881 0.159047 -0.011744 0.0112728 0.0658565 -0.00573 -0.0525465 -0.0242812 0.0287081 0.0121625
internal_weight=12146.6 2961.59 9185 226.086 209.681 2735.51 277.605 98.2463 146.775 53.1392 8907.39 179.359 45.1071 35.5829
internal_count=174906 15136 159770 2064 1883 13072 4128 1379 1337 802 155642 2749 577 458
is_linear=0
shrinkage=0.05


Tree=6
num_leaves=15
num_cat=0
split_feature=41 41 41 45 53 40 41 20 22 14 14 46 37 42
split_gain=32996.1 337.346 175.561 40.7566 35.1571 32.3127 30.1627 17.1465 9.71664 9.56356 41.2977 7.76312 7.63093 8.34482
threshold=0.062202911823987968 0.43254797160625463 0.0059441470075398692 0.12699197977781299 0.99398282170295726 0.44903412461280828 0.84367874264717113 0.0017973712529055776 0.48528139293193823 0.11805555596947671 0.86607143282890331 0.96737965941429149 -0.75606310367584217 5.5000000000000009
decision_type=2 2 2 2 2 2 2 2 2 2 2 2 2 2
left_child=2 3 8 -2 -5 7 -3 12 -1 -6 -11 -7 -4 -14
right_child=1 6 5 4 9 11 -8 -9 -10 10 -12 -13 13 -15
leaf_value=-0.052505969078647567 -0.00054507140206376938 0.11270525951629609 0.051639290215052952 0.10039566564664644 0.066042238917316587 -0.008865900659130831 0.14520615899944825 -0.016435098648070585 -0.024702007843116297 -0.011286010303959161 0.067943754247301633 -0.031733712466344349 0.026120912146230076 -0.0078317674462125095
leaf_weight=8447.2669719085097 16.397669807076454 282.03081272542477 10.191752292215822 120.53205025196075 50.613960348069668 69.668081969022751 2616.6069300621748 31.081084247678518 57.36050783470273 30.39260932803154 20.622055597603321 106.12042760103941 32.081871911883354 25.37587982416153
leaf_count=154681 181 1376 132 995 445 1038 11696 467 961 280 163 1711 425 355
internal_value=-0.00133246 0.137593 -0.0510769 0.0753073 0.0806883 -0.0112526 0.142442 0.0109415 -0.0523477 0.0504153 0.0266281 -0.0236358 0.0240162 0.0121878
internal_weight=11916.3 3137.2 8779.15 238.558 222.161 274.519 2898.64 98.7306 8504.63 101.629 51.0147 175.789 67.6495 57.4578
internal_count=174906 15136 159770 2064 1883 4128 13072 1379 155642 888 443 2749 912 780
is_linear=0
shrinkage=0.05


Tree=7
num_leaves=15
num_cat=0
split_feature=42 46 44 40 46 22 46 47 46 42 48 46 53 20
split_gain=24711.9 2359.28 740.827 705.904 284.519 165.163 98.6886 93.3383 68.9886 58.6796 129.603 78.1391 47.7884 21.2719
threshold=5.5000000000000009 0.85789737105369579 0.78362423181533825 0.56522083282470714 0.6776452660560609 0.57011798024177562 0.97672307491302501 -0.26880212128162378 0.98467591404914867 7.5000000000000009 4.5000000000000009 0.9375949800014497 0.15867115557193759 0.00073679370689205836
decision_type=2 2 2 2 2 2 2 2 2 2 2 2 2 2
left_child=1 2 12 5 -5 9 13 -4 -7 10 -2 -12 -1 -3
right_child=3 6 7 4 -6 8 -8 -9 -10 -11 11 -13 -14 -15
leaf_value=-0.036482566120791517 -0.043400370595625522 0.039578288531152007 0.08676699255677775 0.1047573505800805 -0.021109721422217943 0.075971730654658426 -0.035213775026317284 0.13118299821539725 -0.018689393411084554 -0.052421300337170462 0.080885900668905691 -0.020150247900990903 0.028977728845150336 0.0018178767050677507
leaf_weight=59.618929252028465 316.91296355426311 54.111607808619738 207.11637252569199 92.912424817681313 74.604123756289482 26.607796192169189 200.23689347878098 2815.7717753574252 34.072278134524822 7594.0498559065163 28.617092669010162 31.665981460362673 37.223462577909231 91.619355861097574
leaf_count=1010 5842 642 1244 426 1163 276 3579 12142 559 145703 165 547 385 1223
internal_value=-0.00136073 0.110389 0.124087 -0.0486715 0.0506706 -0.0508039 -0.0131503 0.128436 0.0276948 -0.0514354 -0.0307445 0.0324971 -0.0109643 0.0174799
internal_weight=11665.1 3465.7 3119.73 8199.44 167.517 8031.93 345.968 3022.89 60.6801 7971.25 377.196 60.2831 96.8424 145.731
internal_count=174906 20225 14781 154681 1589 153092 5444 13386 835 152257 6554 712 1395 1865
is_linear=0
shrinkage=0.05


Tree=8
num_leaves=15
num_cat=0
split_feature=41 41 41 14 14 40 41 53 47 20 47 41 46 37
split_gain=26262.4 258.266 177.334 77.8293 39.0856 30.5738 29.5994 28.2201 18.0495 15.4401 13.6147 11.0801 7.12965 6.55141
threshold=0.062202911823987968 0.67655843496322643 0.0059441470075398692 0.10555555671453477 0.64583334326744091 0.44903412461280828 0.10982540994882585 0.99407947063446056 -0.015726745128631588 0.0017973712529055776 -0.83830222487449635 0.0027919613057747488 0.96737965941429149 -0.75606310367584217
decision_type=2 2 2 2 2 2 2 2 2 2 2 2 2 2
left_child=2 3 11 6 7 9 -2 8 -5 13 -8 -1 -7 -4
right_child=1 -3 5 4 -6 12 10 -9 -10 -11 -12 -13 -14 -15
leaf_value=-0.052241423355658761 0.038847719833558357 0.12073637459042777 0.048896200996165123 0.056364967438573478 0.072511498310617178 -0.0083933666378469812 0.029805601230482339 -0.0058278823569891886 -0.00061399241690944279 -0.015275639727100243 0.10971011501647812 -0.03076680972633607 -0.030547174578743144 0.012231911271224897
leaf_weight=7646.5604876726866 36.367297999560833 2971.5830111801624 10.692380897700785 48.993536941707134 80.631189994513988 68.899113237857819 14.850320212543009 44.558108694851398 17.902870267629623 29.965423673391342 160.36006062477827 110.43618900701404 100.9697901904583 57.379336573183537
leaf_count=153578 375 12384 132 333 526 1038 130 334 128 467 926 2064 1711 780
internal_value=-0.00137965 0.115436 -0.0505945 0.0744423 0.047316 -0.010171 0.0958227 0.0246189 0.0430194 0.0113429 0.104913 -0.0519757 -0.0225278 0.0235163
internal_weight=11400.1 3375.25 8024.9 403.663 192.086 267.906 211.578 111.455 66.8964 98.0371 175.21 7757 169.869 68.0717
internal_count=174906 15136 159770 2752 1321 4128 1431 795 461 1379 1056 155642 2749 912
is_linear=0
shrinkage=0.05


Tree=9
num_leaves=15
num_cat=0
split_feature=41 41 41 14 14 53 41 20 45 41 39 37 46 39
split_gain=23704.2 246.377 177.646 64.1826 36.8744 36.0708 34.2363 28.2967 24.704 11.5728 10.1513 11.579 9.57803 8.38492
threshold=0.062202911823987968 0.84367874264717113 0.0059441470075398692 0.10555555671453477 0.64583334326744091 0.99715062975883495 0.21973256021738055 0.0015221578069031241 0.4495414942502976 0.0027919613057747488 0.41666667163372045 -0.57251745462417591 0.98305827379226696 0.10555555671453477
decision_type=2 2 2 2 2 2 2 2 2 2 2 2 2 2
left_child=2 3 9 6 5 8 -2 10 -5 -1 11 -4 -9 -13
right_child=1 -3 7 4 -6 -7 -8 12 -10 -11 -12 13 -14 -15
leaf_value=-0.05207489383588098 0.05400089227055898 0.11351287620843392 0.022110524789352406 -0.0070959770836914616 0.074552348001614852 -0.0075520730292264089 0.10457748010120677 -0.012326947113708586 0.055037534073105999 -0.030119390070308338 0.043023842540985457 0.015586144984985943 -0.039292208222377958 -0.019487698688281815
leaf_weight=7296.3386546745896 83.741082690656185 2868.6777118444443 36.271429751068354 16.092689968645573 130.14256431162357 36.189988560974598 210.83891963213682 106.94463769719005 105.99677737802267 107.46075838804245 8.9265710301697236 15.626694884151219 49.989606831222773 47.621365744620562
leaf_count=153578 729 11696 494 127 719 251 1007 1687 607 2064 125 213 897 712
internal_value=-0.0013905 0.107238 -0.0503569 0.0749661 0.0546144 0.0347648 0.0924449 -0.00974943 0.0469305 -0.0517973 0.00940422 0.00273558 -0.0227556 -0.00987721
internal_weight=11120.9 3451.68 7669.18 583.002 288.422 158.279 294.58 265.38 122.089 7403.8 108.446 99.5195 156.934 63.2481
internal_count=174906 15136 159770 3440 1704 985 1736 4128 734 155642 1544 1419 2584 925
is_linear=0
shrinkage=0.05


Tree=10
num_leaves=15
num_cat=0
split_feature=41 41 41 41 40 53 46 20 41 44 46 41 22 46
split_gain=21526.5 238.876 177.952 30.9012 27.9123 13.468 17.2698 13.3041 12.069 8.2717 6.76165 6.28927 5.90045 5.60923
threshold=0.062202911823987968 0.43254797160625463 0.0059441470075398692 0.925937980413437 0.44903412461280828 0.99398282170295726 0.11012570559978486 0.0017973712529055776 0.0027919613057747488 0.99632176756858837 0.96737965941429149 0.015471091959625484 0.64022472500801098 0.72523048520088207
decision_type=2 2 2 2 2 2 2 2 2 2 2 2 2 2
left_child=2 5 8 -3 7 6 -2 11 -1 -7 -6 -4 -10 -11
right_child=1 3 4 -5 10 9 -8 -9 12 13 -12 -13 -14 -15
leaf_value=-0.051914691666977944 0.0045692834898689669 0.086247249741027793 0.0051278737878963374 0.10720772437813815 -0.0077386928553417377 0.00035886711705284199 0.068172913160429505 -0.014218704892880241 -0.032520059948793312 0.057455228930794501 -0.029473753061606951 0.03507533812803755 0.0066147187084624297 0.025343675528135268
leaf_weight=6961.3998215198517 13.038847878575323 489.65699990093708 36.32492096349597 2733.8258356153965 67.874834787100554 15.498871780931948 149.84768313914537 28.993712689727545 97.384318590164185 31.843585655093193 96.627118565142155 33.143417626619339 7.2312656864523879 70.518308363854885
leaf_count=153578 127 2064 532 11008 1038 117 1038 467 1942 188 1711 380 122 594
internal_value=-0.00139584 0.100366 -0.0501221 0.1043 -0.00933813 0.0531612 0.0636403 0.0110304 -0.0516246 0.0348341 -0.0214631 0.0220316 -0.0294739 0.0395576
internal_weight=10833.2 3504.23 7328.98 3223.48 262.964 280.747 162.887 98.4621 7066.02 117.861 164.502 69.4683 104.616 102.362
internal_count=174906 15136 159770 13072 4128 2064 1165 1379 155642 899 2749 912 2064 782
is_linear=0
shrinkage=0.05


Tree=11
num_leaves=15
num_cat=0
split_feature=41 41 41 41 20 41 45 53 41 39 11 12 44 47
split_gain=19648.4 235.711 178.999 33.3097 32.9437 16.008 15.7978 24.9598 14.538 16.9142 10.5205 9.78797 8.48711 8.00702
threshold=0.062202911823987968 0.67655843496322643 0.0027919613057747488 0.21973256021738055 0.001367934048175812 0.015471091959625484 0.108081191778183 0.95737862586975109 0.023447452113032344 0.13392857462167743 0.49941451847553259 0.22902098298072818 0.99534258246421825 -0.22730863839387891
decision_type=2 2 2 2 2 2 2 2 2 2 2 2 2 2
left_child=2 3 -1 6 8 -6 -2 -8 9 10 11 -4 -9 -3
right_child=1 13 4 -5 5 -7 7 12 -10 -11 -12 -13 -14 -15
leaf_value=-0.051760303773860983 -0.0098348526406079103 0.056098795553624493 0.016405615538737331 0.069440372409349013 -0.038490445711039128 -0.0093902843536588058 0.067758933603775537 -0.0039416176677932379 0.02672452481460676 -0.022337532651719456 0.043009623076068343 -0.023028516677846257 0.029787770579589114 0.10012553367972668
leaf_weight=6641.1713609583676 12.943782187998293 52.558254435658455 26.825547520071268 277.31615924835205 124.13677980750799 85.686164014041424 50.989927552640438 20.590739607810974 35.249128039926291 63.226283021271229 10.044819943606852 17.481354776769876 83.740628004074097 3037.4893409907818
leaf_count=153578 138 213 414 1376 2434 1357 362 166 437 1068 171 311 710 12171
internal_value=-0.00139819 0.0945308 -0.0498902 0.0582334 -0.0151738 -0.0275745 0.0369041 0.0411584 0.00249945 -0.00628857 0.0129509 -0.000528645 0.0233685 0.0995601
internal_weight=10539.5 3535.63 7003.82 445.581 362.65 209.823 168.265 155.321 152.827 117.578 54.3517 44.3069 104.331 3090.05
internal_count=174906 15136 159770 2752 6192 3791 1376 1238 2401 1964 896 725 876 12384
is_linear=0
shrinkage=0.05


Tree=12
num_leaves=15
num_cat=0
split_feature=41 41 41 40 53 20 45 46 41 41 39 11 37 22
split_gain=18007.5 232.869 180.251 59.6652 60.811 31.217 21.6955 17.2037 15.5492 13.1307 15.8559 9.78454 9.4011 7.65161
threshold=0.062202911823987968 0.67655843496322643 0.0027919613057747488 0.58540308475494396 0.98992282152175914 0.001367934048175812 0.31392370164394384 0.5931081771850587 0.015471091959625484 0.023447452113032344 0.13392857462167743 0.49941451847553259 -0.55054539442062367 0.95135745406150829
decision_type=2 2 2 2 2 2 2 2 2 2 2 2 2 2
left_child=2 3 -1 -2 6 9 -5 -6 -7 10 11 12 13 -4
right_child=1 -3 5 4 7 8 -8 -9 -10 -11 -12 -13 -14 -15
leaf_value=-0.051611255016743809 0.069897100923736466 0.094531293677507316 0.029644508841281614 0.0029666745311356033 0.023226338388007018 -0.037926171277665371 0.063963558662933961 -0.016881237922420501 -0.0090369303037238537 0.02523942339794702 -0.021743523822678763 0.041130068272762485 -0.02209192775530117 -0.014594553342276299
leaf_weight=6335.0899018384516 259.99512182176113 3092.4121683090925 18.610115174204111 18.282791659235954 36.107719391584396 119.94031757861376 88.649718783795834 53.6399120464921 84.993772629648447 36.024970009922981 62.010378532111645 10.425725962966679 18.238670237362388 7.4878791049122801
leaf_count=153578 1481 12384 295 149 164 2434 499 459 1357 437 1068 171 321 109
internal_value=-0.00139703 0.0894997 -0.0496596 0.0541326 0.0309197 -0.0146344 0.0546802 -3.41562e-05 -0.0269226 0.00248808 -0.00596808 0.0124944 -0.000569443 0.0164249
internal_weight=10241.9 3549.09 6692.82 456.675 196.68 357.732 106.933 89.7476 204.934 152.798 116.773 54.7624 44.3367 26.098
internal_count=174906 15136 159770 2752 1271 6192 648 623 3791 2401 1964 896 725 404
is_linear=0
shrinkage=0.05


Tree=13
num_leaves=15
num_cat=0
split_feature=41 41 41 14 14 20 41 53 45 41 41 39 47 11
split_gain=16556.4 236.224 181.42 57.471 31.8351 29.544 28.2576 28.229 19.7726 15.0886 11.8693 14.8473 9.89841 9.10439
threshold=0.062202911823987968 0.84367874264717113 0.0027919613057747488 0.10555555671453477 0.64583334326744091 0.001367934048175812 0.21973256021738055 0.99634391069412243 0.4495414942502976 0.015471091959625484 0.023447452113032344 0.13392857462167743 -0.63625505566596974 0.49941451847553259
decision_type=2 2 2 2 2 2 2 2 2 2 2 2 2 2
left_child=2 3 -1 6 7 10 -2 8 -5 -7 11 13 -10 -4
right_child=1 -3 5 4 -6 9 -8 -9 12 -11 -12 -13 -14 -15
leaf_value=-0.051467098567267437 0.040809791798636474 0.091270088578815828 -0.00061602808856432972 -0.010852612743144772 0.055651629676621267 -0.037358939489126247 0.081388809208998519 -0.0096765498714136058 0.013502924162838626 -0.0086948130691929301 0.023855657595458133 -0.021158323237676076 0.050948046263612129 0.039338574824918225
leaf_weight=6042.6055890507996 94.503662250936031 2910.0106510668993 44.373816642910242 17.29146520793438 142.90622748434544 115.92751773446798 229.13246494531631 46.761448405683041 34.085726156830788 84.331834983080626 36.769314799457788 60.845780733972788 73.147512018680573 10.801130473613737
leaf_count=153578 729 11696 725 126 719 2434 1007 300 240 1357 437 1068 319 171
internal_value=-0.00139655 0.0850889 -0.0494303 0.0559145 0.0385436 -0.0141116 0.0711178 0.0219876 0.0337136 -0.0262757 0.00246653 -0.00566722 0.0412126 0.0120413
internal_weight=9943.49 3547.84 6395.65 637.829 314.192 353.049 323.636 171.286 124.525 200.259 152.79 116.021 107.233 55.1749
internal_count=174906 15136 159770 3440 1704 6192 1736 985 685 3791 2401 1964 559 896
is_linear=0
shrinkage=0.05


Tree=14
num_leaves=15
num_cat=0
split_feature=41 41 41 14 40 14 47 45 53 41 40 45 40 47
split_gain=15271.4 235.059 182.562 49.5527 29.1171 27.6118 26.7861 26.8809 25.6181 24.6473 23.9731 17.0614 9.23307 8.8477
threshold=0.062202911823987968 0.84367874264717113 0.0027919613057747488 0.10555555671453477 0.37116940319538122 0.64583334326744091 -0.75646471977233876 0.12699197977781299 0.99715062975883495 0.015471091959625484 0.56522083282470714 0.4495414942502976 0.44288176298141485 -0.98238271474838246
decision_type=2 2 2 2 2 2 2 2 2 2 2 2 2 2
left_child=2 3 -1 6 13 8 10 -8 11 -6 -2 -5 -11 -4
right_child=1 -3 4 5 9 -7 7 -9 -10 12 -12 -13 -14 -15
leaf_value=-0.051327386431512405 0.054718724591569116 0.087463310895497692 -0.0070860168335440486 -0.010684025317452134 -0.033313326367864986 0.052192513163840638 0.0063776347156736697 0.078380264468233166 -0.012775978545347934 0.018506412106448093 -0.00035997709319315294 0.037225743930268472 -0.010693932879887392 0.025830025495203381
leaf_weight=5763.1827640198171 38.972989566624165 2885.8479217737913 27.509509168565273 17.260428585112095 155.85082045570016 145.35557016730309 15.623527012765406 242.1638153642416 38.05521073192358 26.635363880544901 32.89655502140522 116.60293632745743 95.585911493748426 42.942656721919775
leaf_count=153578 256 11696 499 127 3197 719 121 1076 251 323 283 607 1528 645
internal_value=-0.00138878 0.0812325 -0.0492014 0.0525298 -0.0135959 0.0364101 0.0665153 0.0744176 0.0209307 -0.0207454 0.0325432 0.030735 -0.003412 0.0136941
internal_weight=9644.49 3532.78 6111.71 646.931 348.524 317.274 329.657 257.787 171.919 278.072 71.8695 133.863 122.221 70.4522
internal_count=174906 15136 159770 3440 6192 1704 1736 1197 985 5048 539 734 1851 1144
is_linear=0
shrinkage=0.05


Tree=15
num_leaves=15
num_cat=0
split_feature=41 41 41 14 4 20 27 44 41 40 41 47 11 53
split_gain=14120.4 236.869 183.63 43.9417 30.6828 27.303 24.0588 17.3853 17.1272 17.0066 14.2312 11.0051 10.7984 10.646
threshold=0.062202911823987968 0.67655843496322643 0.0027919613057747488 0.10555555671453477 0.52272728085517894 0.001367934048175812 0.13446328043937686 0.98681822419166576 0.10982540994882585 0.58540308475494396 0.015471091959625484 -0.18000067025423047 0.382411539554596 0.98992282152175914
decision_type=2 2 2 2 2 2 2 2 2 2 2 2 2 2
left_child=2 3 -1 8 6 -4 -5 -8 -2 -6 -7 -3 -9 -11
right_child=1 11 5 4 9 10 7 12 -10 13 -12 -13 -14 -15
leaf_value=-0.051191715656881576 0.022620916648909487 0.051746952348931632 0.0027559103773998582 -0.011389628160376563 0.032518769000305023 -0.036327515513844187 0.0029148270555681391 0.011219613124822995 0.06400097110230922 0.0074810458087456082 -0.008127009029278905 0.083821616802493754 0.059887116575814116 -0.030259861479573644
leaf_weight=5496.2984068058431 44.632385320961475 86.679183006286621 151.86688367649913 17.279855206608772 18.747687056660652 109.1188772842288 21.588688910007477 18.842451013624668 214.26033150404692 29.142910055816174 83.24613518640399 2935.5688378959894 89.935678496956825 29.911740243434906
leaf_count=153578 375 348 2401 96 108 2434 132 114 1056 161 1357 12036 507 203
internal_value=-0.00137993 0.0778037 -0.0489726 0.0438937 0.0259495 -0.013096 0.0386296 0.0455986 0.0579737 0.000227164 -0.0251284 0.0830754 0.0531113 -0.0132488
internal_weight=9347.12 3506.59 5840.53 484.342 225.449 344.232 147.647 130.367 258.893 77.8023 192.365 3022.25 108.778 59.0547
internal_count=174906 15136 159770 2752 1321 6192 849 753 1431 472 3791 12384 621 364
is_linear=0
shrinkage=0.05


Tree=16
num_leaves=15
num_cat=0
split_feature=41 41 41 40 53 27 40 41 45 46 41 27 40 47
split_gain=13083.4 237.362 184.454 41.3822 47.8547 35.945 26.4594 22.9713 16.429 14.4542 12.9922 9.08212 8.3885 7.96741
threshold=0.062202911823987968 0.67655843496322643 0.0027919613057747488 0.58540308475494396 0.98992282152175914 0.13446328043937686 0.37116940319538122 0.015471091959625484 0.31392370164394384 0.5931081771850587 0.925937980413437 0.84028983116149913 0.44288176298141485 -0.98340106010437001
decision_type=2 2 2 2 2 2 2 2 2 2 2 2 2 2
left_child=2 3 -1 5 8 -2 13 -8 -5 -6 -3 -10 -9 -4
right_child=1 10 6 4 9 -7 7 12 11 -11 -12 -13 -14 -15
leaf_value=-0.051059686673799447 -0.0064507620211146522 0.064127686236843492 -0.0074281901935836329 0.00017447153485118454 0.017369876412310772 0.058474991267884815 -0.032236645033013753 0.017666257958810879 0.012080285353973905 -0.01896776519501181 0.081877761454498654 0.057913531596337442 -0.010096631424000187 0.024029999644325964
leaf_weight=5241.4453061297536 21.087441936135292 335.93743582069874 25.63904557004571 19.150316298007965 37.264334693551064 262.98910185694695 148.16576114296913 27.019194431602955 19.456694006919861 55.672704771161079 2643.7046459913254 76.038156881928444 94.259860593825579 45.383514832705259
leaf_count=153578 116 1376 473 149 164 1365 3197 323 106 459 11008 393 1528 671
internal_value=-0.00137075 0.0747264 -0.0487433 0.0412263 0.0226076 0.0536 -0.0126439 -0.0196726 0.0428713 -0.00412571 0.0800977 0.0506055 -0.00303691 0.0131585
internal_weight=9053.21 3471.3 5581.91 491.659 207.582 284.077 340.467 269.445 114.645 92.937 2979.64 95.4949 121.279 71.0226
internal_count=174906 15136 159770 2752 1271 1481 6192 5048 648 623 12384 499 1851 1144
is_linear=0
shrinkage=0.05


Tree=17
num_leaves=15
num_cat=0
split_feature=41 41 41 41 14 20 20 53 28 42 46 28 40 44
split_gain=12143.5 239.836 185.366 43.0336 31.5231 24.9743 18.7143 27.2888 17.0927 15.969 13.7601 9.97078 9.82957 9.76476
threshold=0.062202911823987968 0.84367874264717113 0.0027919613057747488 0.21973256021738055 0.10555555671453477 0.001367934048175812 0.10112117603421213 0.97542524337768566 0.72377106547355663 3.5000000000000004 0.98305827379226696 0.18301435559988025 0.44903412461280828 0.99326038360595714
decision_type=2 2 2 2 2 2 2 2 2 2 2 2 2 2
left_child=2 3 -1 6 -5 12 11 9 -6 -8 -7 -2 -4 -13
right_child=1 -3 5 4 8 10 7 -9 -10 -11 -12 13 -14 -15
leaf_value=-0.050930913626585153 0.0032560133359984438 0.07852982833638178 0.010867172870598778 0.065620872263835769 0.050263690010474066 -0.010762727503547261 1.1318696209310769e-05 -0.016840048367558886 0.020825493606795732 0.054366640095694488 -0.038941174751705929 0.0067543892716648395 -0.014925908257495955 0.053334961283813959
leaf_weight=4998.130594201386 19.586236655712128 2760.9726013988256 107.25652480870485 237.44694820046425 113.2984324991703 107.23718170821667 23.473548322916031 53.53443194180727 123.09043225646019 21.855623327195644 77.875598449259996 17.332382179796696 44.175972361117601 57.57113278657198
leaf_count=153578 121 11696 1630 1007 499 1921 181 475 558 144 1870 108 771 347
internal_value=-0.00135975 0.0719448 -0.0485131 0.0439375 0.0520978 -0.012172 0.022361 0.00608412 0.0364022 0.0313083 -0.0240055 0.0371792 0.00288431 0.0446214
internal_weight=8762.84 3428.16 5334.68 667.189 473.836 336.545 193.353 98.8636 236.389 45.3292 185.113 94.4898 151.432 74.9035
internal_count=174906 15136 159770 3440 2064 6192 1376 800 1057 325 3791 576 2401 455
is_linear=0
shrinkage=0.05


Tree=18
num_leaves=15
num_cat=0
split_feature=41 41 41 14 30 40 41 47 40 45 53 41 53 47
split_gain=11291.9 240.518 185.927 34.7377 27.674 23.4521 21.632 17.3045 23.609 22.8053 17.9782 14.9574 11.7369 8.84899
threshold=0.062202911823987968 0.67655843496322643 0.0027919613057747488 0.10555555671453477 0.56440424919128429 0.37116940319538122 0.015471091959625484 -0.61178082227706898 0.49801355600357061 0.12699197977781299 0.98131144046783458 0.925937980413437 0.99539509415626537 -0.0016528524574823675
decision_type=2 2 2 2 2 2 2 2 2 2 2 2 2 2
left_child=2 3 -1 7 -5 -4 -7 8 -2 -9 -10 -3 13 -6
right_child=1 11 5 4 12 6 -8 9 10 -11 -12 -13 -14 -15
leaf_value=-0.050805053666265435 0.05753287710391463 0.059199554485191909 0.012266934052194945 0.044946694915994581 0.024498820398127324 -0.031183212228163667 -0.0025245152261350475 0.00019965023286075881 0.036679326098476288 0.066185774650684939 -0.0074641530816818222 0.076878684708481443 -0.0092833179230553987 -0.007286955417479259
leaf_weight=4765.8756845295429 38.908848270773888 329.01922824978828 72.004625387489796 71.029111303389072 83.986610136926174 141.21203088015318 120.00936095416546 14.429945744574068 29.383447371423244 138.14498477429152 49.232126526534557 2545.3474366515875 54.8364647179842 23.498483642935753
leaf_count=153578 208 1376 1144 367 449 3197 1851 112 173 594 344 11008 359 146
internal_value=-0.00134675 0.0694389 -0.0482817 0.0364686 0.0209515 -0.0117635 -0.0185955 0.048648 0.0299261 0.0603412 0.0113122 0.0750673 0.00845258 0.017521
internal_weight=8476.92 3377.82 5099.1 503.45 233.351 333.226 261.221 270.099 117.524 152.575 78.6156 2874.37 162.322 107.485
internal_count=174906 15136 159770 2752 1321 6192 5048 1431 725 706 517 12384 954 595
is_linear=0
shrinkage=0.05


Tree=19
num_leaves=15
num_cat=0
split_feature=41 41 41 41 14 27 22 46 32 53 37 53 39 11
split_gain=10515.5 241.144 186.647 37.5644 26.304 29.102 23.0793 15.7792 13.7682 19.9056 14.7927 13.7148 11.6994 17.6072
threshold=0.062202911823987968 0.84367874264717113 0.0027919613057747488 0.21973256021738055 0.10555555671453477 0.95488464832305919 0.38751390576362615 0.9816129505634309 0.74598884582519542 0.93039232492446911 -0.026157117448747155 0.99161928892135631 0.10555555671453477 0.50911861658096325
decision_type=2 2 2 2 2 2 2 2 2 2 2 2 2 2
left_child=2 3 -1 8 -5 -6 7 -4 -2 -10 -11 -7 13 -9
right_child=1 -3 6 4 5 11 -8 12 9 10 -12 -13 -14 -15
leaf_value=-0.050681732556114745 0.038281755084899324 0.074025439251262495 -0.0054290745899959296 0.059467919000488229 0.043342313269563802 0.021886068195745619 0.014789090433826044 -0.023159838104674129 0.031879104898354924 -0.017854150254555209 0.021202848277166422 -0.01806844736289975 -0.03606929135518231 0.043781792352769071
leaf_weight=4544.2187250535935 59.070934303104877 2647.432304635644 142.01182500272989 238.55237601697445 170.84700904786587 37.173031225800514 60.686685670167208 16.148488830775026 50.905021153390408 60.794770047068596 27.193262726068497 29.744576916098595 105.17800730839372 5.7637149170041075
leaf_count=153578 367 11696 2381 1007 750 165 873 318 339 482 188 142 2526 94
internal_value=-0.00132882 0.0671611 -0.0480477 0.0395216 0.0471576 0.0329048 -0.0113297 -0.0175388 0.0197648 0.00984747 -0.00485138 0.00408631 -0.0296872 0.00265005
internal_weight=8195.72 3321.71 4874.01 674.281 476.317 237.765 329.789 269.102 197.964 138.893 87.988 66.9176 127.09 21.9122
internal_count=174906 15136 159770 3440 2064 1057 6192 5319 1376 1009 670 307 2938 412
is_linear=0
shrinkage=0.05


Tree=20
num_leaves=15
num_cat=0
split_feature=41 41 41 47 45 14 20 20 27 53 46 39 37 22
split_gain=9800.51 242.825 187.365 34.7798 33.5967 25.4076 22.1955 20.609 18.1326 17.1983 12.7946 9.81326 9.60747 9.39466
threshold=0.062202911823987968 0.84367874264717113 0.0027919613057747488 -0.61178082227706898 0.12699197977781299 0.10555555671453477 0.001367934048175812 0.25942897796630865 0.28320802748203283 0.95313054323196422 0.98305827379226696 0.41666667163372045 -0.70999413728713978 0.4555336087942124
decision_type=2 2 2 2 2 2 2 2 2 2 2 2 2 2
left_child=2 3 13 7 -5 -6 11 8 -2 -9 -8 12 -4 -1
right_child=1 -3 6 4 5 -7 10 9 -10 -11 -12 -13 -14 -15
leaf_value=-0.050761737969680379 -0.013092514328737989 0.072082874275353759 0.018648040243939679 -0.0040760429464035677 0.062282865373259527 0.033913259860806302 -0.0098042098883114187 0.028508242608501745 0.034600389679241866 -0.019344841331290111 -0.037626487434553386 0.035516058575011347 -0.0088654521530122394 -0.014968833970863519
leaf_weight=4304.1290092822164 17.472281143069267 2584.6984155625105 33.675943583250046 29.996168658137321 209.49123867601156 204.70300130546093 104.82088383287191 18.589035369455814 151.82640534639359 45.081757202744484 71.037081778049469 10.488788671791552 106.34365483373404 28.58293217420578
leaf_count=152671 100 11696 483 223 890 886 1921 108 875 358 1870 157 1761 907
internal_value=-0.00131425 0.0650429 -0.0478112 0.0375136 0.0457711 0.049392 -0.0108933 0.0205337 0.0292226 -0.0034006 -0.0224627 0.00318184 -0.00144627 -0.0505606
internal_weight=7920.94 3261.86 4659.08 677.16 444.19 414.194 326.366 232.969 169.299 63.6708 175.858 150.508 140.02 4332.71
internal_count=174906 15136 159770 3440 1999 1776 6192 1441 975 466 3791 2401 2244 153578
is_linear=0
shrinkage=0.05


Tree=21
num_leaves=15
num_cat=0
split_feature=41 41 41 40 53 28 40 41 45 28 46 7 27 11
split_gain=9143.67 293.127 135.867 35.0664 43.788 32.1769 21.7596 18.5547 17.5013 13.3951 11.9246 10.769 10.576 9.86081
threshold=0.037007870152592666 0.67655843496322643 0.0027919613057747488 0.58540308475494396 0.98992282152175914 0.050641026347875602 0.37021076679229742 0.925937980413437 0.17383895069360736 0.73375529050827037 0.98467591404914867 0.97530490159988414 0.84028983116149913 0.49941451847553259
decision_type=2 2 2 2 2 2 2 2 2 2 2 2 2 2
left_child=2 3 -1 5 8 -2 13 -3 -5 -6 -8 -11 -10 -4
right_child=1 7 6 4 9 -7 10 -9 12 11 -12 -13 -14 -15
leaf_value=-0.050441588250149688 -0.018934243958236965 0.052959177025091689 -0.00051927170912933367 -0.011557342347071337 0.020115823705962682 0.042742244614233357 -0.0092090748273262035 0.07108627923631218 0.0046837788632016304 -0.02572111565229207 -0.033693601890320231 0.015986992315811546 0.045312939986231628 0.03999587216806616
leaf_weight=4131.0677455905825 17.148446656763554 315.35615007579327 54.468650739639997 15.883122619241474 19.843262355774641 313.76629624515772 116.3234725818038 2367.7315309792757 22.039392527192831 73.3065798394382 93.423021581023932 11.870612896978853 89.691583644598722 10.6050603762269
leaf_count=153578 104 1376 907 157 149 1760 2109 11008 120 595 2329 69 486 159
internal_value=-0.00130307 0.0622589 -0.0481759 0.0287681 0.0130875 0.0390844 -0.0135432 0.0691603 0.0317427 -0.0103701 -0.0211517 -0.0188395 0.0383418 0.0105315
internal_weight=7652.52 3246.64 4405.89 563.549 232.635 330.915 274.82 2683.09 127.614 105.02 209.746 85.1772 111.731 65.0737
internal_count=174906 15824 159082 3440 1576 1864 5504 12384 763 813 4438 664 606 1066
is_linear=0
shrinkage=0.05


Tree=22
num_leaves=15
num_cat=0
split_feature=41 41 41 40 53 27 45 40 41 45 47 14 53 36
split_gain=8537.79 340.715 89.3969 37.4734 42.347 33.3666 22.9428 22.5304 19.7943 16.786 14.663 10.5654 11.7703 11.0569
threshold=0.023447452113032344 0.67655843496322643 0.0027919613057747488 0.58540308475494396 0.98963469266891491 0.13446328043937686 0.12699197977781299 0.34192179143428808 0.925937980413437 0.12699197977781299 -0.61178082227706898 0.11805555596947671 0.92304357886314403 -0.22856511175632474
decision_type=2 2 2 2 2 2 2 2 2 2 2 2 2 2
left_child=2 3 -1 5 6 -2 -5 -4 -3 -7 -6 12 -8 -13
right_child=1 8 7 4 10 9 11 -9 -10 -11 -12 13 -14 -15
leaf_value=-0.050323922463820461 -0.013106010179884265 0.051129050922821342 0.012044869274623084 -0.019479055844566794 -0.025243459905122445 -0.0028694842090958603 0.058322712147263867 -0.024768261173378728 0.069480686750274898 0.042617884430571212 0.0087079432671446234 0.032906576910295422 0.0090969611573710439 -0.0085519577962576889
leaf_weight=3938.5736089255661 27.81852388009429 310.7867531478405 46.785219963639975 15.693764116615055 67.736613631248474 20.321249648928642 50.404936667531729 177.48426904156804 2303.1919654905796 317.72158286720514 47.067408241331577 22.749131344258785 20.468048792332411 25.229471620172262
leaf_count=153578 184 1376 780 185 752 186 281 4036 11008 1905 229 127 141 138
internal_value=-0.00129004 0.0596194 -0.0485682 0.025583 0.0100661 0.0356093 0.028199 -0.0169023 0.067502 0.0398796 -0.0117416 0.0355178 0.0469891 0.0133908
internal_weight=7392.03 3229.19 4162.84 615.211 249.349 365.861 134.545 224.269 2613.98 338.043 114.804 118.852 70.873 47.9786
internal_count=174906 16512 158394 4128 1853 2275 872 4816 12384 2091 981 687 422 265
is_linear=0
shrinkage=0.05


Tree=23
num_leaves=15
num_cat=0
split_feature=41 41 41 41 20 40 46 22 15 40 37 41 6 39
split_gain=7980.73 249.114 187.622 32.1004 20.0183 12.0745 11.7359 11.0216 10.5965 20.8257 15.3532 19.4473 9.75256 9.06696
threshold=0.062202911823987968 0.84367874264717113 0.0027919613057747488 0.21973256021738055 0.001367934048175812 0.45058663189411169 0.98305827379226696 0.4555336087942124 1.0000000180025095e-35 0.58540308475494396 -0.040860863402485841 0.67655843496322643 0.11852502077817918 0.41666667163372045
decision_type=2 2 2 2 2 2 2 2 2 2 2 2 2 2
left_child=2 3 7 5 13 -2 -6 -1 9 12 11 -11 -5 -4
right_child=1 -3 4 8 6 -7 -8 -9 -10 10 -12 -13 -14 -15
leaf_value=-0.050439275607617309 0.034110877070620042 0.067226292519254036 -0.0011343400344318586 0.011130028649374039 -0.0091837282054350444 0.0070046135378322386 -0.036417462286348033 -0.011805938466438485 0.0572723502889542 -0.013487522682326072 0.035318997092972378 0.027759195117595267 0.047859141836910493 0.034226825767183104
leaf_weight=3729.3362324945629 49.554330728948116 2382.9850896596909 138.99280526489019 27.642169818282127 103.25810884311795 157.33331122249365 65.486956045031548 25.642374897375703 85.801234632730484 55.74752976000309 68.566417813301086 40.960854843258858 196.23790143430233 10.751177642494438
leaf_count=152671 279 11696 2244 120 1921 1097 1870 907 371 267 301 174 831 157
internal_value=-0.00127642 0.0595656 -0.047087 0.0322073 -0.0098875 0.0147706 -0.0211988 -0.0502075 0.0393414 0.0340521 0.0188433 0.00494676 0.043994 0.00338816
internal_weight=7138.3 3064.83 4073.47 681.844 318.489 206.888 168.745 3754.98 474.956 389.155 165.275 96.7084 223.88 149.744
internal_count=174906 15136 159770 3440 6192 1376 3791 153578 2064 1693 742 441 951 2401
is_linear=0
shrinkage=0.05


Tree=24
num_leaves=15
num_cat=0
split_feature=41 41 41 40 53 28 40 41 45 26 52 46 46 11
split_gain=7469.77 334.156 91.9011 30.4088 37.6064 30.3935 26.386 22.5111 20.4861 19.48 18.1709 13.3479 10.5555 10.1847
threshold=0.023447452113032344 0.67655843496322643 0.0015194400912150743 0.58540308475494396 0.98992282152175914 0.050641026347875602 0.34298066794872289 0.925937980413437 0.108081191778183 3.1984648704528813 0.99325484037399303 0.5931081771850587 0.91212856769561779 0.49941451847553259
decision_type=2 2 2 2 2 2 2 2 2 2 2 2 2 2
left_child=2 3 -1 5 8 -2 13 -3 -5 10 -7 -6 -10 -4
right_child=1 7 6 4 11 9 -8 -9 12 -11 -12 -13 -14 -15
leaf_value=-0.050329901939898163 -0.021231640518332592 0.047706800108688413 -0.0025195804170097293 -0.020042744230891713 0.010459442844951664 0.024145609252131339 -0.0272844632469572 0.066673443345203573 0.037719116191963852 0.010676778792264134 0.053039973099815466 -0.023169565807249166 -0.0036664040573962 0.039256426118275838
leaf_weight=3530.2703686840832 18.996516741812229 300.58416956663132 51.905128369107842 14.734575565904377 38.156012833118439 125.99150782078505 206.47040456905961 2171.1543454825878 106.20309799909592 73.840625282377005 152.99919422715902 74.335524007678032 15.83019809424877 9.7348031438887102
leaf_count=151514 125 1376 1182 178 164 762 5511 11008 512 496 892 808 191 187
internal_value=-0.00125718 0.0563335 -0.0481751 0.0230568 0.00903455 0.031974 -0.0190124 0.0645685 0.025841 0.0353448 0.0412784 -0.0118403 0.0324795 0.00863684
internal_weight=6891.21 3092.83 3798.38 621.087 249.259 371.828 268.11 2471.74 136.768 352.831 278.991 112.492 122.033 61.6399
internal_count=174906 16512 158394 4128 1853 2275 6880 12384 881 2150 1654 972 703 1369
is_linear=0
shrinkage=0.05


Tree=25
num_leaves=15
num_cat=0
split_feature=42 46 53 46 42 46 49 47 44 53 40 44 27 44
split_gain=6185.58 681.794 191.95 110.855 105.147 72.4967 30.1975 23.4558 22.9806 19.8396 29.3112 21.4942 20.5834 21.2603
threshold=6.5000000000000009 0.46716181933879858 0.44686762988567358 0.98467591404914867 8.5000000000000018 0.96052497625350963 2.5000000000000004 -0.083846259862184511 0.90095564723014843 0.79007393121719371 0.58540308475494396 0.93985751271247875 0.13446328043937686 0.98681822419166576
decision_type=2 2 2 2 2 2 2 2 2 2 2 2 2 2
left_child=1 2 -1 9 5 6 -2 -4 -9 11 12 -3 -11 -14
right_child=4 3 7 -5 -6 -7 -8 8 -10 10 -12 -13 13 -15
leaf_value=-0.0252512362937347 -0.027537303665355492 -0.013786696002133156 0.043407005747954704 -0.031848277974266342 -0.050229764206321428 -0.033876364044007075 0.034789859707865183 0.015891843302436835 0.0650368849170644 -0.023196404794817334 -0.0097044272892958736 0.038107586785606794 -0.013705415111844602 0.028705022754994071
leaf_weight=58.743616821244359 17.78837713971734 18.344861313700676 235.40385254658759 156.39614989235997 3178.7600156031549 182.0420285128057 66.33960322663188 31.658986032009125 2209.6392242014408 18.808107895776629 133.65748213231564 118.73504281230271 28.370923891663551 197.21448666602373
leaf_count=1319 730 383 1049 5480 142546 6924 436 148 11505 168 1296 983 511 1428
internal_value=-0.00124191 0.048652 0.0604754 0.00377889 -0.0476958 -0.0167109 0.0200857 0.0626021 0.0644164 0.014996 0.00865827 0.0306976 0.0186874 0.0230159
internal_weight=6651.9 3206.97 2535.45 671.527 3444.93 266.17 84.128 2476.7 2241.3 515.131 378.051 137.08 244.394 225.585
internal_count=174906 24270 14021 10249 150636 8090 1166 12702 11653 4769 3403 1366 2107 1939
is_linear=0
shrinkage=0.05


Tree=26
num_leaves=15
num_cat=0
split_feature=41 41 41 41 40 14 27 40 27 44 53 35 45 37
split_gain=6551.49 330.678 95.4004 45.3684 25.8584 22.4807 24.2516 18.5094 14.4293 16.1209 13.8024 20.4991 18.2813 11.1986
threshold=0.023447452113032344 0.84367874264717113 0.0015194400912150743 0.21973256021738055 0.34298066794872289 0.10555555671453477 0.95488464832305919 0.45368735492229467 0.13446328043937686 0.99460479617118847 0.9928281605243684 0.25833334028720861 0.12699197977781299 -0.84475931525230397
decision_type=2 2 2 2 2 2 2 2 2 2 2 2 2 2
left_child=2 3 -1 7 -4 13 -7 8 -2 -10 12 -12 -9 -5
right_child=1 -3 4 5 -6 6 -8 10 9 -11 11 -13 -14 -15
leaf_value=-0.050126512588383111 -0.013668073510534881 0.063425506797407757 0.0098269206467744424 0.0072219714629225265 -0.026064062503618923 0.031832512632861534 -0.0030517551663695299 -0.022485409122962749 -0.0015216173026907202 0.047774407324721331 0.018343664710499342 -0.02578953459410745 0.021329021464704064 0.049270507993097373
leaf_weight=3211.4390434976667 12.601852379739283 2172.7601801753044 60.332383478060365 21.116075754165649 197.10316098667681 171.18493863195181 66.455036751925945 21.581699967384338 21.460180446505547 54.962207406759262 31.086531236767769 68.24703386053443 100.46085999161005 211.3990857899189
leaf_count=151514 102 11696 1369 89 5511 750 307 266 180 396 255 772 781 918
internal_value=-0.00123564 0.0533991 -0.0477701 0.0250403 -0.0175998 0.0347126 0.022348 0.00976389 0.027738 0.0353573 0.00164934 -0.0115635 0.0124649 0.0459071
internal_weight=6422.19 2953.32 3468.87 780.556 257.436 470.155 237.64 310.4 89.0242 76.4224 221.376 99.3336 122.043 232.515
internal_count=174906 16512 158394 4816 6880 2064 1057 2752 678 576 2074 1027 1047 1007
is_linear=0
shrinkage=0.05


Tree=27
num_leaves=15
num_cat=0
split_feature=41 41 41 41 40 52 40 26 14 27 53 37 41 11
split_gain=6136.49 329.914 96.6192 41.6541 24.2251 21.7481 21.2843 27.5873 20.8255 22.0075 10.7079 10.193 9.48132 9.33395
threshold=0.023447452113032344 0.84367874264717113 0.0015194400912150743 0.21973256021738055 0.34298066794872289 0.99325484037399303 0.66355451941490184 3.1984648704528813 0.10555555671453477 0.95488464832305919 0.99161928892135631 -0.84475931525230397 0.0079612196423113363 0.49941451847553259
decision_type=2 2 2 2 2 2 2 2 2 2 2 2 2 2
left_child=2 3 -1 5 13 -2 7 -7 11 -10 -11 -5 -6 -4
right_child=1 -3 4 8 12 6 -8 -9 9 10 -12 -13 -14 -15
leaf_value=-0.050024430190974828 -0.0052522522436319044 0.06232527783741474 -0.0016873366713061489 0.0069806260532678834 -0.034743363108761062 0.04339558189197576 -0.0072467837403835198 -0.0074054352350265591 0.030310470108997407 0.013497972508498993 -0.021896955956197253 0.047176879239869435 -0.010868180285780122 0.038385183493871183
leaf_weight=3060.9128528665751 139.54363728687167 2102.520227342844 50.947914095595479 21.099977999925613 108.7479445990175 93.416384402662516 46.209950491786003 32.509385958313942 171.29102638363838 37.16690020263195 29.267600536346436 210.21541009843349 83.706691391766071 9.9091820083558542
leaf_count=151514 1287 11696 1182 89 3665 699 503 263 750 165 142 918 1846 187
internal_value=-0.00122139 0.0520253 -0.047561 0.0238494 -0.0170245 0.0092646 0.0206751 0.0307007 0.0331454 0.0212809 -0.00291993 0.0439515 -0.0254088 0.00933397
internal_weight=6197.47 2883.24 3314.22 780.72 253.312 311.679 172.136 125.926 469.041 237.726 66.4345 231.315 192.455 60.8571
internal_count=174906 16512 158394 4816 6880 2752 1465 962 2064 1057 307 1007 5511 1369
is_linear=0
shrinkage=0.05


Tree=28
num_leaves=15
num_cat=0
split_feature=41 41 41 41 40 40 53 39 52 26 35 35 41 11
split_gain=5749.52 329.158 97.7708 38.4738 22.9861 21.3877 28.2781 21.743 20.3548 20.0185 14.6231 9.46434 9.21914 8.68073
threshold=0.023447452113032344 0.84367874264717113 0.0015194400912150743 0.43254797160625463 0.34298066794872289 0.58540308475494396 0.92304357886314403 0.75000000000000011 0.99325484037399303 3.1984648704528813 0.89898991584777843 0.89898991584777843 0.0079612196423113363 0.49941451847553259
decision_type=2 2 2 2 2 2 2 2 2 2 2 2 2 2
left_child=2 3 -1 5 13 8 7 -7 11 -10 -5 -2 -6 -4
right_child=1 -3 4 10 12 6 -8 -9 9 -11 -12 -13 -14 -15
leaf_value=-0.049922758105833215 0.018382097177359235 0.061296783282065226 -0.0016188877585506436 0.047479752929066588 -0.034177806492083136 0.056802302544174482 -0.016250880108868503 0.0017552995965195847 0.041552338998380442 0.00058863075616255242 0.023214988942874715 -0.0070015386001419161 -0.010475772376343073 0.036807204774921325
leaf_weight=2917.4316741228104 62.070855613797903 2032.845134600997 50.871771762147546 152.18021450936794 105.27427324280143 19.174252603203058 106.80233524739742 48.315001644194126 124.5096122995019 38.694391805678606 162.19356714189053 66.826480895280838 82.895767826586962 10.23749561794102
leaf_count=151514 400 11696 1182 682 3665 121 1051 366 750 267 694 485 1846 187
internal_value=-0.00120667 0.0507094 -0.0473484 0.0227171 -0.0164558 0.0131533 -0.000752154 0.0227067 0.0212007 0.0324349 0.0360626 0.00566541 -0.0247917 0.00908941
internal_weight=5980.32 2813.61 3166.71 780.767 249.279 466.393 174.292 67.4893 292.101 163.204 314.374 128.897 188.17 61.1093
internal_count=174906 16512 158394 4816 6880 3440 1538 487 1902 1017 1376 885 5511 1369
is_linear=0
shrinkage=0.05


Tree=29
num_leaves=15
num_cat=0
split_feature=41 41 41 41 40 14 27 52 40 26 47 53 26 41
split_gain=5390.58 326.911 98.8547 36.4531 21.7909 18.2768 19.9417 18.0326 17.1207 22.2786 11.4891 9.83351 9.26399 8.95304
threshold=0.023447452113032344 0.84367874264717113 0.0015194400912150743 0.21973256021738055 0.34298066794872289 0.10555555671453477 0.95488464832305919 0.99325484037399303 0.66355451941490184 3.1984648704528813 -0.61178082227706898 0.99161928892135631 3.113268375396729 0.0079612196423113363
decision_type=2 2 2 2 2 2 2 2 2 2 2 2 2 2
left_child=2 3 -1 7 -4 10 12 -2 9 -9 -5 -8 -7 -6
right_child=1 -3 4 5 13 6 11 8 -10 -11 -12 -13 -14 -15
leaf_value=-0.049821230481767204 -0.0050884914507846185 0.060332292111502088 0.0088470411290180826 0.01221347296491211 -0.033608737911845661 0.037197388666141022 0.012283721946097488 0.038179964146876917 -0.006815661470417499 -0.0071936892042535287 0.045751767493638351 -0.021707331926300009 0.011496657545970502 -0.010094784171160564
leaf_weight=2780.6803343743086 139.0937132127583 1963.9838240742683 61.359362382441759 39.5702985227108 101.9580042026937 101.99535124003887 37.127265125513077 97.546104874461889 45.728467967361212 32.377431862056255 188.36241728067398 29.111681073904037 69.035926498472691 82.120674047619104
leaf_count=151514 1287 11696 1369 167 3665 445 165 699 503 263 840 142 305 1846
internal_value=-0.00118571 0.0494722 -0.0471314 0.0217079 -0.0158997 0.0304824 0.01943 0.00819955 0.0184293 0.0271667 0.0406874 -0.00354297 0.0280315 -0.0241794
internal_weight=5770.05 2743.93 3026.12 779.949 245.438 465.203 237.27 314.746 175.652 129.924 227.933 66.2389 171.031 184.079
internal_count=174906 16512 158394 4816 6880 2064 1057 2752 1465 962 1007 307 750 5511
is_linear=0
shrinkage=0.05


Tree=30
num_leaves=15
num_cat=0
split_feature=41 41 41 41 40 40 53 39 52 26 14 27 41 41
split_gain=5054.59 325.091 99.7408 33.8785 20.4205 17.8865 25.8602 19.9381 16.4123 15.7697 12.9591 16.165 8.68388 8.6112
threshold=0.023447452113032344 0.84367874264717113 0.0015194400912150743 0.43254797160625463 0.34298066794872289 0.58540308475494396 0.92304357886314403 0.75000000000000011 0.99325484037399303 3.1984648704528813 0.10555555671453477 0.95488464832305919 0.0079612196423113363 0.97576516866683971
decision_type=2 2 2 2 2 2 2 2 2 2 2 2 2 2
left_child=2 3 -1 5 -4 8 7 -7 -2 -10 -5 -12 -6 -3
right_child=1 13 4 10 12 6 -8 -9 9 -11 11 -13 -14 -15
leaf_value=-0.049719607786390355 0.0051231253232064582 0.047661094848451657 0.0084087883610449148 0.044308886431800837 -0.033036465603583164 0.053690090454202768 -0.015856130684262875 0.0013314017390061378 0.036929199468777582 0.00062817552187146512 0.030826100122559031 -0.0030275081903998954 -0.0097250797865392046 0.061696390632349274
leaf_weight=2650.3561049550772 129.00258441641927 342.43868154287338 61.838056851178408 147.99246892333031 98.7920962870121 19.640646446496248 105.74130325391889 48.398892730474472 128.44973703473806 38.611221570521593 114.29038417339325 46.894053801894188 81.37981941178441 1553.7074393033981
leaf_count=151514 885 2064 1369 682 3665 121 1051 366 750 267 493 201 1846 9632
internal_value=-0.00117055 0.0482733 -0.0469102 0.0207207 -0.0153911 0.0118569 -0.00090351 0.0213887 0.0191317 0.0290486 0.0333972 0.0213754 -0.0235723 0.059425
internal_weight=5567.53 2675.17 2892.37 779.021 242.01 469.844 173.781 68.0395 296.064 167.061 309.177 161.184 180.172 1896.15
internal_count=174906 16512 158394 4816 6880 3440 1538 487 1902 1017 1376 694 5511 11696
is_linear=0
shrinkage=0.05


Tree=31
num_leaves=15
num_cat=0
split_feature=42 46 44 42 46 46 47 22 49 26 28 40 53 9
split_gain=4229.18 519.564 145.119 102.39 73.9708 48.4183 27.5113 19.9024 18.1642 15.9042 17.0525 18.1396 19.2385 17.8165
threshold=6.5000000000000009 0.39213618636131292 0.78362423181533825 8.5000000000000018 0.98467591404914867 0.96052497625350963 -0.051536105573177331 0.59417229890823375 2.5000000000000004 3.1984648704528813 0.060153776779770858 0.67312461137771618 0.93039232492446911 1.4978661537170412
decision_type=2 2 2 2 2 2 2 2 2 2 2 2 2 2
left_child=1 2 -1 5 9 8 -4 -5 -2 10 -3 13 -13 -12
right_child=3 4 6 7 -6 -7 -8 -9 -10 -11 11 12 -14 -15
leaf_value=-0.013575547384866937 -0.023819517397840773 -0.029182940984981556 0.037597579244766588 -0.049915177271201337 -0.028065695218696032 -0.029916328935659695 0.059402106816921832 0.013509987889795218 0.027398091516766865 -0.0029325307082088184 0.030560353667786269 0.025600842466272429 -0.012474212931824947 -0.00061392349419245958
leaf_weight=71.863164553418756 14.15164954215288 10.766303636133669 231.92275503277779 2380.9858682788908 130.78066495619714 148.12396443635225 1758.2817489653826 8.6102989185601455 64.69029375910759 127.75512174144387 248.08288617245853 43.413219312205911 77.759570527821779 55.255806408822536
leaf_count=1364 730 103 1204 142241 5480 6924 11222 305 436 1274 2149 293 764 417
internal_value=-0.00114665 0.0420057 0.0545465 -0.0465835 0.00448788 -0.0137547 0.0570619 -0.0496313 0.0165585 0.0124072 0.0168742 0.018687 0.00207888 0.0250433
internal_weight=5372.44 2755.88 2062.07 2616.56 693.814 226.966 1990.2 2389.6 78.8419 563.033 435.278 424.511 121.173 303.339
internal_count=174906 24270 13790 150636 10480 8090 12426 142546 1166 5000 3726 3623 1057 2566
is_linear=0
shrinkage=0.05


Tree=32
num_leaves=15
num_cat=0
split_feature=41 41 41 41 22 14 27 40 26 53 37 45 23 40
split_gain=4456.73 346.439 73.3022 35.4423 23.8186 16.6107 16.7551 16.1381 16.6521 15.2794 15.6999 14.0206 13.2442 20.2903
threshold=0.015471091959625484 0.84367874264717113 0.00079143073526211094 0.21973256021738055 0.3144462406635285 0.10555555671453477 0.95488464832305919 0.44588141143321997 3.1984648704528813 0.99380230903625499 -0.51020008325576771 0.12699197977781299 0.45834042131900793 0.29267634451389318
decision_type=2 2 2 2 2 2 2 2 2 2 2 2 2 2
left_child=2 3 -1 7 12 -5 -7 -2 9 11 -11 -9 -4 -14
right_child=1 -3 4 5 -6 6 -8 8 -10 10 -12 -13 13 -15
leaf_value=-0.049850329541489879 0.021884902948373971 0.057776707002313556 -0.034400376686269774 0.037011176539512074 0.013104666939376106 0.024721116157774857 -0.0041982450398311806 -0.017040836391916784 -0.021608759979347306 0.020907065578739548 -0.020542112850897416 0.025943727183314665 0.036878070640131794 -0.020227179587701639
leaf_weight=2365.5574321635067 102.04302997887135 1765.0548656433821 142.75395928137004 222.02059894800186 39.629535919055343 169.57307563722134 65.847101867198944 16.078652020543814 61.346373122185469 23.710269320756197 64.621688008308411 89.850882727652788 11.428137639537452 47.842107689008117
leaf_count=148762 813 11696 5879 1007 927 750 307 211 658 192 819 747 309 1829
internal_value=-0.00113772 0.0453617 -0.0471519 0.0181029 -0.0198057 0.0271867 0.0167909 0.00606103 -0.000842253 0.0064525 -0.00842152 0.0185121 -0.026575 -0.00548221
internal_weight=5187.36 2580.15 2607.21 815.092 241.654 457.441 235.42 357.651 255.608 194.261 88.332 105.93 202.024 59.2702
internal_count=174906 17200 157706 5504 8944 2064 1057 3440 2627 1969 1011 958 8017 2138
is_linear=0
shrinkage=0.05


Tree=33
num_leaves=15
num_cat=0
split_feature=41 41 41 41 22 14 27 52 40 26 31 33 41 47
split_gain=4180.86 343.754 74.4639 32.5412 22.3634 15.401 15.2479 15.1657 14.0524 18.6915 13.3494 12.8579 11.3968 10.7902
threshold=0.015471091959625484 0.84367874264717113 0.00079143073526211094 0.21973256021738055 0.3144462406635285 0.10555555671453477 0.95488464832305919 0.99325484037399303 0.66355451941490184 3.1984648704528813 0.36461389064788824 0.88944444060325634 0.97576516866683971 -0.61178082227706898
decision_type=2 2 2 2 2 2 2 2 2 2 2 2 2 2
left_child=2 3 -1 7 10 13 -7 -2 9 -9 11 -4 -3 -5
right_child=1 12 4 5 -6 6 -8 8 -10 -11 -12 -13 -14 -15
leaf_value=-0.049762690935932531 -0.0056647151292298229 0.044270387967681228 -0.019062033612584559 0.0091068033933431915 0.012461944675400927 0.02357633768942673 -0.0040173294564072896 0.031193378724657328 -0.0074276880355672236 -0.0075218581346337757 -0.033930451123320882 0.023524047223495589 0.059523008624448398 0.04053849671498809
leaf_weight=2254.0688702035695 157.80123496800661 311.34054815769196 41.030752158723772 39.872227728366852 40.093326453119516 169.40632858127356 65.822790034115314 113.96056399121881 49.591217484325171 37.1559720300138 138.49895225744694 17.416854100301862 1389.8683690875769 180.52996534109116
leaf_count=148762 1614 2064 1608 167 927 750 307 873 600 353 5774 635 9632 840
internal_value=-0.00112352 0.0442601 -0.0469425 0.0172568 -0.019196 0.0259929 0.016006 0.00574987 0.0145672 0.0217982 -0.0259315 -0.00478898 0.0570066 0.0354943
internal_weight=5006.46 2515.35 2491.11 814.14 237.04 455.631 235.229 358.509 200.708 151.117 196.947 58.4476 1701.21 220.402
internal_count=174906 17200 157706 5504 8944 2064 1057 3440 1826 1226 8017 2243 11696 1007
is_linear=0
shrinkage=0.05


Tree=34
num_leaves=15
num_cat=0
split_feature=41 41 41 41 22 40 27 53 52 31 12 41 20 14
split_gain=3923.77 340.529 75.5497 30.3794 20.9989 17.5087 15.746 13.2644 14.6725 12.9092 12.4185 11.9636 11.3652 11.3565
threshold=0.015471091959625484 0.84367874264717113 0.00079143073526211094 0.43254797160625463 0.3144462406635285 0.43842598795890814 0.13446328043937686 0.99756461381912243 0.38020487129688268 0.36461389064788824 0.72474747896194469 0.97576516866683971 0.041668349876999862 0.10555555671453477
decision_type=2 2 2 2 2 2 2 2 2 2 2 2 2 2
left_child=2 3 -1 5 9 6 -2 8 -7 10 -4 -3 -8 -5
right_child=1 11 4 13 -6 7 12 -9 -10 -11 -12 -13 -14 -15
leaf_value=-0.049674734632814105 -0.012724872021855139 0.043318655363181247 -0.016565204341649015 0.039379801276427678 0.01185505821929757 -0.015573202909687398 0.042276422839489319 -0.012370691029011725 0.013025594763679467 -0.033351304202195786 0.027765361568539856 0.05887241986304155 0.0037107582015095809 0.017926895675032566
leaf_weight=2147.8555703079328 17.687986932694912 302.71222749352455 45.907208445481956 140.00590139627457 40.538737446069717 44.848379671573639 69.458119958639145 90.241558182984591 264.31785449758172 134.14376747235656 12.199242244474588 1336.4304252564907 27.863899022340775 158.33874879777431
leaf_count=148762 138 2064 1810 682 927 447 461 852 2005 5774 433 9632 225 694
internal_value=-0.00110349 0.0432044 -0.0467275 0.0164705 -0.0186087 0.00882181 0.025177 0.00361237 0.00851903 -0.025301 -0.00454794 0.0562801 0.0326094 0.0289449
internal_weight=4832.55 2451.91 2380.64 812.762 232.789 514.418 115.01 399.408 309.166 192.25 58.1065 1639.14 97.322 298.345
internal_count=174906 17200 157706 5504 8944 4128 824 3304 2452 8017 2243 11696 686 1376
is_linear=0
shrinkage=0.05


Tree=35
num_leaves=15
num_cat=0
split_feature=41 41 41 41 22 14 23 52 53 23 40 41 9 52
split_gain=3682.11 337.545 76.6134 28.8831 19.696 13.856 14.6062 13.1948 13.558 12.653 19.27 12.5561 12.4893 10.9625
threshold=0.015471091959625484 0.84367874264717113 0.00079143073526211094 0.21973256021738055 0.3144462406635285 0.10555555671453477 0.39175418019294744 0.99424701929092418 0.99767765402793895 0.45834042131900793 0.29267634451389318 0.97576516866683971 2.2499048709869389 0.96328669786453258
decision_type=2 2 2 2 2 2 2 2 2 2 2 2 2 2
left_child=2 3 -1 7 9 -5 13 -2 -9 -4 -11 -3 -8 -7
right_child=1 11 4 5 -6 6 12 8 -10 10 -12 -13 -14 -15
leaf_value=-0.049586247203669082 -0.0048509768561436975 0.042386248285552541 -0.032770264090412955 0.033127386171010416 0.011281614758711743 -0.016760162158550619 0.037701738509286375 0.020944693102810632 -0.0089541826917067212 0.036781964116202874 -0.019054831397254592 0.058261085424203288 -0.0036874032245312813 0.012007028236552517
leaf_weight=2046.6756318891421 173.60483555868268 294.33696077764034 130.40400949493051 216.22689913213253 40.966432571411133 37.049445755779743 72.546726748347282 143.60047911852598 44.000560257583857 11.450983971357344 45.853162894025445 1284.3549453020096 21.245093107223511 103.75401256233454
leaf_count=148762 1754 2064 5879 1007 927 173 317 1233 453 309 1829 9632 94 473
internal_value=-0.00108264 0.0421631 -0.0465067 0.0157068 -0.0180218 0.0240191 0.0146128 0.00496469 0.0138339 -0.0246643 -0.00408984 0.0555868 0.0288745 0.0038281
internal_weight=4666.07 2390.72 2275.35 812.028 228.675 450.822 234.595 361.206 187.601 187.708 57.3041 1578.69 93.7918 140.803
internal_count=174906 17200 157706 5504 8944 2064 1057 3440 1686 8017 2138 11696 411 646
is_linear=0
shrinkage=0.05


Tree=36
num_leaves=15
num_cat=0
split_feature=41 41 41 47 45 35 40 7 34 9 53 41 30 27
split_gain=3455.5 334.191 77.6226 27.4663 33.7331 19.89 19.3879 15.374 15.8634 27.796 17.3741 13.1705 12.8298 11.4998
threshold=0.015471091959625484 0.84367874264717113 0.00079143073526211094 -0.61178082227706898 0.12699197977781299 0.89898991584777843 0.34298066794872289 0.63714733719825756 0.63847666978836071 1.4978661537170412 0.89405748248100292 0.97576516866683971 0.56440424919128429 0.95488464832305919
decision_type=2 2 2 2 2 2 2 2 2 2 2 2 2 2
left_child=2 3 -1 7 -5 -6 -4 -2 9 -9 -10 -3 -12 -7
right_child=1 11 6 4 5 13 -8 8 10 -11 12 -13 -14 -15
leaf_value=-0.049497019292307279 0.021730260626092193 0.041471260022620339 0.0040861117608284279 -0.01398587560947373 0.039698347915495001 0.023038154659492285 -0.026818119503203005 0.037984475692888098 0.017038319293692272 -0.014140917517659536 0.014943172835350228 0.057685490677426288 -0.021961377247268637 -0.0028724107792983083
leaf_weight=1950.2975579975173 89.536667447537184 286.21786817908287 69.892662923783064 47.780329398810863 188.34800464659929 145.31389378011227 154.76725084614009 47.953633818775415 41.867570396512747 38.485486064106226 20.834562666714191 1233.6947390735149 134.60270392149687 56.305789332836866
leaf_count=148762 700 2064 2313 503 955 681 6631 293 295 274 176 9632 1372 255
internal_value=-0.00106122 0.0411496 -0.0462806 0.0149826 0.0233472 0.0281567 -0.0174393 0.00482021 -0.00107394 0.0157167 -0.00883323 0.0549232 -0.0164105 0.0160084
internal_weight=4505.9 2330.94 2174.96 811.029 437.748 389.968 224.66 373.281 283.744 86.4391 197.305 1519.91 155.437 201.62
internal_count=174906 17200 157706 5504 2394 1891 8944 3110 2410 567 1843 11696 1548 936
is_linear=0
shrinkage=0.05


Tree=37
num_leaves=15
num_cat=0
split_feature=41 41 41 41 22 40 26 41 27 31 12 53 35 52
split_gain=3244.49 329.375 78.5444 25.6162 18.4692 15.4448 15.0168 13.8035 13.3097 12.6934 11.6484 10.9614 11.7086 11.5681
threshold=0.015471091959625484 0.84367874264717113 0.00079143073526211094 0.43254797160625463 0.3144462406635285 0.43842598795890814 3.1984648704528813 0.97576516866683971 0.13446328043937686 0.36461389064788824 0.72474747896194469 0.99753600358963024 0.30952382087707525 0.14188668131828311
decision_type=2 2 2 2 2 2 2 2 2 2 2 2 2 2
left_child=2 3 -1 5 9 8 11 -3 -2 10 -4 13 -13 -7
right_child=1 7 4 -5 -6 6 -8 -9 -10 -11 -12 12 -14 -15
leaf_value=-0.049406845879203569 -0.012293287123024538 0.040572017042880409 -0.015165290104506665 0.026000095555379261 0.011340499256246118 -0.013696363390138411 -0.01481648716066898 0.057142461145571061 0.029308407290952704 -0.031915883416160723 0.027978135747499935 0.014214287812700829 -0.021135990007216481 0.017027438256708199
leaf_weight=1858.4995848797262 17.4709492623806 278.35645267367363 43.849283303134143 290.61412011086941 40.912454031407833 28.020421117544174 86.76990557461977 1184.4886541366577 99.660216201096773 124.1558997053653 12.134930235333739 29.840116281062365 49.447094220668077 206.63009652122855
leaf_count=148762 138 2064 1810 1376 927 280 785 9632 686 5774 433 187 543 1509
internal_value=-0.00103808 0.0401927 -0.0460474 0.0143395 -0.0168865 0.0074269 0.00254183 0.0542862 0.0226243 -0.0235566 -0.00299081 0.00764882 -0.00772982 0.0129487
internal_weight=4350.85 2271.3 2079.55 808.453 221.053 517.839 400.708 1462.85 117.131 180.14 55.9842 313.938 79.2872 234.651
internal_count=174906 17200 157706 5504 8944 4128 3304 11696 824 8017 2243 2519 730 1789
is_linear=0
shrinkage=0.05


Tree=38
num_leaves=15
num_cat=0
split_feature=41 41 41 41 40 41 35 53 9 45 44 36 14 23
split_gain=3045.91 341.872 62.0914 25.7949 20.501 14.4522 13.0667 27.2145 19.0747 16.7076 15.5565 14.2698 12.0747 13.1585
threshold=0.010853596031665804 0.84367874264717113 0.00054404258844442676 0.21973256021738055 0.33036506175994879 0.97576516866683971 0.30952382087707525 0.93039232492446911 1.8688347935676577 0.108081191778183 0.98826324939727794 -0.57141563296318043 0.10555555671453477 0.39175418019294744
decision_type=2 2 2 2 2 2 2 2 2 2 2 2 2 2
left_child=2 3 -1 6 -4 -3 8 9 10 -8 -2 -9 -5 -14
right_child=1 5 4 12 -6 -7 7 11 -10 -11 -12 -13 13 -15
leaf_value=-0.049552653757919285 -0.012970662699588232 0.03968707525375801 0.0025040780362006812 0.029861792532186023 -0.029846547591216785 0.056629151379268897 -0.016134774339045015 0.0012939981951045506 -0.011107144649081628 0.028395089938321263 0.036818478630790505 -0.026761278852839576 0.0024057708665918224 0.026150060913238599
leaf_weight=1745.5585963390768 14.002527724951504 270.75277119874954 69.058355759829283 210.68833224475384 146.97821485437453 1136.7631695717573 20.967609014362097 80.289757741615176 38.478503597900271 72.63270328566432 72.925948593765497 91.51412533223629 140.03059884905815 92.89866129308939
leaf_count=146698 138 2064 2847 1007 7473 9632 317 825 393 600 580 1275 646 411
internal_value=-0.00102175 0.0387108 -0.0463989 0.0131358 -0.0198521 0.0536731 0.00361845 -0.00273455 0.0162726 0.0178253 0.0282876 -0.0143001 0.0212556 0.0125623
internal_weight=4203.54 2241.94 1961.6 834.429 216.037 1407.52 390.811 265.404 125.407 93.6003 86.9285 171.804 443.618 232.929
internal_count=174906 17888 157018 6192 10320 11696 4128 3017 1111 917 718 2100 2064 1057
is_linear=0
shrinkage=0.05


Tree=39
num_leaves=15
num_cat=0
split_feature=41 41 41 47 45 22 14 53 35 30 41 23 40 27
split_gain=2861.87 351.136 47.002 26.711 32.3603 19.4717 19.4176 16.6364 26.9191 20.3061 15.1136 11.2471 16.7391 10.2839
threshold=0.0079612196423113363 0.84367874264717113 0.00054404258844442676 -0.61178082227706898 0.12699197977781299 0.3144462406635285 0.10555555671453477 0.92304357886314403 0.30952382087707525 0.57294833660125744 0.97576516866683971 0.39849889278411871 0.28211076557636267 0.95488464832305919
decision_type=2 2 2 2 2 2 2 2 2 2 2 2 2 2
left_child=2 3 -1 7 -5 11 -6 -2 -9 -10 -3 -4 -13 -8
right_child=1 10 5 4 6 -7 13 8 9 -11 -12 12 -14 -15
leaf_value=-0.049471240412137241 0.02129855616734877 0.038815176647516644 -0.036919222199016555 -0.013824575597842753 0.037010046303740066 0.013857456304821662 0.020405942913162819 0.015980498787507725 0.007518295852959234 -0.023566511459648817 0.056142955237051276 0.027116000664739903 -0.023296047926648605 -0.0039256955555253808
leaf_weight=1663.1070717386901 85.474053159356117 263.40573813766241 103.99156920518726 53.719402050599456 184.95560360699892 27.22732116188854 145.54132202081382 118.47529989480972 75.335411939769983 138.16389595717192 1090.5339630544186 14.840887600556014 40.690142029896379 56.285562131553888
leaf_count=146698 698 2064 6109 671 990 754 713 1009 754 1788 9632 602 2167 257
internal_value=-0.00100361 0.0373034 -0.046762 0.0120797 0.0205286 -0.0213464 0.025528 0.00289258 -0.00233067 -0.0127523 0.0530812 -0.027818 -0.00774129 0.0137553
internal_weight=4061.75 2211.89 1849.86 857.951 440.502 186.75 386.782 417.449 331.975 213.499 1353.94 159.523 55.531 201.827
internal_count=174906 18576 156330 6880 2631 9632 1960 4249 3551 2542 11696 8878 2769 970
is_linear=0
shrinkage=0.05


Tree=40
num_leaves=15
num_cat=0
split_feature=41 41 41 41 22 45 40 26 27 23 40 39 44 52
split_gain=2688.27 345.98 47.8424 36.374 18.3897 14.7806 13.701 12.8572 11.1209 10.993 15.6774 10.283 9.63439 9.57717
threshold=0.0079612196423113363 0.925937980413437 0.00054404258844442676 0.43254797160625463 0.3144462406635285 0.4495414942502976 0.43842598795890814 3.1984648704528813 0.13446328043937686 0.39849889278411871 0.28211076557636267 0.11805555596947671 0.99460479617118847 0.14188668131828311
decision_type=2 2 2 2 2 2 2 2 2 2 2 2 2 2
left_child=2 3 -1 6 9 -5 8 13 -2 -4 -11 -7 -10 -8
right_child=1 -3 4 5 -6 11 7 -9 12 10 -12 -13 -14 -15
leaf_value=-0.04938878647727514 -0.011098438919973586 0.054004430554602856 -0.036421587353394611 -0.013293287003847376 0.013226242472742407 -0.0064354864474331685 -0.015754633631030215 -0.014525442459038064 0.00012271114984047186 0.025908049544928244 -0.022774051241877261 0.029580759162567666 0.031524480386995034 0.008580119324302915
leaf_weight=1584.587898151949 21.371368799358606 1211.0176479071379 100.37071352731436 17.717556610703468 27.56870976369828 17.586776480078697 37.244542613625526 94.880814446136355 32.449651001021266 15.212747119367121 39.793856433592737 339.34012733399868 89.76286187954247 295.92928755283356
leaf_count=146698 202 11008 6109 86 754 92 426 1059 316 602 2167 1886 774 2727
internal_value=-0.000983844 0.0363989 -0.0465581 0.0135388 -0.0207508 0.0254462 0.00543148 0.000815307 0.0182442 -0.0272146 -0.00739609 0.0276791 0.0238267 0.00547999
internal_weight=3924.83 2157.3 1767.53 946.283 182.946 374.644 571.639 428.055 143.584 155.377 55.0066 356.927 122.213 333.174
internal_count=174906 18576 156330 7568 9632 2064 5504 4212 1292 8878 2769 1978 1090 3153
is_linear=0
shrinkage=0.05


Tree=41
num_leaves=15
num_cat=0
split_feature=41 41 41 41 22 45 53 35 45 36 9 15 32 31
split_gain=2523.03 341.522 48.6442 33.7079 17.3598 13.7776 13.1544 27.0296 19.0573 18.2836 18.0478 15.0259 12.2982 10.7575
threshold=0.0079612196423113363 0.925937980413437 0.00054404258844442676 0.43254797160625463 0.3144462406635285 0.59144136309623729 0.91617321968078624 0.30952382087707525 0.108081191778183 -0.56662163138389576 1.4978661537170412 1.0000000180025095e-35 0.85445719957351696 0.32466214895248419
decision_type=2 2 2 2 2 2 2 2 2 2 2 2 2 2
left_child=2 3 -1 6 13 -5 8 10 -2 -9 12 -10 -8 -4
right_child=1 -3 4 5 -6 -7 7 9 11 -11 -12 -13 -14 -15
leaf_value=-0.049305093288509842 -0.014123219306701901 0.053496185101421324 -0.0037737681529051402 -0.0044914477463031113 0.012627358861121242 0.027478798928989703 0.038284755780748803 0.0042798202741497742 0.01052574839198387 -0.022200204207143377 -0.0059690990567056786 0.044112244806666534 -0.003525707995062593 -0.03425826467106604
leaf_weight=1509.8179162591696 35.709040220826864 1162.716020449996 41.721210710704327 34.470147430896759 27.89807718526572 335.94693471491337 68.417822359129786 116.46216574124992 100.50258703902364 130.56248144246638 53.013864329084754 47.634968815371394 20.626226328313351 109.70788189675659
leaf_count=146698 531 11008 2144 168 754 1896 470 1146 687 1641 482 365 182 6734
internal_value=-0.000975319 0.0354626 -0.0463482 0.0129074 -0.0201641 0.0244639 0.00514434 -0.000153323 0.0157855 -0.0100351 0.0165601 0.0234323 0.0292216 -0.0266133
internal_weight=3795.21 2106.06 1689.15 943.346 179.327 370.417 572.929 389.083 183.847 247.025 142.058 148.138 89.044 151.429
internal_count=174906 18576 156330 7568 9632 2064 5504 3921 1583 2787 1134 1052 652 8878
is_linear=0
shrinkage=0.05


Tree=42
num_leaves=15
num_cat=0
split_feature=42 46 51 46 22 47 45 37 23 9 37 27 53 8
split_gain=2142.45 397.383 108.237 52.0267 47.3201 26.7233 16.101 14.8503 22.3322 33.7727 13.2929 13.0873 12.8285 13.3469
threshold=7.5000000000000009 0.27338738739490515 1.0000000180025095e-35 0.98533344268798839 0.35805861651897436 -0.026383729651570317 0.12699197977781299 -1.0000000180025095e-35 0.058148177340626724 1.4978661537170412 -0.3733521550893783 0.14415584504604342 0.99623009562492382 1.0000000180025095e-35
decision_type=2 2 2 2 2 2 2 2 2 2 2 2 2 2
left_child=1 2 6 7 -2 11 -1 8 9 -3 -11 -4 13 -10
right_child=4 3 5 -5 -6 -7 -8 -9 12 10 -12 -13 -14 -15
leaf_value=-0.024264644087092439 -0.048104570765002193 0.030190761580421395 -0.010196537645280708 -0.023625333524495543 0.018048065536648034 0.053878333911163229 0.017068751426072951 0.022072887907373925 -0.0058193108669120216 -0.020035731552179591 0.026609212734660256 0.034147957822864887 -0.017340669367364749 0.018928091953584927
leaf_weight=49.474595870822668 1467.621600956656 142.31339003145695 13.865612752735613 139.88973146863282 22.753431148827076 1083.9415741041303 30.066740708425641 153.7101780436933 140.06697352789342 59.30681695882231 10.357388801872728 177.56049492955208 102.97156532108784 75.968149094842374
leaf_count=1382 145507 1129 99 8342 1084 10653 178 1143 1658 557 97 1300 976 801
internal_value=-0.000958845 0.0305828 0.0471401 0.00313788 -0.0469811 0.0506479 -0.00847922 0.00886724 0.00470709 0.0169005 -0.0106311 0.0305892 -0.00366277 0.00333544
internal_weight=3669.87 2179.49 1354.91 824.584 1490.38 1275.37 79.5413 684.694 530.984 211.978 69.6642 191.426 319.007 216.035
internal_count=174906 28315 13612 14703 146591 12052 1560 6361 5218 1783 654 1399 3435 2459
is_linear=0
shrinkage=0.05


Tree=43
num_leaves=15
num_cat=0
split_feature=41 41 41 47 45 15 40 53 35 4 22 23 9 32
split_gain=2230.81 327.904 50.7267 28.8129 30.5578 17.5981 16.9661 13.2209 21.5389 17.7793 12.3016 17.8247 12.1624 15.9517
threshold=0.0079612196423113363 0.925937980413437 0.00054404258844442676 -0.61178082227706898 0.12699197977781299 1.0000000180025095e-35 0.34298066794872289 0.92304357886314403 0.30952382087707525 0.52272728085517894 0.3144462406635285 0.39849889278411871 1.4978661537170412 0.85445719957351696
decision_type=2 2 2 2 2 2 2 2 2 2 2 2 2 2
left_child=2 3 -1 7 -5 -6 10 -2 12 -10 11 -4 13 -9
right_child=1 -3 6 4 5 -7 -8 8 9 -11 -12 -13 -14 -15
leaf_value=-0.049138045335849478 0.018272944477259214 0.052538004065963331 -0.030395822382610394 -0.013747875879247954 0.018509780465805523 0.044503647846600186 -0.030084581739417405 0.036048221332015337 -0.00097208945625869108 -0.030372075448144815 0.030480258145493551 0.022358495718113207 -0.0059004760019703596 -0.012730400374377664
leaf_weight=1374.315888944082 87.681764084845781 1071.6649732962251 31.452302195131779 54.373522162437439 380.87690628319979 80.341360265389085 107.48450685478747 57.757694104686379 137.36135634966195 72.861186785623431 15.471169753931461 17.120020614936948 46.28303805552423 16.593970423564315
leaf_count=146698 698 11008 1842 687 2144 488 6679 404 1517 1025 387 724 446 159
internal_value=-0.000937292 0.0337812 -0.0459135 0.0119342 0.0197312 0.0238861 -0.0187944 0.00209296 -0.00260525 -0.0120783 0.00165786 -0.0111591 0.0135637 0.0249431
internal_weight=3551.64 2005.8 1545.84 934.131 515.592 461.218 171.528 418.539 330.857 210.223 64.0435 48.5723 120.635 74.3517
internal_count=174906 18576 156330 7568 3319 2632 9632 4249 3551 2542 2953 2566 1009 563
is_linear=0
shrinkage=0.05


Tree=44
num_leaves=15
num_cat=0
split_feature=41 41 41 41 40 28 45 22 11 8 40 7 53 26
split_gain=2094.2 322.042 51.4579 26.9267 16.2806 12.4823 11.8595 11.119 16.7185 13.1499 11.0549 12.1219 15.8961 20.6666
threshold=0.0079612196423113363 0.925937980413437 0.00054404258844442676 0.43254797160625463 0.33036506175994879 0.054424287751317031 0.59144136309623729 0.39911504089832311 0.39941260218620306 1.7005987167358401 0.43842598795890814 0.44529914855957037 0.99398282170295726 2.9700856208801274
decision_type=2 2 2 2 2 2 2 2 2 2 2 2 2 2
left_child=2 3 -1 10 7 -5 -7 8 -4 -9 -2 -12 13 -13
right_child=1 -3 4 5 -6 6 -8 9 -10 -11 11 12 -14 -15
leaf_value=-0.049049602851455848 0.015920171561457985 0.052075271539014534 -0.030006007246189355 -0.015169100150974796 -0.028974264583546579 -0.0036997447987863401 0.026914368664791855 0.051194745639044137 0.021664347997051383 -0.017448139820556863 0.024042761410695529 0.041870157110473601 -0.014208028422760886 -0.0001504319667087771
leaf_weight=1309.6057987529784 145.96380097419024 1028.315619058907 28.37521812133491 15.083299852907656 108.40038603264838 32.598363518714905 310.72492398321629 9.4845818076282722 17.364886137656868 4.7161391228437415 38.136218603700399 24.127526961266994 158.9509662501514 204.68549791350961
leaf_count=146698 1292 11008 1710 81 6871 160 1823 256 722 73 255 197 1875 1885
internal_value=-0.000920798 0.0329176 -0.0456835 0.0114121 -0.0182149 0.0219703 0.0239851 0.00260355 -0.0100223 0.0306081 0.00453107 0.000352138 -0.00252368 0.00584821
internal_weight=3436.53 1958.59 1477.95 930.271 168.341 358.407 343.323 59.9408 45.7401 14.2007 571.864 425.9 387.764 228.813
internal_count=174906 18576 156330 7568 9632 2064 1983 2761 2432 329 5504 4212 3957 2082
is_linear=0
shrinkage=0.05


Tree=45
num_leaves=15
num_cat=0
split_feature=41 41 41 47 52 19 53 35 30 28 23 9 37 35
split_gain=1967.23 326.339 39.6086 26.5137 27.4994 18.8072 12.7793 20.4382 17.8054 12.1018 11.4843 10.9983 15.4286 9.43028
threshold=0.0059441470075398692 0.925937980413437 0.00025756390823517 -0.61178082227706898 0.47127565741539007 1.0000000180025095e-35 0.92304357886314403 0.30952382087707525 0.57294833660125744 0.054424287751317031 0.39849889278411871 1.4978661537170412 -0.62736025452613819 0.47222222387790685
decision_type=2 2 2 2 2 2 2 2 2 2 2 2 2 2
left_child=2 3 -1 6 -5 10 13 11 -9 -6 -4 12 -8 -2
right_child=1 -3 5 4 9 -7 7 8 -10 -11 -12 -13 -14 -15
leaf_value=-0.049519196417821529 -0.0060980494286757368 0.05162445661085268 -0.037558533379849379 -0.0035185678027991642 -0.012993282892693345 0.014147752593741438 0.042330398128127618 0.0059485542134606658 -0.022663699806875558 0.025887641295201533 -0.0083069443372117673 -0.0055053450347412472 0.00018740746783831651 0.026384929966302997
leaf_weight=1199.2845867276192 27.372543374076486 986.57577491551638 112.30692643579096 112.23516439087689 15.291876811534165 23.472400852479041 37.288714839145541 80.921117568388581 136.63898252882063 385.32379782013595 55.775843784213066 50.134668169543147 40.328323261812329 64.102853283286095
leaf_count=141194 233 11008 9676 985 89 834 248 899 1981 2367 3938 519 383 552
internal_value=-0.000899432 0.0316244 -0.046079 0.010525 0.0181223 -0.0231525 0.00139862 -0.00310266 -0.0122277 0.0241232 -0.0288633 0.0121967 0.0229542 0.0170218
internal_weight=3327.05 1936.21 1390.84 949.638 512.851 191.555 436.787 345.312 217.56 400.616 168.083 127.752 77.617 91.4754
internal_count=174906 19264 155642 8256 3441 14448 4815 4030 2880 2456 13614 1150 631 785
is_linear=0
shrinkage=0.05


Tree=46
num_leaves=15
num_cat=0
split_feature=41 41 41 41 32 28 23 40 40 26 37 53 52 7
split_gain=1847.37 319.6 40.4028 24.39 17.8306 13.7496 11.2082 13.2899 10.9923 12.1643 12.6254 16.001 11.7919 11.7635
threshold=0.0059441470075398692 0.925937980413437 0.00025756390823517 0.21973256021738055 1.0000000180025095e-35 0.054424287751317031 0.39849889278411871 0.32609099149703985 0.37204407155513769 3.1984648704528813 -0.63281443715095509 0.93039232492446911 0.38020487129688268 0.44529914855957037
decision_type=2 2 2 2 2 2 2 2 2 2 2 2 2 2
left_child=2 3 -1 8 -4 -5 -6 -8 -2 10 -10 12 -12 -13
right_child=1 -3 4 5 6 -7 7 -9 9 -11 11 13 -14 -15
leaf_value=-0.049453317207648284 0.018854114186845013 0.05118407031148034 0.013524964510099597 -0.017707849866016541 -0.037087439380045453 0.019157622171103943 0.019853058128729083 -0.023679249343136116 0.0239773787500412 -0.018006548646871026 -0.016566563443960073 0.017892531616048171 0.023296605865026382 -0.016340124159409938
leaf_weight=1142.2895973576233 65.193794775754213 946.41485212743282 23.778074225410819 19.101720504462719 108.27647169679403 486.30857702344656 18.955508753657341 36.377209190279245 47.261301131919026 81.386600164696574 16.467760013416409 21.531945476308465 68.032464042305946 140.66546784155071
leaf_count=141194 678 11008 834 99 9676 2653 1194 2744 405 1199 258 193 623 2148
internal_value=-0.00088637 0.0307895 -0.04586 0.0100629 -0.0225599 0.0174478 -0.0282813 -0.00801011 0.0013913 -0.00205238 0.00281183 -0.00201909 0.0145969 -0.0110205
internal_weight=3222.04 1892.36 1329.68 945.95 187.387 505.41 163.609 55.3327 440.539 375.346 293.959 246.698 84.5002 162.197
internal_count=174906 19264 155642 8256 14448 2752 13614 3938 5504 4826 3627 3222 881 2341
is_linear=0
shrinkage=0.05


Tree=47
num_leaves=15
num_cat=0
split_feature=41 41 41 41 22 31 45 45 53 52 40 27 27 20
split_gain=1734.23 313.041 41.1692 22.9782 17.1357 11.0214 10.7308 10.644 9.98519 16.673 13.7478 12.4596 12.7782 11.4982
threshold=0.0059441470075398692 0.925937980413437 0.00025756390823517 0.43254797160625463 0.3144462406635285 0.32466214895248419 0.59144136309623729 0.98950767517089855 0.79007393121719371 0.90432646870613109 0.58540308475494396 0.42761905491352087 0.95713412761688244 0.087176505476236357
decision_type=2 2 2 2 2 2 2 2 2 2 2 2 2 2
left_child=2 3 -1 8 5 -4 -5 -8 9 -2 11 -10 13 -13
right_child=1 -3 4 6 -6 -7 7 -9 10 -11 -12 12 -14 -15
leaf_value=-0.049386293822052729 -0.011352596235310406 0.050752715617625337 -0.0056121316162263497 -0.0056487507680379433 0.013253535814856516 -0.035607471348484812 0.031750339656353294 0.012334607129864093 -0.011042635419271354 0.022554731914971222 -0.01377211160426099 0.033742733867158474 -0.001565320293635934 0.0025160770577134194
leaf_weight=1088.0305285919458 42.920028990134597 907.79931148141623 46.435060425661504 34.007255777716637 23.902642991393805 113.03730700630695 152.48956616967916 161.96135614067316 78.052625045180321 121.9714086484164 126.96909567154944 68.144332237541676 106.33933526463807 50.109028046950698
leaf_count=141194 545 11008 3536 168 819 10093 958 938 789 977 1693 676 944 568
internal_value=-0.000875002 0.029953 -0.0456343 0.00960649 -0.0219699 -0.02772 0.0196162 0.0224384 0.00351204 0.0135844 -0.000574942 0.00522509 0.0111083 0.0217386
internal_weight=3122.17 1850.76 1271.41 942.964 183.375 159.472 348.458 314.451 594.506 164.891 429.614 302.645 224.593 118.253
internal_count=174906 19264 155642 8256 14448 13629 2064 1896 6192 1522 4670 2977 2188 1244
is_linear=0
shrinkage=0.05


Tree=48
num_leaves=15
num_cat=0
split_feature=42 46 44 19 46 47 52 11 14 47 7 42 9 2
split_gain=1481.84 315.363 87.4433 41.7101 39.5451 15.1746 15.6255 14.6054 12.3194 11.8944 10.7644 10.4367 9.65983 9.34458
threshold=7.5000000000000009 0.11012570559978486 0.93985751271247875 1.0000000180025095e-35 0.98533344268798839 -0.61178082227706898 0.38020487129688268 0.66381144523620617 0.10555555671453477 -0.02376481797546148 0.63714733719825756 9.5000000000000018 2.8029010295867924 0.41062030196189886
decision_type=2 2 2 2 2 2 2 2 2 2 2 2 2 2
left_child=1 2 -1 7 5 10 -7 -2 -8 -4 -3 -9 13 -10
right_child=3 4 9 -5 -6 6 8 11 12 -11 -12 -13 -14 -15
leaf_value=-0.010772587210766439 -0.048426456495245421 0.015817423292253285 0.027231755892409004 0.012371912422452528 -0.0202095842190314 -0.0064535331203756209 0.029397048094182116 0.013318830375711172 0.026217583496936495 0.051850030019378213 -0.0029307344971592503 -0.029862657272837313 -0.014708930548021679 0.0025196816339130325
leaf_weight=60.402531064115465 1067.8514017648995 93.156257836148143 90.222974471747875 26.283709682524204 123.35462174471468 62.590674739331007 165.78153146244586 15.992704215925185 76.223980998620391 821.4240473434329 288.5432241987437 24.432892515789717 25.251510651782155 84.94386622402817
leaf_count=1251 141582 881 930 1681 8342 1012 1335 608 548 10431 2977 2720 157 451
internal_value=-0.000858742 0.0261961 0.0459042 -0.0458077 0.00509973 0.00922144 0.015726 -0.0472858 0.019737 0.0497355 0.00193188 -0.0135262 0.0100871 0.0146045
internal_weight=3026.46 1891.9 972.05 1134.56 919.846 796.491 414.792 1108.28 352.201 911.647 381.699 40.4256 186.419 161.168
internal_count=174906 28315 12612 146591 15703 7361 3503 144910 2491 11361 3858 3328 1156 999
is_linear=0
shrinkage=0.05


Tree=49
num_leaves=15
num_cat=0
split_feature=41 41 41 41 22 23 40 28 52 26 53 40 52 27
split_gain=1533.22 297.278 42.9411 19.8216 15.8621 11.4256 12.7416 9.93298 9.53716 9.33713 11.183 17.6879 14.0679 11.3015
threshold=0.0059441470075398692 0.925937980413437 0.00025756390823517 0.43254797160625463 0.3144462406635285 0.39849889278411871 0.32609099149703985 0.054424287751317031 0.0064675216563045987 2.9174053668975835 0.79007393121719371 0.58540308475494396 0.90432646870613109 0.42761905491352087
decision_type=2 2 2 2 2 2 2 2 2 2 2 2 2 2
left_child=2 3 -1 9 5 -4 -7 -5 -9 -2 12 13 -11 -12
right_child=1 -3 4 7 -6 6 -8 8 -10 10 11 -13 -14 -15
leaf_value=-0.04925226257841181 0.025995579927016035 0.04991758050026824 -0.035828628511200569 -0.014435567779468915 0.01292686863077239 0.020937121916435573 -0.022177767717596681 -0.010770151486033337 0.022265468060840048 -0.01088892260542579 -0.012227937603417578 -0.019155850619243117 0.020308385410678829 0.0093633031026106768
leaf_weight=989.85734183155 32.061667796224356 835.2716461494565 98.616839270107448 15.151912398636339 24.065523515455425 18.52472800668329 34.00237268442288 17.693536296486855 309.03892083466053 42.47128102555871 73.685158552601933 110.26422815397382 122.13956195861101 213.33778782375157
leaf_count=141194 337 11008 9691 81 819 1194 2744 98 1885 545 745 1483 971 2111
internal_value=-0.000838127 0.0284124 -0.0451677 0.00889357 -0.0206786 -0.0264995 -0.00605575 0.0183077 0.0202098 0.00326135 0.00153227 -0.00303442 0.0120965 0.00359529
internal_weight=2936.18 1771.12 1165.07 935.844 175.209 151.144 52.5271 341.884 326.732 593.96 561.898 397.287 164.611 287.023
internal_count=174906 19264 155642 8256 14448 13629 3938 2064 1983 6192 5855 4339 1516 2856
is_linear=0
shrinkage=0.05


Tree=50
num_leaves=15
num_cat=0
split_feature=41 41 41 41 7 19 15 53 9 40 37 23 37 9
split_gain=1439.19 310.98 22.4705 20.0161 16.3271 14.8984 14.2714 21.3506 18.274 20.9104 15.0502 13.6783 12.4554 18.2487
threshold=0.0027919613057747488 0.925937980413437 0.10982540994882585 0.00025756390823517 0.46720430254936224 1.0000000180025095e-35 1.0000000180025095e-35 0.99607086181640636 1.4978661537170412 0.67312461137771618 -0.2903179377317428 0.57516866922378551 -0.62977883219718922 2.6020033359527592
decision_type=2 2 2 2 2 2 2 2 2 2 2 2 2 2
left_child=3 2 4 -1 11 -5 8 -8 9 -4 -10 -2 13 -6
right_child=1 -3 6 5 12 -7 7 -9 10 -11 -12 -13 -14 -15
leaf_value=-0.04918097741139222 -0.003175317907047415 0.049505675693414651 0.0227109755751356 -0.029996696505064438 0.025108724225463161 0.0181322404897649 0.039013802786105917 -0.014332889042940888 -0.02360609199529182 -0.0021914587679127454 0.0084450530622934526 0.04695332847799618 -0.011374069369530166 -0.022357927691591624
leaf_weight=942.92632014071569 23.4738400131464 801.06063719838858 259.85370449349284 109.63957568770275 53.769036075100303 11.809777257964013 86.952333278954029 17.743238396942616 56.886154755949974 120.20239054784179 72.744022823870182 18.91875031683594 251.91524167731404 20.681137351319194
leaf_count=141194 426 11008 1374 11781 728 603 509 114 294 740 409 253 5083 390
internal_value=-0.000829567 0.0265789 0.00758775 -0.0465937 -0.00214466 -0.0242932 0.01337 0.0295115 0.00955031 0.0149807 -0.00630339 0.0238878 -0.00613574 0.0108371
internal_weight=2848.58 1784.2 983.14 1064.38 368.758 121.449 614.382 104.696 509.686 380.056 129.63 42.3926 326.365 74.4502
internal_count=174906 21328 10320 153578 6880 12384 3440 623 2817 2114 703 679 6201 1118
is_linear=0
shrinkage=0.05


Tree=51
num_leaves=15
num_cat=0
split_feature=41 41 22 41 7 11 15 9 40 53 22 11 46 9
split_gain=1352.53 302.408 21.6881 20.8906 13.5552 16.3212 12.8664 12.7852 17.0822 12.3785 19.4838 11.9879 11.0246 10.4423
threshold=0.0027919613057747488 0.925937980413437 0.3144462406635285 0.21973256021738055 0.46720430254936224 0.57373782992362987 1.0000000180025095e-35 1.4978661537170412 0.67312461137771618 0.99380230903625499 0.53879600763320934 0.36376661062240606 0.025320024229586128 1.8688347935676577
decision_type=2 2 2 2 2 2 2 2 2 2 2 2 2 2
left_child=2 3 -1 4 5 -2 7 8 -5 -6 -11 -9 -3 -12
right_child=1 12 -4 6 9 -7 -8 11 -10 10 13 -13 -14 -15
leaf_value=-0.047409857705392432 -0.0079583936466653162 0.051327192323566917 0.0041793429610165389 0.023663855915158082 0.0041379172086720437 0.040258637651347962 0.032554161746152221 -0.024184024641800691 -0.00059999500342492547 -0.022411831249764078 0.025714056948026788 0.0081051528412100834 0.025627926369537032 -0.012848034755327998
leaf_weight=997.52595020318404 25.422410850413144 690.76470473408699 19.208207488525659 203.4406600445509 244.29198260698467 31.817154816351831 74.449387915432453 36.417525209486485 109.14576531201601 133.31975463591516 33.728089280426502 66.70653860270977 77.475483663380146 21.383753918111324
leaf_count=152069 416 10028 1509 1109 3443 327 442 180 646 2875 242 375 980 265
internal_value=-0.000808559 0.0258199 -0.046404 0.00726239 -7.4037e-05 0.0208448 0.0144507 0.0105201 0.0154357 -0.00324946 -0.0125527 -0.00442739 0.0490981 0.0110764
internal_weight=2765.1 1748.36 1016.73 980.123 489.963 57.2396 490.16 415.71 312.586 432.724 188.432 103.124 768.24 55.1118
internal_count=174906 21328 153578 10320 7568 743 2752 2310 1755 6825 3382 555 11008 507
is_linear=0
shrinkage=0.05


Tree=52
num_leaves=15
num_cat=0
split_feature=41 41 41 41 22 26 53 40 52 15 6 41 40 41
split_gain=1271.22 293.818 21.7641 19.4766 13.7997 12.9373 11.3992 18.7303 14.9978 15.549 11.8149 12.6081 12.4929 11.3571
threshold=0.0027919613057747488 0.925937980413437 0.00025756390823517 0.67655843496322643 0.3144462406635285 2.9174053668975835 0.79007393121719371 0.58540308475494396 0.23107945173978808 1.0000000180025095e-35 0.11852502077817918 0.023447452113032344 0.34192179143428808 0.97576516866683971
decision_type=2 2 2 2 2 2 2 2 2 2 2 2 2 2
left_child=2 3 -1 5 -4 -2 8 10 -7 -10 -8 12 -12 -3
right_child=1 13 4 -5 -6 6 7 -9 9 -11 11 -13 -14 -15
leaf_value=-0.049036376827880181 0.027400094904649754 0.028516396370299846 -0.028514850486008977 0.020787579494226577 0.017750730653960611 -0.014128932150196555 -0.020605822685357315 -0.016685569499904358 0.0058505469186689966 0.0361741435845742 0.017366714652017234 0.012611509980258825 -0.019231579344953505 0.051558328831482286
leaf_weight=857.53525204397738 42.228456560522318 105.04079394042492 101.76026626070961 192.70131316781044 11.924438862130044 41.005974000319839 34.792161421850324 151.44551349803805 125.34040552005172 57.852542885579169 24.7208441644907 240.86033767834306 65.745488517917693 631.92989511042833
leaf_count=141194 462 1376 11795 1376 589 587 398 1870 1065 582 422 1408 2150 9632
internal_value=-0.000778304 0.0250867 -0.0462062 0.00695618 -0.0226192 0.0033375 0.00162137 -0.00247701 0.0107843 0.0168035 0.00368774 0.00676774 -0.00849756 0.0486999
internal_weight=2684.88 1713.66 971.22 976.693 113.685 783.992 741.763 517.564 224.199 183.193 366.119 331.327 90.4663 736.971
internal_count=174906 21328 153578 10320 12384 8944 8482 6248 2234 1647 4378 3980 2572 11008
is_linear=0
shrinkage=0.05


Tree=53
num_leaves=15
num_cat=0
split_feature=41 41 41 41 22 7 41 23 4 8 45 47 9 46
split_gain=1194.78 285.367 22.3014 18.216 13.1352 12.2449 11.7084 11.0295 10.4609 26.6385 9.30176 12.9954 9.73376 8.9913
threshold=0.0027919613057747488 0.925937980413437 0.00025756390823517 0.43254797160625463 0.3144462406635285 0.46720430254936224 0.97576516866683971 0.28287054598331457 0.94444444775581371 1.2424533367156985 0.59144136309623729 -0.22730863839387891 1.2424533367156985 0.9816129505634309
decision_type=2 2 2 2 2 2 2 2 2 2 2 2 2 2
left_child=2 3 -1 5 -4 7 -3 -2 13 -10 -5 12 -12 -7
right_child=1 6 4 10 -6 8 -8 -9 9 -11 11 -13 -14 -15
leaf_value=-0.048959464789313401 -0.016270308832113327 0.027827898905537815 -0.027936559243281697 -0.0072765215151246567 0.017105370823766893 -0.00049493793915415135 0.051270408755068934 0.026565530570059281 0.051194305671062812 -0.0083129498913732565 0.015771306305951058 0.028147587895641698 -0.010243685932307281 -0.018128172516934972
leaf_weight=816.97762679634616 11.5666197668761 102.5685970261693 98.952363448217511 33.340436436235905 12.127641024067996 425.13634697906673 604.45581641048193 66.091346557252109 21.88363522477448 40.266958082094789 91.826277434825897 158.796482026577 47.151369124650955 77.255944358184934
leaf_count=141194 201 1376 11795 168 589 4020 9632 625 129 441 469 1195 232 2840
internal_value=-0.000753743 0.024362 -0.0460032 0.00665513 -0.0220123 0.00166781 0.0483051 0.0190572 -0.00101431 0.0168314 0.0159956 0.0187531 0.00684997 -0.00350738
internal_weight=2608.4 1680.34 928.058 973.315 111.08 642.201 707.024 77.658 564.543 62.1506 331.115 297.774 138.978 502.392
internal_count=174906 21328 153578 10320 12384 8256 11008 826 7430 570 2064 1896 701 6860
is_linear=0
shrinkage=0.05


Tree=54
num_leaves=15
num_cat=0
split_feature=41 41 41 47 52 22 41 14 7 12 27 53 23 37
split_gain=1123.17 276.669 22.8207 16.7426 21.4601 12.4945 12.0533 11.7889 11.65 10.6573 14.1403 9.88984 8.92219 8.44228
threshold=0.0027919613057747488 0.925937980413437 0.00025756390823517 -0.61178082227706898 0.23107945173978808 0.3144462406635285 0.97576516866683971 0.10555555671453477 0.64760348200798046 0.21583850681781772 0.89009663462638866 0.94832393527030956 0.34615947306156164 -0.1092117317020893
decision_type=2 2 2 2 2 2 2 2 2 2 2 2 2 2
left_child=2 3 -1 8 12 13 -3 -6 -2 10 -10 -11 -5 -4
right_child=1 6 5 4 7 -7 -8 -9 9 11 -12 -13 -14 -15
leaf_value=-0.048880333855196301 0.012316579212414561 0.027145862263406859 -0.033558353224887878 -0.017416486222260059 0.027133977097584513 0.01648459434365146 0.050988556952802903 0.0094193413200933489 0.035066239520761149 0.0051562105248904797 -0.0024026648468537695 -0.017826677504790184 0.012119580682334756 0.0030937225787063495
leaf_weight=778.37569197174162 122.53880304750055 100.20046217739582 79.139181417878717 65.89478656463325 176.74960473272949 12.326558742672203 578.12844065576792 223.11628140415996 22.210079464130104 59.538468377664685 110.38527161255479 158.8314884249121 30.062223078683019 17.135993660893291
leaf_count=141194 1594 1376 9980 734 1321 589 9632 1440 276 602 1213 2822 318 1815
internal_value=-0.000726169 0.0236645 -0.0457932 0.00638019 0.0127056 -0.0214109 0.0479121 0.0177206 -0.000369147 -0.00501685 0.00589248 -0.011609 -0.00789266 -0.0273574
internal_weight=2534.63 1647.66 886.977 969.327 495.823 108.602 678.329 399.866 473.504 350.965 132.595 218.37 95.957 96.2752
internal_count=174906 21328 153578 10320 3813 12384 11008 2761 6507 4913 1489 3424 1052 11795
is_linear=0
shrinkage=0.05


Tree=55
num_leaves=15
num_cat=0
split_feature=41 41 41 41 41 26 7 14 35 22 11 4 42 34
split_gain=1055.65 268.191 23.3058 15.7575 12.3906 11.9755 12.279 16.1812 15.443 11.8825 11.0827 9.11647 12.5305 10.8069
threshold=0.0027919613057747488 0.925937980413437 0.00025756390823517 0.67655843496322643 0.97576516866683971 2.9174053668975835 0.38935969769954687 0.080128207802772536 0.84523808956146251 0.3144462406635285 0.47659900784492498 0.52272728085517894 5.5000000000000009 0.61298426985740673
decision_type=2 2 2 2 2 2 2 2 2 2 2 2 2 2
left_child=2 3 -1 5 -3 -2 10 8 -8 -4 -7 12 -9 -13
right_child=1 4 9 -5 -6 6 7 11 -10 -11 -12 13 -14 -15
leaf_value=-0.048798822483817152 0.025972317855381795 0.026470544649100008 -0.026787521751245616 0.018805160626113267 0.050711959664426723 -0.012574329071352853 0.0034681877596410638 0.0046910760808027852 0.045970070207629506 0.015887460256007103 0.032952823323065747 0.014522267038628989 -0.020587157542154511 -0.028185524012903137
leaf_weight=741.63614109018818 42.484549389220774 97.932395234704018 93.758939241990447 185.87184542417526 552.91003113612533 12.083954387344418 371.73139720130712 150.10817311890423 12.859611511230467 12.521178966388105 41.292037528008223 11.375632579438387 60.982144340872765 77.520035336725414
leaf_count=141194 462 1376 11795 1376 9632 200 4455 1352 80 589 305 169 1237 684
internal_value=-0.000698998 0.0229668 -0.0455762 0.00611203 0.0475201 0.00288932 0.00123094 -0.000708118 0.00601832 -0.0208259 0.022288 -0.00924757 -0.00321245 -0.0218045
internal_weight=2465.07 1617.15 847.916 966.309 650.842 780.438 737.953 684.577 384.591 106.28 53.376 299.986 211.09 88.8957
internal_count=174906 21328 153578 10320 11008 8944 8482 7977 4535 12384 505 3442 2589 853
is_linear=0
shrinkage=0.05


Tree=56
num_leaves=15
num_cat=0
split_feature=41 41 41 41 41 15 9 40 22 37 40 26 6 30
split_gain=992.206 259.686 23.7859 14.98 12.719 12.0245 11.3494 15.7053 11.2882 11.2015 11.1928 12.6514 10.5026 10.9041
threshold=0.0027919613057747488 0.925937980413437 0.00025756390823517 0.21973256021738055 0.97576516866683971 1.0000000180025095e-35 1.4978661537170412 0.67312461137771618 0.3144462406635285 -0.14460213482379911 0.37204407155513769 3.1984648704528813 0.11852502077817918 0.7897985875606538
decision_type=2 2 2 2 2 2 2 2 2 2 2 2 2 2
left_child=2 3 -1 10 -3 6 7 -5 -4 -8 12 -12 -2 -14
right_child=1 4 8 5 -6 -7 9 -9 -10 -11 11 -13 13 -15
leaf_value=-0.048714761341041329 -0.01070630741811337 0.025802207923981482 -0.026208307773328256 0.021055243817200069 0.050439847742287408 0.029860025764124581 -0.019293741095811428 -0.0023834819811817259 0.015313055577239044 0.01141248120049543 0.00091440378991157099 -0.019735239668423558 0.037032177809075112 -0.002936238326973763
leaf_weight=706.66997013846412 23.501173961907625 95.76051065325737 91.32301471196115 197.32890900224447 528.76298547908664 71.094307787716389 55.900622449815273 106.20840682089329 12.711498438380657 45.155302725732327 312.47941680345684 86.936017167754471 41.790507232770324 23.391420266591012
leaf_count=141194 333 1376 11795 1109 9632 442 296 646 589 259 4699 1623 644 269
internal_value=-0.000666367 0.0222828 -0.0453514 0.0058646 0.0471282 0.0120815 0.00831265 0.0130395 -0.0202371 -0.00578097 -0.000315164 -0.00395241 0.014807 0.0242062
internal_weight=2399.01 1588.31 810.704 963.786 624.523 475.688 404.593 303.537 104.035 101.056 488.099 399.415 88.6831 65.1819
internal_count=174906 21328 153578 10320 11008 2752 2310 1755 12384 555 7568 6322 1246 913
is_linear=0
shrinkage=0.05


Tree=57
num_leaves=15
num_cat=0
split_feature=41 41 41 41 41 40 37 39 23 9 29 23 7 29
split_gain=932.126 251.525 24.2446 14.1699 13.0375 11.0185 10.2497 15.0974 14.157 24.8169 16.9105 12.838 14.634 10.631
threshold=0.0027919613057747488 0.925937980413437 0.00025756390823517 0.67655843496322643 0.97576516866683971 0.31423592567443853 -0.026157117448747155 0.75000000000000011 0.058148177340626724 1.2424533367156985 0.58571431040763866 0.7204732894897462 0.45534290373325353 0.73214286565780651
decision_type=2 2 2 2 2 2 2 2 2 2 2 2 2 2
left_child=2 3 -1 6 -3 -4 8 11 9 10 -2 -8 -13 -10
right_child=1 4 5 -5 -6 -7 7 -9 13 -11 -12 12 -14 -15
leaf_value=-0.048627989019295804 -0.021733380383751364 0.025141132134710656 0.0013983653437909375 0.017766268385324659 0.050171472558641309 -0.031163069629748685 0.034600295096723355 -0.0060912761666763078 0.00018703667965057138 -0.0077091979851194262 0.029520329864478972 0.026068703826401713 -0.018379743270655991 -0.017297424081107612
leaf_weight=673.39233315037563 11.243448754772542 93.681019894778728 39.116908563300967 182.49860560148954 505.64998030290008 62.780594278126955 70.956812747754157 68.75429305434227 206.57785248849541 117.56864448729903 109.56737709324807 24.723493125289679 29.822899436578155 139.84745996166021
leaf_count=141194 162 1376 4286 1376 9632 8098 712 585 2834 1211 851 150 395 2044
internal_value=-0.00064193 0.0215962 -0.0451189 0.00560718 0.0467358 -0.0196553 0.0025698 0.0122134 -0.000785035 0.0083925 0.0234535 0.0219507 0.0026843 -0.00715849
internal_weight=2336.18 1560.89 775.29 961.561 599.331 101.898 779.062 194.257 584.805 238.379 120.811 125.503 54.5464 346.425
internal_count=174906 21328 153578 10320 11008 12384 8944 1842 7102 2224 1013 1257 545 4878
is_linear=0
shrinkage=0.05


Tree=58
num_leaves=15
num_cat=0
split_feature=41 41 41 41 39 26 22 7 14 53 45 37 45 11
split_gain=875.829 243.439 26.4858 24.615 12.778 10.9456 10.7129 10.4947 14.4564 10.3496 13.6345 10.6145 10.1473 9.96835
threshold=0.0027919613057747488 0.97576516866683971 0.67655843496322643 0.00025756390823517 0.11805555596947671 2.9174053668975835 0.3144462406635285 0.38935969769954687 0.080128207802772536 0.79007393121719371 0.12699197977781299 -0.59531733393669117 0.4495414942502976 0.47659900784492498
decision_type=2 2 2 2 2 2 2 2 2 2 2 2 2 2
left_child=3 2 5 -1 -4 -2 -5 13 9 10 -9 -12 -6 -7
right_child=1 -3 4 6 12 7 -8 8 -10 -11 11 -13 -14 -15
leaf_value=-0.048538328178829387 0.024430564444746342 0.049906130108816803 -0.018216176688432974 -0.025197183348822913 -0.015497485479896024 -0.012545252113831585 0.015242070993645513 -0.010285640157298066 -0.0090340901169866303 -0.00032096528890948449 -0.0086173026056354275 0.032403433567419503 0.025003714367092353 0.030323781277515217
leaf_weight=641.72241592779756 42.869621218182147 483.53411474451423 13.06261322647333 87.324331135489047 9.9854248687624914 12.096995403058825 12.734386826865373 29.39896160364151 298.33212561346591 261.33882513269782 14.796299292705951 77.666317794471979 249.11171109229326 41.788420172408223
leaf_count=141194 462 9632 104 11795 78 200 589 508 3442 3276 117 634 2570 305
internal_value=-0.000623852 0.0209286 0.007245 -0.0448791 0.0203747 0.00245345 -0.0191332 0.000861781 -0.000941129 0.00542898 0.0168493 0.0256387 0.0229249 0.0202426
internal_weight=2275.76 1533.98 1050.45 741.781 272.16 778.288 100.059 735.418 681.533 383.2 121.862 92.4626 259.097 53.8854
internal_count=174906 21328 11696 153578 2752 8944 12384 8482 7977 4535 1259 751 2648 505
is_linear=0
shrinkage=0.05


Tree=59
num_leaves=15
num_cat=0
split_feature=41 41 41 41 39 40 26 45 47 7 14 35 11 7
split_gain=822.576 236.466 25.0327 24.3647 11.9997 10.6989 9.98171 9.58384 9.58458 9.56568 13.143 14.4931 9.20372 8.48582
threshold=0.0027919613057747488 0.97576516866683971 0.00025756390823517 0.67655843496322643 0.11805555596947671 0.31423592567443853 2.9174053668975835 0.4495414942502976 -0.22730863839387891 0.38935969769954687 0.080128207802772536 0.84523808956146251 0.47659900784492498 0.87138131260871898
decision_type=2 2 2 2 2 2 2 2 2 2 2 2 2 2
left_child=2 3 -1 6 -5 -4 -2 -6 -9 12 11 13 -8 -11
right_child=1 -3 5 4 7 -7 9 8 -10 10 -12 -13 -14 -15
leaf_value=-0.048445609242882159 0.023265759863427198 0.04964315300816597 0.0020739185422276201 -0.017588343844699334 -0.015056738798246615 -0.030271090453956696 -0.012257374743237253 -0.0011060939469866935 0.027897653068735585 -0.0046401183072236063 -0.0086316737329684579 0.044188481099931315 0.028924584438565288 0.010124005405074469
leaf_weight=611.58310862304643 43.255622849799693 462.37891424819827 38.486823322251439 13.205707892775534 10.054775953292845 59.619197509717196 11.999410359188913 31.80439243465662 212.82749748602509 187.41819568071514 297.12636743672192 12.490069056861101 42.095073012635112 183.2565917884931
leaf_count=141194 462 9632 4286 104 78 8098 200 197 2373 2486 3442 80 305 1969
internal_value=-0.000606028 0.0202712 -0.0446302 0.0069344 0.0196479 -0.0185641 0.00236082 0.0221702 0.0242315 0.000833503 -0.000893428 0.00517414 0.0193023 0.00273327
internal_weight=2217.6 1507.91 709.689 1045.53 267.892 98.106 777.641 254.687 244.632 734.386 680.291 383.165 54.0945 370.675
internal_count=174906 21328 153578 11696 2752 12384 8944 2648 2570 8482 7977 4535 505 4455
is_linear=0
shrinkage=0.05


Tree=60
num_leaves=15
num_cat=0
split_feature=41 41 41 41 39 40 53 20 26 48 23 27 27 45
split_gain=773.006 229.29 25.3577 22.366 11.271 10.2073 9.43162 17.8955 14.3214 12.2619 12.1581 11.8372 10.3441 9.05434
threshold=0.0027919613057747488 0.97576516866683971 0.00025756390823517 0.67655843496322643 0.11805555596947671 0.31423592567443853 0.99398282170295726 0.06571113690733911 2.9700856208801274 3.5000000000000004 0.40576195716857916 0.37416666746139532 0.12599206715822223 0.4495414942502976
decision_type=2 2 2 2 2 2 2 2 2 2 2 2 2 2
left_child=2 3 -1 6 -5 -4 8 12 -2 -10 -9 -11 -8 -6
right_child=1 -3 5 4 13 -7 7 10 9 11 -12 -13 -14 -15
leaf_value=-0.048349659997082989 0.031621661957270029 0.049381898247912018 0.0019883330100873074 -0.016983872272859322 -0.014628890225039083 -0.029740494593388261 -0.025333307292950809 -0.023411061370147299 -0.0012511446352732054 -0.015071437769120214 0.011131817107902137 0.025617439988465843 0.010002654893177108 0.023492839321737152
leaf_weight=582.90099871205166 42.137905707582831 442.14857962355018 38.564678007736802 13.344249822199343 10.122137784957884 57.871801553294063 13.80500399507582 116.34716870822012 315.02647672593594 15.209447052329777 25.499810958281159 80.911375383846462 168.06099199224263 240.20902976021171
leaf_count=141194 372 9632 4286 104 78 8098 197 1887 3403 135 284 826 1840 2570
internal_value=-0.000583299 0.0196417 -0.0443738 0.00665627 0.0189541 -0.0180575 0.00229516 -0.00414944 0.00688778 0.00366218 -0.0168771 0.0183656 0.00613982 0.0214487
internal_weight=2162.16 1482.82 679.337 1040.67 263.675 96.4365 776.998 323.713 453.285 411.147 141.847 96.1208 181.866 250.331
internal_count=174906 21328 153578 11696 2752 12384 8944 4208 4736 4364 2171 961 2037 2648
is_linear=0
shrinkage=0.05


Tree=61
num_leaves=15
num_cat=0
split_feature=41 41 41 41 39 40 6 46 37 39 23 27 14 23
split_gain=726.731 228.356 21.8583 16.1443 10.5721 9.18737 14.7897 14.194 11.2602 15.7725 12.3586 9.79212 9.61811 8.75005
threshold=0.0015194400912150743 0.97576516866683971 0.67655843496322643 0.00025756390823517 0.11805555596947671 0.37204407155513769 0.11852502077817918 0.98467591404914867 -0.026157117448747155 0.75000000000000011 0.73914408683776867 0.96178188920021068 0.10555555671453477 0.4018786102533341
decision_type=2 2 2 2 2 2 2 2 2 2 2 2 2 2
left_child=3 2 5 -1 -4 6 -2 8 12 10 -10 -8 -7 -5
right_child=1 -3 4 13 -6 7 11 -9 9 -11 -12 -13 -14 -15
leaf_value=-0.048250296480752977 -0.012390416792217992 0.049121749951961724 -0.016401783922500638 -0.028514738873874859 0.020724648476439511 0.0032762092786440371 0.033698610504187196 -0.022049526417793536 0.035809225469155902 -0.0062280614677126048 0.0018369425539038241 -0.0029727110415257376 -0.01145821650517999 0.0068537883598450006
leaf_weight=555.60611484898254 31.094511987641454 422.80795373022556 13.478359021246431 51.817464270163327 246.28625096008182 283.14592837495729 60.64122322620824 58.815951363649219 64.030616692267358 67.365593934431672 43.708436718210578 22.468534240499139 168.6555524431169 19.756429376080632
leaf_count=141194 527 9632 104 7690 2648 2672 1196 3403 512 538 333 322 1505 2630
internal_value=-0.00057754 0.0185094 0.00595026 -0.0452767 0.0182617 0.0017762 0.0142895 -0.000483275 0.00185449 0.0122515 0.0233537 0.0245301 -0.0023531 -0.0191086
internal_weight=2109.68 1482.5 1059.69 627.18 259.765 799.926 114.204 685.722 626.906 175.105 107.739 83.1098 451.801 71.5739
internal_count=174906 23392 13760 151514 2752 11008 2045 8963 5560 1383 845 1518 4177 10320
is_linear=0
shrinkage=0.05


Tree=62
num_leaves=15
num_cat=0
split_feature=41 41 41 41 26 39 53 23 14 35 7 34 34 6
split_gain=683.025 221.221 20.1279 16.4252 10.4129 9.91512 9.51943 10.7184 16.3576 11.2422 11.8863 11.0189 9.587 9.48127
threshold=0.0015194400912150743 0.97576516866683971 0.67655843496322643 0.00025756390823517 2.9174053668975835 0.11805555596947671 0.99876028299331676 0.36205685138702398 0.080128207802772536 0.84523808956146251 0.87138131260871898 0.98124927282333385 0.66856062412261974 0.78629976511001598
decision_type=2 2 2 2 2 2 2 2 2 2 2 2 2 2
left_child=3 2 4 -1 -2 -4 7 8 9 10 -6 -9 -10 -12
right_child=1 -3 5 -5 6 -7 -8 11 12 -11 13 -13 -14 -15
leaf_value=-0.048147331717200544 0.022860307910275643 0.048862108569695917 -0.01584114878764686 -0.018595044918011696 -0.0076299964081567298 0.020023927071735476 -0.016358874999735668 0.021018699936466569 0.0090800676753865009 0.039469008783554888 0.035769215228738084 -0.0013929328203100648 -0.020997963262408315 0.0049510524777695557
leaf_weight=529.63184847659431 44.229423451703042 404.32273321598768 13.608155757188795 70.274396325461566 160.10093086585402 242.60495160147548 68.287525624036789 113.98222966259345 27.042264410760254 11.124101307243107 22.000071835704148 96.250145546160638 122.16524945897982 134.4577169069089
leaf_count=141194 520 9632 104 10320 2573 2648 1136 1573 525 73 372 1239 1441 1556
internal_value=-0.000566106 0.0178908 0.00568369 -0.0450472 0.00169682 0.0175955 0.000175211 0.00202949 -0.00214246 0.00413321 0.00172087 0.0111607 -0.0153187 0.011173
internal_weight=2060.08 1460.18 1055.85 599.906 799.64 256.213 755.41 687.123 476.89 327.683 316.559 210.232 149.208 156.458
internal_count=174906 23392 13760 151514 11008 2752 10488 9352 6540 4574 4501 2812 1966 1928
is_linear=0
shrinkage=0.05


Tree=63
num_leaves=15
num_cat=0
split_feature=42 46 53 22 37 47 53 26 43 35 9 52 23 33
split_gain=605.54 179.986 60.9194 26.2026 21.986 15.031 11.9971 11.5831 9.53968 9.49133 19.6483 13.8218 10.2891 9.80268
threshold=8.5000000000000018 0.025320024229586128 0.93039232492446911 0.36808149516582495 -1.0000000180025095e-35 -0.98410016298294056 0.98698890209198009 2.9174053668975835 1.5000000000000002 0.30952382087707525 1.4978661537170412 0.98886916041374218 0.38503250479698187 0.70079231262207042
decision_type=2 2 2 2 2 2 2 2 2 2 2 2 2 2
left_child=1 2 -1 -2 5 6 -3 -7 -9 10 11 -10 -11 -12
right_child=3 4 -4 -5 -6 7 -8 8 9 12 13 -13 -14 -15
leaf_value=-0.011669666890167961 -0.046625480601222576 0.016868613017953414 0.047910915708073959 0.018792609752349858 0.017324990770128716 0.024254762461525144 -0.028180422298723657 0.014579229342749946 -0.0028281693893663367 -0.012284656381445096 -0.023580229590438699 0.027051851257984302 0.006326241972437985 0.016172943011290141
leaf_weight=43.906793851871043 534.97960674925707 11.484211140079422 409.69510968402028 10.719218876212834 237.64551885891706 46.615942020202056 61.578437005635351 94.16637201840058 59.712438081391156 246.0750891957432 54.538681193254888 91.577493822202086 97.334750441135839 12.645073565188794
leaf_count=869 141668 1232 10023 878 2852 453 5893 943 1619 4759 842 1152 1519 204
internal_value=-0.000536768 0.0162053 0.0420164 -0.0450254 0.00435418 0.000210635 -0.0199211 0.00255408 0.000671118 -0.00187393 0.00610618 0.0158144 -0.00697991 -0.0149721
internal_weight=2012.67 1466.98 453.602 545.699 1013.37 775.728 73.0626 702.666 656.05 561.884 218.474 151.29 343.41 67.1838
internal_count=174906 32360 10892 142546 21468 18616 7125 11491 11038 10095 3817 2771 6278 1046
is_linear=0
shrinkage=0.05


Tree=64
num_leaves=15
num_cat=0
split_feature=41 41 41 22 28 39 46 11 5 26 53 8 52 47
split_gain=606.461 211.499 19.0554 12.3903 9.94527 9.58189 14.8069 14.3355 13.2919 12.4563 9.11533 9.00217 8.75037 9.15139
threshold=0.00079143073526211094 0.97576516866683971 0.43254797160625463 0.36808149516582495 0.054424287751317031 0.13392857462167743 0.9816129505634309 0.39941260218620306 0.61250001192092907 3.1984648704528813 0.92304357886314403 1.4978661537170412 0.0064675216563045987 -0.22730863839387891
decision_type=2 2 2 2 2 2 2 2 2 2 2 2 2 2
left_child=3 2 5 -1 -4 7 9 8 -2 -7 -8 -10 -6 -14
right_child=1 -3 4 -5 12 6 10 -9 11 -11 -12 -13 13 -15
leaf_value=-0.046784337531648484 -0.021197720555123888 0.048345851476224132 -0.016497390727058771 0.0097077897110380926 -0.012407299540105428 0.0044133817466164831 0.0090664496817146924 0.033391668712203948 0.029731767866885941 -0.014682488683348949 -0.029800845287474259 -0.011240757479063323 0.0058096549119073465 0.02319602118891121
leaf_weight=520.38393635721877 34.02494200784713 370.02026195079088 18.029492374509573 6.6963977231644085 19.61553168669343 397.31988160358742 14.191449271980671 39.246211589314044 27.322051357943565 98.060786033980548 60.403019196819514 14.297424792312084 124.19498444348574 224.57196816056967
leaf_count=147793 1365 9632 130 969 149 3642 879 997 619 1207 4055 308 664 2497
internal_value=-0.00050963 0.0162912 0.00487473 -0.0458992 0.0135992 -0.000172649 -0.00287544 0.0123926 -0.00112908 0.00041762 -0.0222088 0.0162057 0.0154693 0.0173393
internal_weight=1968.38 1441.3 1071.28 527.08 386.412 684.866 569.975 114.891 75.6444 495.381 74.5945 41.6195 368.382 348.767
internal_count=174906 26144 16512 148762 3440 13072 9783 3289 2292 4849 4934 927 3310 3161
is_linear=0
shrinkage=0.05


Tree=65
num_leaves=15
num_cat=0
split_feature=41 41 41 22 28 39 46 11 5 9 37 9 45 47
split_gain=570.3 204.264 17.4384 12.2269 9.25243 8.77334 13.8534 12.8882 12.33 9.98215 9.97478 9.60027 8.53227 11.2191
threshold=0.00079143073526211094 0.97576516866683971 0.43254797160625463 0.36808149516582495 0.054424287751317031 0.13392857462167743 0.98533344268798839 0.39941260218620306 0.61250001192092907 2.6020033359527592 -0.52777707576751698 3.0677825212478642 0.59144136309623729 -0.22730863839387891
decision_type=2 2 2 2 2 2 2 2 2 2 2 2 2 2
left_child=3 2 5 -1 -4 7 -7 8 -2 10 -10 -9 -6 -14
right_child=1 -3 4 -5 12 6 -8 11 9 -11 -12 -13 13 -15
leaf_value=-0.046617861027554747 -0.020656287009215353 0.048084461135704887 -0.015893670570467085 0.009475794664672868 -0.0073945680387039791 9.3630268692588832e-05 -0.023674495999600906 0.0061003898861384919 0.042714110758643314 -0.011866965533427587 -0.012954352415016843 0.052855475292179877 0.0049708798011106449 0.024248324709768111
leaf_weight=496.76308625447564 33.447904441040009 353.89264640584588 18.155210122466087 6.7605166849680236 33.497733794152737 508.66585212666541 59.695839208550751 24.272738951724023 20.709485352504998 15.685565199237315 5.7064791708253351 15.901551522780208 125.86652038246393 205.16635948419571
leaf_count=147793 1365 9632 130 969 203 5306 4477 749 412 346 169 248 673 2434
internal_value=-0.000497109 0.0157297 0.00464937 -0.0456949 0.0130477 -0.00016908 -0.00276894 0.0118044 -0.00109903 0.0154209 0.0304334 0.0314527 0.014875 0.0172793
internal_weight=1924.19 1420.66 1066.77 503.524 382.686 684.085 568.362 115.724 75.5494 42.1015 26.416 40.1743 364.531 331.033
internal_count=174906 26144 16512 148762 3440 13072 9783 3289 2292 927 581 997 3310 3107
is_linear=0
shrinkage=0.05


Tree=66
num_leaves=15
num_cat=0
split_feature=41 41 41 40 47 27 7 37 15 45 39 28 40 53
split_gain=537.097 199.559 17.4354 12.1 11.1945 9.04858 8.72554 10.5556 8.17351 13.1403 7.64973 7.60315 10.2461 14.6962
threshold=0.00054404258844442676 0.97576516866683971 0.10982540994882585 0.34298066794872289 -0.26880212128162378 0.25320513546466833 0.38935969769954687 -0.20088510960340497 1.0000000180025095e-35 0.59144136309623729 0.11805555596947671 0.078689370304346098 0.58540308475494396 0.99561187624931347
decision_type=2 2 2 2 2 2 2 2 2 2 2 2 2 2
left_child=-1 2 3 5 11 -2 7 -5 9 -6 -11 -4 -13 -14
right_child=1 -3 4 6 8 -7 -8 -9 -10 10 -12 12 13 -15
leaf_value=-0.046295419918235575 -0.0092647049092123585 0.04782145192818843 -0.021999170248104074 -0.01970424092350713 -0.0070577241600164294 0.02180294228229801 -0.010279851726696272 0.033728655468298327 0.034278870728330732 -0.01326670392783898 0.020333745739259376 0.012337900523975232 0.0067941658053740014 -0.025111888212536484
leaf_weight=468.55003118375316 28.290188993792981 338.49177768081427 18.564657092094421 6.2981226397678283 64.263418674468994 60.214640869759023 311.69278530776501 16.175187896471471 44.422913044691086 11.757876895368097 191.57641864195466 185.03683834522963 89.105539567768574 47.388923119753599
leaf_count=146698 1063 9632 91 238 356 2243 9931 285 378 91 2271 869 454 306
internal_value=-0.000473975 0.0149359 0.00423365 -0.00362655 0.00930609 0.0119399 -0.0079765 0.0172976 0.0159977 0.0118373 0.01786 0.00288533 0.00494234 -0.00524119
internal_weight=1881.83 1413.28 1074.79 422.671 652.117 88.5048 334.166 22.4733 312.021 267.598 203.334 340.096 321.531 136.494
internal_count=174906 28208 18576 13760 4816 3306 10454 523 3096 2718 2362 1720 1629 760
is_linear=0
shrinkage=0.05


Tree=67
num_leaves=15
num_cat=0
split_feature=41 41 37 26 23 9 29 44 53 7 37 52 7 23
split_gain=505.788 192.177 16.4287 12.5702 14.1981 24.5553 15.9807 12.1196 12.1684 11.6382 10.7126 10.5612 10.5275 9.66812
threshold=0.00054404258844442676 0.97576516866683971 -0.061651956290006631 2.9174053668975835 0.058148177340626724 1.4978661537170412 0.58571431040763866 0.93985751271247875 0.99093088507652294 0.47114317119121557 -0.27272365987300867 0.38020487129688268 0.83935481309890758 0.38503250479698187
decision_type=2 2 2 2 2 2 2 2 2 2 2 2 2 2
left_child=-1 2 3 -2 5 6 -5 12 -9 -10 -7 -8 -4 -6
right_child=1 -3 7 4 13 10 11 8 9 -11 -12 -13 -14 -15
leaf_value=-0.046109977832439912 0.02203518689035517 0.047556341328233061 -0.028763927206377611 -0.021591369298135345 -0.012491023420906956 -0.018237669644740519 -0.0067627401649615285 0.024653350046794271 0.029261659057424873 -0.0046393007838104296 0.024995285540509095 0.027478822643302332 0.014250268776056872 0.00388917257950625
leaf_weight=447.4856639537029 48.880103496834636 323.78775269538164 22.160828985273838 15.397363385651259 295.75252388697118 88.301078951917589 22.52246649004519 173.99400900723413 23.479465124197304 95.800637494772673 7.8615257926285258 135.88711392367259 17.261163788381964 122.12261238088831
leaf_count=146698 706 9632 319 415 6719 1828 300 1986 236 1477 110 1562 191 2727
internal_value=-0.000457308 0.01443 0.00405272 -0.000152275 -0.00202214 0.00676564 0.0176299 0.013097 0.0165688 0.00378112 -0.0126818 0.0224979 -0.0108574 -0.00772495
internal_weight=1840.69 1393.21 1069.42 736.725 687.845 269.97 173.807 332.696 293.274 119.28 96.1626 158.41 39.422 417.875
internal_count=174906 28208 18576 14367 13661 4215 2277 4209 3699 1713 1938 1862 510 9446
is_linear=0
shrinkage=0.05


Tree=68
num_leaves=15
num_cat=0
split_feature=41 41 41 6 45 2 15 53 8 39 52 26 46 46
split_gain=476.227 185.069 15.3381 11.9041 14.6822 14.6323 12.3377 17.2806 12.1262 11.5343 10.177 8.66424 9.72462 8.35104
threshold=0.00054404258844442676 0.97576516866683971 0.10982540994882585 0.11852502077817918 0.99057814478874218 0.36014705896377569 1.0000000180025095e-35 0.99607086181640636 1.0000000180025095e-35 0.13392857462167743 0.62903338670730602 3.1984648704528813 0.9816129505634309 0.11012570559978486
decision_type=2 2 2 2 2 2 2 2 2 2 2 2 2 2
left_child=-1 2 9 4 -4 -5 10 8 -8 -2 -7 12 -11 -12
right_child=1 -3 3 5 -6 6 7 -9 -10 11 13 -13 -14 -15
leaf_value=-0.045917600860974406 0.010023348562848658 0.047288654576822443 0.0079251603822938811 0.02401143852685474 -0.042068481504520028 -0.015835157887482857 0.0048286815828351287 -0.017795095763134174 0.046062649709405878 0.0021843878791003479 0.019324299963492993 -0.023147756008257372 -0.019582528106965865 0.00069773287935917777
leaf_weight=427.44133788044564 107.59822930116206 309.75149397552013 28.559818498790264 142.92931056395173 15.553245931863783 58.631039645522833 31.021278955042362 15.835583362728356 42.160358272492886 188.14391372445971 70.558823376893997 65.72212526621297 59.728327412623912 241.00417331978679
leaf_count=146698 4164 9632 203 943 102 434 200 109 323 2706 1134 2624 4266 1368
internal_value=-0.000431829 0.0139148 0.00388142 0.00866849 -0.0142183 0.0105501 0.00593777 0.0216223 0.0312656 -0.00349427 0.00169675 -0.00829876 -0.00361665 0.00538581
internal_weight=1804.64 1377.2 1067.45 646.254 44.1131 602.141 459.211 89.0172 73.1816 421.193 370.194 313.594 247.872 311.563
internal_count=174906 28208 18576 4816 305 4511 3568 632 523 13760 2936 9596 6972 2502
is_linear=0
shrinkage=0.05


Tree=69
num_leaves=15
num_cat=0
split_feature=41 41 37 4 9 11 44 53 7 7 41 39 32 27
split_gain=448.236 178.194 14.4584 11.4176 20.7884 11.432 11.1054 10.9234 10.6456 9.7999 7.97803 13.1045 8.01746 10.8306
threshold=0.00054404258844442676 0.97576516866683971 -0.061651956290006631 0.86607143282890331 1.2424533367156985 0.28253819048404699 0.93985751271247875 0.99093088507652294 0.46720430254936224 0.83935481309890758 0.062202911823987968 0.13392857462167743 0.74311000108718883 0.95713412761688244
decision_type=2 2 2 2 2 2 2 2 2 2 2 2 2 2
left_child=-1 2 3 10 -5 -6 9 -8 -9 -4 11 -2 13 -12
right_child=1 -3 6 4 5 -7 7 8 -10 -11 12 -13 -14 -15
leaf_value=-0.045718060554220064 0.006252525315309493 0.047017951655389599 -0.02809958486736714 0.038671948577810394 -0.01167550112693305 0.03289624411502181 0.023235410142930429 0.027886462801674179 -0.0046097959427162504 0.013519604806650411 0.030113395232946677 -0.017970149726930961 -0.0032929837242519147 0.00023851424027179093
leaf_weight=408.36779940756969 77.714737940113991 296.35485462844372 21.906944378744811 39.692825601901859 62.495634428691119 8.0169751457869989 172.76677327044308 23.286086797714233 95.550598217174411 17.250860206782818 39.575186263769865 156.74198991199955 270.14379885792732 78.59490679204464
leaf_count=146698 3497 9632 319 369 953 71 1986 233 1480 191 238 6655 2140 444
internal_value=-0.000422313 0.0134122 0.00369897 -0.000253648 0.0138761 -0.00315146 0.0122085 0.0155447 0.0034281 -0.010744 -0.00293383 -0.0100138 0.00148501 0.0118125
internal_weight=1768.46 1360.09 1063.74 732.976 110.205 70.5126 330.761 291.603 118.837 39.1578 622.771 234.457 388.314 118.17
internal_count=174906 28208 18576 14367 1393 1024 4209 3699 1713 510 12974 10152 2822 682
is_linear=0
shrinkage=0.05


Tree=70
num_leaves=15
num_cat=0
split_feature=41 41 41 15 45 47 9 40 37 40 6 41 44 53
split_gain=422.46 171.07 13.7659 8.24808 8.62468 10.7519 8.24999 8.90588 8.6304 8.22255 11.1163 10.8581 7.86711 11.3176
threshold=0.00054404258844442676 0.97576516866683971 0.43254797160625463 1.0000000180025095e-35 0.59144136309623729 -0.094051785767078386 1.2424533367156985 0.70066976547241222 -0.13014084100723264 0.36146911978721624 0.11852502077817918 0.0079612196423113363 0.99632176756858837 0.99715062975883495
decision_type=2 2 2 2 2 2 2 2 2 2 2 2 2 2
left_child=-1 2 9 4 -4 6 7 -6 -8 10 -2 -11 -13 -14
right_child=1 -3 3 -5 5 -7 8 -9 -10 11 -12 12 13 -15
leaf_value=-0.045511123547870846 -0.01236421216049108 0.046743792485798824 -0.014667139585405699 0.03017264897292184 0.01886650258130541 0.021174813379125905 -0.024206338153346732 -0.0085507729821200952 0.010473773703031585 -0.02068691973729923 0.019473526496760294 -0.0077517732124160483 0.012972253096368753 -0.0060100291536419465
leaf_weight=390.21808355581015 30.377234518527985 283.57069082558155 29.049200106412172 41.291399173438549 76.372117102146149 125.77579078450799 37.208431273698807 37.8847476541996 21.649991512298584 66.443482745904475 86.940634181257337 207.23557316232473 167.46537897828966 132.72828171215951
leaf_count=146698 978 9632 172 390 495 1807 210 233 133 6276 2870 2010 1471 1531
internal_value=-0.000381557 0.0129608 0.00357452 0.0112299 0.0080225 0.0106311 0.00223269 0.00981908 -0.0117814 -0.00061677 0.0109061 -0.00311886 -0.000463128 0.0046562
internal_weight=1734.21 1343.99 1060.42 369.232 327.94 298.891 173.115 114.257 58.8584 691.191 117.318 573.873 507.429 300.194
internal_count=174906 28208 18576 3440 3050 2878 1071 728 343 15136 3848 11288 5012 3002
is_linear=0
shrinkage=0.05


Tree=71
num_leaves=15
num_cat=0
split_feature=41 41 37 26 23 8 11 40 44 53 7 39 40 48
split_gain=398.181 168.33 14.4788 11.5059 12.807 17.5206 10.7265 11.5338 10.4157 10.9681 13.1547 10.233 15.9161 18.674
threshold=0.00025756390823517 0.97576516866683971 -0.061651956290006631 2.9174053668975835 0.058148177340626724 1.4978661537170412 0.382411539554596 0.32609099149703985 0.93985751271247875 0.98318028450012218 0.46720430254936224 0.41666667163372045 0.33240684866905218 3.5000000000000004
decision_type=2 2 2 2 2 2 2 2 2 2 2 2 2 2
left_child=-1 2 3 -2 5 11 -6 -8 -4 -10 -11 12 -5 -14
right_child=1 -3 8 4 6 -7 7 -9 9 10 -12 -13 13 -15
leaf_value=-0.047071834883597632 0.020369852291287769 0.046465765273624587 -0.010634072122296953 0.037223347314635988 -0.0182752588574191 -0.018978907317207482 0.021331973153284514 -0.0060683315087552174 0.02376981259226504 0.028707811502053118 -0.0042971029595793636 0.026627847154741903 -0.01798943293113817 0.016673043842413301
leaf_weight=350.66632178612053 48.9463333315216 271.3727563470602 39.181013056077063 19.814549863571301 150.10434372723103 48.86950166686438 35.43866678676568 240.15421232953668 150.36489721480757 30.566336848540232 110.47878831927665 67.008803548524156 78.332190525950864 59.580789004685357
leaf_count=141194 826 9632 594 508 6364 1644 1276 5026 1890 354 1823 960 1712 1103
internal_value=-0.000366527 0.0120203 0.00300865 -0.00087012 -0.00262299 0.00569161 -0.00797497 -0.00192134 0.0115555 0.0147928 0.00428257 0.0116363 0.00405941 -0.00289983
internal_weight=1700.88 1350.21 1078.84 748.249 699.303 273.606 425.697 275.593 330.591 291.41 141.045 224.736 157.728 137.913
internal_count=174906 33712 24080 19419 18593 5927 12666 6302 4661 4067 2177 4283 3323 2815
is_linear=0
shrinkage=0.05


Tree=72
num_leaves=15
num_cat=0
split_feature=41 41 41 40 11 22 46 9 26 28 2 15 26 7
split_gain=375.887 161.365 14.088 9.53698 15.4795 20.4337 12.0623 11.3841 10.7518 9.50083 11.7397 10.8287 9.90861 10.2406
threshold=0.00025756390823517 0.97576516866683971 0.21973256021738055 0.32824303209781652 0.39941260218620306 0.3794699907302857 0.98655793070793163 2.6020033359527592 3.1984648704528813 0.054424287751317031 0.36014705896377569 1.0000000180025095e-35 2.9174053668975835 0.72046512365341198
decision_type=2 2 2 2 2 2 2 2 2 2 2 2 2 2
left_child=-1 2 3 4 5 -2 8 -7 -5 -4 -11 12 -12 -14
right_child=1 -3 9 6 -6 7 -8 -9 -10 10 11 -13 13 -15
leaf_value=-0.046924064131038903 -0.023815464272310974 0.046183482146873657 -0.018301246145802079 0.0026386175894644892 0.033974714143371609 0.04225598005118629 -0.022361670353142675 -0.011675650686134591 -0.017087512665015483 0.023415756766457331 0.026954602495852267 0.023409208041511632 -0.018264167045432975 0.0035912443074280044
leaf_weight=334.61914962367155 41.137379955034703 259.73571808449924 21.770282212644815 303.85259254393168 33.545310832560062 17.401579843834046 77.756502421572804 9.7389780972152931 78.698212050367147 119.05111736059189 24.567769333720207 60.388281784951687 59.061908654868603 230.08529480174184
leaf_count=141194 3495 9632 148 4229 1425 358 8541 157 1747 884 247 468 467 1914
internal_value=-0.000329333 0.0115959 0.0029068 -0.00255341 0.0106328 -0.00371044 -0.00563435 0.0249704 -0.00175135 0.00880266 0.0103391 0.00567645 0.0016453 -0.0013343
internal_weight=1671.41 1336.79 1077.06 562.131 101.823 68.2779 460.307 27.1406 382.551 514.925 493.154 374.103 313.715 289.147
internal_count=174906 33712 24080 19952 5435 4010 14517 515 5976 4128 3980 3096 2628 2381
is_linear=0
shrinkage=0.05


Tree=73
num_leaves=15
num_cat=0
split_feature=41 41 41 44 53 35 23 14 35 40 40 30 44 34
split_gain=354.717 154.698 12.9794 7.501 14.7086 11.356 11.5947 10.0095 10.872 8.90943 8.30947 8.06413 7.76348 10.493
threshold=0.00025756390823517 0.97576516866683971 0.43254797160625463 0.2525289803743363 0.79007393121719371 0.25833334028720861 0.36205685138702398 1.0000000180025095e-35 0.58571431040763866 0.31423592567443853 0.36722159385681158 0.60922586917877208 0.99662157893180858 0.7987341880798341
decision_type=2 2 2 2 2 2 2 2 2 2 2 2 2 2
left_child=-1 2 3 -2 7 12 -7 8 10 11 -5 -8 13 -6
right_child=1 -3 -4 4 5 6 9 -9 -10 -11 -12 -13 -14 -15
leaf_value=-0.046770609954088938 -0.023463400663817923 0.045896545832277084 0.010344699689291579 0.03323951845734429 -0.020537839795148866 -0.018356435802352782 0.037913029106903771 -0.00118346277943455 0.043568586658387032 -0.0052159638785228861 -0.0021890097659572412 -0.01157485213722503 0.011928738486571257 0.015886159790594209
leaf_weight=319.34993873885833 25.8227903470397 248.63522864691913 362.9531287625432 13.453611416509373 44.73752033803612 172.86263924790546 15.528640328440817 78.318120883544907 28.922935778042302 121.30199538241141 52.506333320168778 6.577194772893562 128.48720580921508 22.018018240807578
leaf_count=141194 1168 9632 3440 526 1140 6709 799 1644 444 3012 1331 126 3137 604
internal_value=-0.0003094 0.0111798 0.00278957 -0.00115972 7.05787e-06 -0.00427439 -0.0100088 0.0121946 0.022297 0.000593992 0.00846183 0.0241697 0.00504978 -0.00801958
internal_weight=1641.48 1322.13 1073.49 710.537 684.714 511.513 316.27 173.201 94.8829 143.408 65.9599 22.1058 195.243 66.7555
internal_count=174906 33712 24080 20640 19472 15527 10646 3945 2301 3937 1857 925 4881 1744
is_linear=0
shrinkage=0.05


Tree=74
num_leaves=15
num_cat=0
split_feature=41 41 37 26 23 9 29 44 53 7 7 11 9 34
split_gain=334.891 148.13 12.4704 10.1508 11.5998 22.0192 14.7623 9.40396 9.88867 10.464 9.03495 9.01875 13.1093 10.004
threshold=0.00025756390823517 0.97576516866683971 -0.061651956290006631 2.9174053668975835 0.058148177340626724 1.2424533367156985 0.58571431040763866 0.93985751271247875 0.97106924653053295 0.46453721821308142 0.83935481309890758 0.382411539554596 3.1984648704528813 0.86689975857734691
decision_type=2 2 2 2 2 2 2 2 2 2 2 2 2 2
left_child=-1 2 3 -2 5 6 -5 10 -9 -10 -4 -6 13 -13
right_child=1 -3 7 4 11 -7 -8 8 9 -11 -12 12 -14 -15
leaf_value=-0.046611270642937311 0.019097707223862545 0.045604607844259078 -0.027171426672229149 -0.020196392413931782 -0.017283956775766721 -0.0094374605400639692 0.023574847675421007 0.023466829388863832 0.026354241533423667 -0.002182664348536487 0.012914764293551366 0.011570441748970282 0.025117117854307747 -0.011396552835903783
leaf_weight=304.82101384853013 48.513738323468715 238.04774873889983 21.717513976851478 14.537244113162158 146.75748731801286 127.29108288721181 129.97359396214597 130.24328033416532 32.469817013479769 126.59470155951567 17.130764523288235 53.072479857830331 28.55004155356437 192.81589042465203
leaf_count=141194 826 9632 388 592 6364 3210 2125 1598 383 2086 206 1123 578 4601
internal_value=-0.000282264 0.0107885 0.00268981 -0.000927009 -0.00258057 0.00535345 0.0181495 0.0106482 0.013739 0.00485684 -0.0104696 -0.00770589 -0.00215639 -0.00618092
internal_weight=1612.54 1307.72 1069.67 741.512 692.998 271.802 144.511 328.156 289.308 159.065 38.8483 421.196 274.438 245.888
internal_count=174906 33712 24080 19419 18593 5927 2717 4661 4067 2469 594 12666 6302 5724
is_linear=0
shrinkage=0.05


Tree=75
num_leaves=15
num_cat=0
split_feature=41 41 47 45 47 53 40 53 39 27 44 42 40 27
split_gain=316.061 141.882 11.9799 13.818 13.4691 8.89708 7.93444 13.9385 13.7033 12.4794 11.3034 9.53958 9.27901 9.23361
threshold=0.00025756390823517 0.97576516866683971 -0.98376023769378651 0.12699197977781299 -0.22730863839387891 0.98698890209198009 0.58540308475494396 0.98992282152175914 0.75000000000000011 0.42761905491352087 0.99641320109367382 5.5000000000000009 0.52062177658081066 0.95861870050430309
decision_type=2 2 2 2 2 2 2 2 2 2 2 2 2 2
left_child=-1 2 5 -4 6 -2 9 8 -8 11 12 -5 -11 -12
right_child=1 -3 3 4 -6 -7 7 -9 -10 10 13 -13 -14 -15
leaf_value=-0.046445845414197801 0.014234252572283916 0.045307319697406749 -0.015123089091791815 0.0030845268634860216 0.015261389661433519 -0.020233157512342712 0.023879930989368657 -0.017479304611978649 -0.010102968956412642 -0.0088196166386843768 0.027247320110790108 -0.025357741321831648 0.023456962415585973 0.0056363453124725852
leaf_weight=290.99648980190977 16.081111738458276 227.9506710935384 74.808720047352836 71.067812148714438 265.82186298118904 78.325777375372127 49.510606401599944 108.96634492673911 50.859528283122927 92.276832510251552 105.43408912769519 38.230094076134264 18.518345358548686 97.861247052205727
leaf_count=141194 1605 9632 2845 709 3143 7616 432 1295 398 2088 1356 1341 324 928
internal_value=-0.000259387 0.0103896 0.00258402 0.00427193 0.00603535 -0.013561 0.00198214 -0.00580479 0.00730494 0.00587735 0.0108615 -0.00815564 -0.00192962 0.0175963
internal_weight=1586.71 1295.71 1067.76 973.355 898.547 94.4069 632.725 209.336 100.37 423.388 314.091 109.298 110.795 203.295
internal_count=174906 33712 24080 14859 12014 9221 8871 2125 830 6746 4696 2050 2412 2284
is_linear=0
shrinkage=0.05


Tree=76
num_leaves=15
num_cat=0
split_feature=41 41 26 37 14 35 9 35 5 33 23 7 23 40
split_gain=298.268 135.833 11.4591 11.6224 11.091 8.9901 10.4161 12.7832 11.7384 11.6794 8.61131 8.47534 10.3948 10.0573
threshold=0.00025756390823517 0.97576516866683971 2.9174053668975835 -0.061651956290006631 1.0000000180025095e-35 0.77500000596046459 1.4978661537170412 0.30952382087707525 0.61250001192092907 0.69399762153625499 0.38503250479698187 0.45534290373325353 0.68540179729461681 0.67312461137771618
decision_type=2 2 2 2 2 2 2 2 2 2 2 2 2 2
left_child=-1 2 -2 4 5 6 7 8 -4 -8 -6 -5 13 -13
right_child=1 -3 3 11 10 -7 9 -9 -10 -11 -12 12 -14 -15
leaf_value=-0.046274131105521067 0.021550597140002199 0.045004351811106583 -0.014885441358195596 0.02648339735307019 -0.015314586707785714 0.028320946642955133 -0.020371220218057252 -0.012497044447445892 0.017383538064753994 0.012789642811299604 0.0022040725306835449 0.022845651287706908 -0.012805795623706788 0.00097164517125900279
leaf_weight=277.84223625133745 63.347985880682245 218.32226749323308 25.611403770279139 47.164894851855934 201.77541738864966 22.306024608202279 82.459825362777337 59.264355549355969 166.186343427049 29.405094956979156 101.4882562821731 79.952320372452959 55.399957851972431 128.63515223073773
leaf_count=141194 1033 9632 1571 607 5156 476 2610 2590 2647 846 2697 1397 961 1489
internal_value=-0.000250066 0.0100109 0.00247136 0.00106083 -0.00256992 0.00304237 0.000770951 0.00638565 0.0125504 -0.0113203 -0.0095687 0.00892457 0.00493535 0.0100176
internal_weight=1559.16 1281.32 1063 999.649 688.497 385.233 362.927 251.062 191.798 111.865 303.264 311.152 263.987 208.587
internal_count=174906 33712 24080 23047 18593 10740 10264 6808 4218 3456 7853 4454 3847 2886
is_linear=0
shrinkage=0.05


Tree=77
num_leaves=15
num_cat=0
split_feature=41 41 28 31 41 40 46 52 42 11 5 8 36 47
split_gain=281.553 129.955 11.0786 12.5932 11.8159 12.3083 16.6202 11.0147 8.61875 8.4337 11.7249 12.0874 7.26811 6.35274
threshold=0.00025756390823517 0.97576516866683971 0.054424287751317031 0.54011154174804699 0.84367874264717113 0.32824303209781652 0.98655793070793163 0.47127565741539007 5.5000000000000009 0.39941260218620306 0.61250001192092907 0.89587974548339855 -0.78122961521148671 -0.39686341583728785
decision_type=2 2 2 2 2 2 2 2 2 2 2 2 2 2
left_child=-1 2 3 8 5 9 7 -7 -2 10 -4 -12 -11 -9
right_child=1 -3 4 -5 -6 6 -8 13 -10 12 11 -13 -14 -15
leaf_value=-0.046095921923154107 0.034526655208906923 0.044695395758120336 -0.015493318091573541 -0.031735193414040748 0.017495637099180377 -0.012171172968416841 -0.02162757921242724 0.0013002446485578681 -0.018240537684859236 0.048368756733190681 0.043397142664650792 -0.0082631171001707453 -0.0026021326079858215 0.012515618297892267
leaf_weight=265.32573431951459 8.4062496772967261 209.14165201969445 27.624204106396064 36.347898591775447 122.84510872513056 108.29416190390475 73.886386949801818 452.68664789549075 5.1861312920227638 19.707107792142782 17.05332339042798 14.815320327645166 7.8665848749224088 166.61897146701813
leaf_count=141194 131 9632 2568 620 1986 2002 8444 4439 462 846 419 413 338 1412
internal_value=-0.00022667 0.0096378 0.00237682 -0.0185577 0.00358209 0.0014852 -0.000544602 0.00186052 0.0151957 0.0183015 0.00555541 0.0231435 0.0370047 0.00446858
internal_weight=1535.81 1270.48 1061.34 49.9403 1011.4 888.553 801.486 727.6 13.5924 87.0665 59.4928 31.8686 27.5737 619.306
internal_count=174906 33712 24080 1213 22867 20881 16297 7853 593 4584 3400 832 1184 5851
is_linear=0
shrinkage=0.05


Tree=78
num_leaves=15
num_cat=0
split_feature=41 41 26 53 23 5 7 40 8 27 52 26 41 45
split_gain=265.838 124.215 10.4688 11.0019 13.2602 14.9205 11.464 10.8657 11.4818 9.36727 9.33135 9.18018 7.76643 6.88431
threshold=0.00025756390823517 0.97576516866683971 2.9174053668975835 0.99885290861129772 0.3953110426664353 0.61250001192092907 0.79516318440437328 0.35511960089206701 1.2424533367156985 0.42761905491352087 0.98800575733184826 3.2769666910171513 0.0045030335895717153 0.68117520213127147
decision_type=2 2 2 2 2 2 2 2 2 2 2 2 2 2
left_child=-1 2 -2 4 5 -4 10 8 -8 11 -7 -6 -9 -11
right_child=1 -3 3 -5 9 6 7 12 -10 13 -12 -13 -14 -15
leaf_value=-0.045911028989243124 0.020551352114815315 0.044380166786303007 -0.017418702113311323 -0.016748928307849433 -0.0053995579475359171 -0.020773317283781935 0.049456635703701318 -0.023352877944839475 -0.0078443327670821277 -0.004328416614343542 0.0010971651072133567 0.023737711140445317 0.0061997258688244704 0.024790104235732802
leaf_weight=253.41603692609351 63.107847038190812 200.38871206343174 109.18932483624667 71.038008727598935 103.01421023881994 70.255882326513529 17.819635747000579 14.09669737704098 9.2180076588410866 20.993659960804507 121.93503960617818 25.586639535147697 315.511255139485 115.60266676009633
leaf_count=141194 1033 9632 5225 1905 2595 1584 365 2355 228 424 2463 420 3286 2197
internal_value=-0.000207383 0.00929061 0.00228707 0.000934702 0.00246027 -0.00137432 0.00207223 0.00731078 0.0330775 0.0116791 -0.00752965 0.00169204 0.00428539 0.0203249
internal_weight=1511.17 1257.76 1057.37 994.261 923.223 658.026 548.837 356.646 27.0376 265.197 192.191 128.601 329.608 136.596
internal_count=174906 33712 24080 23047 21142 15506 10281 6234 593 5636 4047 3015 5641 2621
is_linear=0
shrinkage=0.05


Tree=79
num_leaves=15
num_cat=0
split_feature=43 46 45 47 22 53 37 12 48 39 40 20 23 53
split_gain=228.538 89.0004 43.409 13.8004 10.5532 9.85543 9.23237 8.54736 10.527 11.0473 10.0276 11.6923 7.76942 7.72381
threshold=6.5000000000000009 0.025320024229586128 0.59144136309623729 -0.98376023769378651 0.22604190558195117 0.98698890209198009 -1.0000000180025095e-35 0.62828946113586437 3.5000000000000004 0.41666667163372045 0.37116940319538122 0.20695806294679644 0.47630780935287481 0.9986441731452943
decision_type=2 2 2 2 2 2 2 2 2 2 2 2 2 2
left_child=1 2 -1 5 -2 -3 7 8 9 10 -5 13 -7 -12
right_child=4 3 -4 6 -6 12 -8 -9 -10 -11 11 -13 -14 -15
leaf_value=-0.0088564152849891203 -0.046875722339540821 0.012917068173731059 0.043388990360329512 0.0064707662149024268 0.010982196442905712 -0.029494721211599434 0.012029783157688274 -0.010658150870463096 0.011359887823469875 0.0084273118680142436 -0.025836679001950087 0.017191025273947395 0.0049564683958093179 0.008429697618416469
leaf_weight=44.925300880335271 222.29853458423167 18.201775986584835 207.87836925499141 61.971495387959294 4.6249338882043949 64.118097164900973 223.02746163168922 128.16499695624225 223.7765027845744 132.77660352992825 111.28969325695653 15.012411817442624 17.674549119197764 14.172295905183999
leaf_count=1431 125439 3303 9739 5785 927 12449 2665 1754 2770 2408 3582 211 2220 223
internal_value=-0.000193865 0.00819941 0.0341208 0.00144159 -0.0452828 -0.0153157 0.00342899 0.000504984 0.00320675 -0.00240724 -0.00957542 -0.0166139 -0.0223212 -0.0216294
internal_weight=1489.91 1262.99 252.804 1010.19 226.923 99.9944 910.191 687.164 558.999 335.222 202.446 140.474 81.7926 125.462
internal_count=174906 48540 11170 37370 126366 17972 19398 16733 14979 12209 9801 4016 14669 3805
is_linear=0
shrinkage=0.05


Tree=80
num_leaves=15
num_cat=0
split_feature=41 41 6 45 23 26 53 22 12 52 27 30 40 41
split_gain=238.04 113.661 10.1566 12.4222 11.453 12.1963 12.366 12.979 12.088 11.5251 11.4081 12.9535 10.2944 9.27434
threshold=0.00025756390823517 0.97576516866683971 0.11852502077817918 0.99057814478874218 0.39175418019294744 3.0677825212478642 0.9946100413799287 0.46467782557010656 0.68585526943206798 0.75993511080741893 0.908033847808838 0.41825754940509802 0.31423592567443853 0.21973256021738055
decision_type=2 2 2 2 2 2 2 2 2 2 2 2 2 2
left_child=-1 2 3 -2 5 8 9 -8 10 -7 11 -4 -6 -14
right_child=1 -3 4 -5 12 6 7 -9 -10 -11 -12 -13 13 -15
leaf_value=-0.045538550613132125 0.0026103461495587238 0.04374660450853466 -0.019501107475545523 -0.034849959907156523 0.039709578056799637 -0.018795372873172771 -0.029053681563257622 0.0064994576780481239 -0.018230963324074145 0.005798015085720548 0.0036148062309116625 0.029883239048444411 -0.00084908928705692112 0.018910015487255641
leaf_weight=232.24146303744055 46.832782835233957 184.48113809153438 8.4609426413662714 29.896796602290124 21.589624875923619 51.636855447664857 79.326744643505663 31.578324415720999 34.314472186146304 199.75397269637324 239.51695016375743 82.803692944347858 125.08864690829068 101.6734572686255
leaf_count=141194 1103 9632 771 899 915 1683 3330 403 447 4753 3350 1711 3861 854
internal_value=-0.000185282 0.00862682 0.0021171 -0.0143209 0.00354191 0.000325418 -0.00609022 -0.0192302 0.00668449 0.000220624 0.00972829 0.0238313 0.0125854 0.00843481
internal_weight=1469.2 1236.95 1052.47 76.7296 975.744 727.392 362.296 110.905 365.096 251.391 330.782 91.2646 248.352 226.762
internal_count=174906 33712 24080 2002 22078 16448 10169 3733 6279 6436 5832 2482 5630 4715
is_linear=0
shrinkage=0.05


Tree=81
num_leaves=15
num_cat=0
split_feature=41 41 28 31 41 40 46 52 42 11 13 8 36 47
split_gain=224.522 108.698 9.60858 11.7617 10.2032 11.4509 14.1659 8.93793 8.02983 6.63321 10.1882 9.45421 6.36222 5.68372
threshold=0.00025756390823517 0.97576516866683971 0.054424287751317031 0.54011154174804699 0.84367874264717113 0.32824303209781652 0.98655793070793163 0.47127565741539007 5.5000000000000009 0.39941260218620306 0.45227272808551794 0.89587974548339855 -0.78122961521148671 -0.39686341583728785
decision_type=2 2 2 2 2 2 2 2 2 2 2 2 2 2
left_child=-1 2 3 8 5 9 7 -7 -2 10 11 -4 -11 -9
right_child=1 -3 4 -5 -6 6 -8 13 -10 12 -12 -13 -14 -15
leaf_value=-0.04533308877673381 0.033456514175505749 0.043411373256434398 0.03745426552643176 -0.030453001895258919 0.016277371392606699 -0.011288050060426965 -0.020597138019810703 0.00080174221475679496 -0.017730742130002069 0.044034968696942234 -0.015348806506870084 -0.0076601738006868633 -0.0028657066287512104 0.011440440601795625
leaf_weight=221.93542404694017 8.4552201204933208 176.88045047782362 19.750167777994648 35.794652281561866 118.91080245003104 106.95084759755991 71.080464411061257 452.99379025422968 4.9705218253657213 20.697645643958825 24.789861763361841 14.337505055591462 7.9377270459663114 164.59140659566037
leaf_count=141194 131 9632 700 620 1986 2002 8444 4439 462 846 2160 540 338 1412
internal_value=-0.000187116 0.00827139 0.00200555 -0.017605 0.00313326 0.00120101 -0.000771544 0.00142737 0.0150266 0.0173744 0.00571824 0.0210454 0.0336574 0.00377416
internal_weight=1450.08 1228.14 1051.26 49.2204 1002.04 883.129 795.617 724.536 13.4257 87.5129 58.8775 34.0877 28.6354 617.585
internal_count=174906 33712 24080 1213 22867 20881 16297 7853 593 4584 3400 1240 1184 5851
is_linear=0
shrinkage=0.05


Tree=82
num_leaves=15
num_cat=0
split_feature=42 46 45 22 6 52 37 12 32 26 53 27 12 52
split_gain=207.608 70.8664 39.1462 14.0948 8.89202 12.3252 9.874 9.31538 11.7817 9.27884 11.5152 8.52935 10.6072 8.1124
threshold=9.5000000000000018 0.025320024229586128 0.59144136309623729 0.62563130259513866 0.11852502077817918 0.95746782422065746 -1.0000000180025095e-35 0.60434782505035411 0.93767654895782482 3.0677825212478642 0.99452319741249096 0.908033847808838 0.37715516984462744 0.83683660626411449
decision_type=2 2 2 2 2 2 2 2 2 2 2 2 2 2
left_child=1 2 -1 -2 5 -3 7 8 9 11 13 12 -6 -11
right_child=3 4 -4 -5 6 -7 -8 -9 -10 10 -12 -13 -14 -15
leaf_value=-0.0083301113491901137 -0.04426201640601745 0.016925053121931013 0.042337303656385841 0.020122242810419036 0.034458033919628976 -0.024990732830951542 0.012894676209834109 -0.011313251070320716 0.030650064096307047 -0.018650662524163773 -0.018606727955263826 0.0015396006990920632 0.00093723637593144085 0.0072724610005763975
leaf_weight=43.734796997276135 227.82691876322497 16.484947283635847 184.85249996744096 3.4031992771197102 44.536135661415756 51.623432941385545 208.31254003336653 121.9679304275196 27.167828714940697 27.337095286464319 90.121942510246299 189.62945193424821 42.61665212851949 149.84752011857927
leaf_count=1223 138297 476 9739 204 2723 1254 2853 2255 675 1460 3536 3701 1817 4693
internal_value=-0.000171249 0.00828523 0.0327005 -0.0425196 0.00225447 -0.0139774 0.00362062 0.000690055 0.0034034 0.00151429 -0.00503709 0.00779641 0.0198504 0.00249018
internal_weight=1429.46 1198.23 228.587 231.23 969.645 68.1084 901.537 693.225 571.257 544.089 267.307 276.782 87.1528 177.185
internal_count=174906 36405 10962 138501 25443 1730 23713 20860 18605 17930 9689 8241 4540 6153
is_linear=0
shrinkage=0.05


Tree=83
num_leaves=15
num_cat=0
split_feature=41 41 26 53 23 14 9 27 34 32 7 4 22 49
split_gain=201.274 99.0806 9.14674 9.57554 11.8201 14.7377 11.2017 9.99954 9.0884 8.84172 8.33305 12.2722 11.2588 7.31372
threshold=0.00025756390823517 0.97576516866683971 2.9174053668975835 0.99885290861129772 0.3953110426664353 1.0000000180025095e-35 3.4175922870635991 0.42761905491352087 0.66009709239006054 0.93767654895782482 0.87138131260871898 0.41428571939468389 0.75809821486473095 1.5000000000000002
decision_type=2 2 2 2 2 2 2 2 2 2 2 2 2 2
left_child=-1 2 -2 4 5 10 7 -6 -7 -10 -4 -12 -13 -9
right_child=1 -3 3 -5 6 8 -8 13 9 -11 11 12 -14 -15
leaf_value=-0.044920006122444338 0.019009409148757088 0.042738194496030286 -0.0028137636916018035 -0.016015357002057039 -0.0037677421560989958 0.010756042941560727 0.039104907001363751 -0.0093156226924812398 -0.020170378721803699 0.0021639759841651771 -0.018209412249810941 0.02519587469662107 -0.00035903279792856308 0.020711291402089611
leaf_weight=203.61975863168482 62.554577393457294 163.09230024367571 198.03502067853697 69.830356010934338 114.93424228345975 34.638537299353629 21.403219781117514 18.431319093331695 162.15374600002542 57.239155817311257 22.155465279705822 108.45200016279705 67.317696829326451 108.18508626241237
leaf_count=141194 1033 9632 5692 1905 2812 1470 351 379 3088 1033 882 2767 574 2094
internal_value=-0.000153406 0.00769655 0.00187619 0.000605151 0.00203619 -0.00160747 0.0107718 0.00680654 -0.0107819 -0.0145031 0.00439907 0.0114042 0.0159162 0.0159784
internal_weight=1412.04 1208.42 1045.33 982.776 912.945 649.992 262.954 241.551 254.031 219.393 395.96 197.925 175.77 126.616
internal_count=174906 33712 24080 23047 21142 15506 5636 5285 5591 4121 9915 4223 3341 2473
is_linear=0
shrinkage=0.05


Tree=84
num_leaves=15
num_cat=0
split_feature=41 41 45 47 7 35 14 34 45 45 9 7 27 40
split_gain=190.508 95.414 9.45101 10.9056 9.41832 9.15025 8.81098 9.95557 8.33416 13.7967 8.0544 7.93112 7.72117 13.4689
threshold=0.00014656653365818786 0.97576516866683971 0.010874516330659391 -0.61178082227706898 0.63714733719825756 0.25833334028720861 0.087121214717626586 0.85794997215271007 0.68117520213127147 0.98950767517089855 1.2424533367156985 0.85239651799201976 0.22474747896194461 0.58540308475494396
decision_type=2 2 2 2 2 2 2 2 2 2 2 2 2 2
left_child=-1 2 -2 4 5 -4 7 10 -8 -10 11 -5 -11 -14
right_child=1 -3 3 6 -6 -7 8 -9 9 12 -12 -13 13 -15
leaf_value=-0.045971367531276175 -0.027322278016835455 0.042381185207337004 0.027344419934372335 -0.0067854307689583495 -0.0066804108581975984 0.00023788277459930551 -0.011697179868095715 0.025607021462361386 0.019672692221160984 -0.031234565837157696 -0.01182669243600553 0.025091343600566304 0.023925885220332371 -0.010270667664167952
leaf_weight=185.39511575654615 17.519377656164579 156.4945198725909 33.516544376616366 25.496628922759555 384.64125065132976 110.0338882553624 74.256494608824141 102.02288918476552 99.097782365977764 12.38201469182968 41.14946535427589 42.473961288575083 32.601099509745836 78.902563568204641
leaf_count=135002 1352 9632 1775 694 14934 4610 1695 1505 1023 90 801 699 278 816
internal_value=-0.000134367 0.00720445 0.00163278 0.00237854 -0.00263452 0.00793543 0.00753728 0.0151008 0.00184797 0.00666715 0.00395276 0.0137973 -0.0044285 0.000873886
internal_weight=1395.98 1210.59 1054.09 1036.57 528.192 143.55 508.383 211.143 297.24 222.983 109.12 67.9706 123.886 111.504
internal_count=174906 39904 30272 28920 21319 6385 7601 3699 3902 2207 2194 1393 1184 1094
is_linear=0
shrinkage=0.05


Tree=85
num_leaves=15
num_cat=0
split_feature=41 41 26 23 14 35 9 13 5 42 47 2 47 22
split_gain=180.136 90.908 9.12595 9.58776 12.8923 14.4509 11.3418 11.5642 10.3249 10.1282 9.30586 8.19298 8.0448 12.1516
threshold=0.00014656653365818786 0.97576516866683971 2.9174053668975835 0.36205685138702398 1.0000000180025095e-35 0.84523808956146251 3.4175922870635991 0.69615384936332714 0.35416667163372045 5.5000000000000009 -0.058420524001121514 0.21515307575464251 -0.91236841678619374 0.3794699907302857
decision_type=2 2 2 2 2 2 2 2 2 2 2 2 2 2
left_child=-1 2 -2 4 5 12 7 -5 10 -6 -9 -10 13 -4
right_child=1 -3 3 6 9 -7 -8 8 11 -11 -12 -13 -14 -15
leaf_value=-0.045786458668500625 0.018660779533135295 0.042016480711000004 -0.024140235374889789 0.030271536984515915 -0.005899785548228377 0.038207465159970422 0.033988450267941506 -0.011711026107545345 0.038578499413326528 -0.029370843813120953 0.016512679871384384 0.0044987864067438715 0.0046618903584928753 0.0051062251157766442
leaf_weight=177.08716366719455 62.710738228401169 150.20665278472006 62.58989110821858 26.614691559574567 194.81426590587944 16.246856434969231 25.715126129449345 148.22410573961679 14.276842654333448 53.436673447722569 26.636836791061796 77.038088036235422 278.24833030311856 63.908436213852838
leaf_count=135002 1205 9632 7402 1470 2564 199 544 4574 207 4280 658 1086 4963 1120
internal_value=-0.000126366 0.00693063 0.00156477 0.000303218 -0.0030915 0.00225447 0.00731318 0.00392522 0.000290162 -0.0118937 -0.00675099 0.0131089 -7.51346e-05 -0.010073
internal_weight=1377.75 1200.67 1050.46 987.75 669.244 420.994 318.506 292.791 266.176 248.251 174.861 91.3149 404.747 126.498
internal_count=174906 39904 30272 29067 20528 13684 8539 7995 6525 6844 5232 1293 13485 8522
is_linear=0
shrinkage=0.05


Tree=86
num_leaves=15
num_cat=0
split_feature=41 41 45 47 53 15 53 35 36 53 26 39 27 26
split_gain=170.588 86.3944 9.18693 13.6001 9.49397 12.4498 11.3036 9.48037 12.8878 8.26474 10.2967 7.80994 7.73026 8.33692
threshold=0.00014656653365818786 0.97576516866683971 0.12699197977781299 -0.22730863839387891 0.79007393121719371 1.0000000180025095e-35 0.18433526158332827 0.30952382087707525 -0.55553284287452687 0.99407947063446056 2.9700856208801274 0.75000000000000011 0.53907206654548656 3.0677825212478642
decision_type=2 2 2 2 2 2 2 2 2 2 2 2 2 2
left_child=-1 2 -2 4 5 -4 -7 -6 12 10 -10 -8 -9 -14
right_child=1 -3 3 -5 7 6 11 8 9 -11 -12 -13 13 -15
leaf_value=-0.045594851489414737 -0.014347318470922811 0.041643975925077556 5.5609349537256021e-05 0.012636887945844702 0.0045863270592832999 -0.0028277653445505564 0.063349409327486228 -0.0061701777717664587 0.021522720139844922 -0.027194863121557819 -0.01391499623929552 0.0065028061027549034 0.029933156327689767 -0.0033002650821077313
leaf_weight=169.18177325068973 74.027628521318547 144.21433062665164 93.872907096869312 252.30023206444457 222.36937869293615 15.655702843563629 13.630558985169046 119.51077279890887 17.520182553678751 91.603050596429966 74.047613644390367 11.527207614853978 29.111696352949366 33.027499551302753
leaf_count=135002 3691 9632 2136 3243 6772 772 484 5534 230 3211 2032 111 764 1292
internal_value=-8.26232e-05 0.0067002 0.00154445 0.00288557 -0.000648668 0.0108524 0.0307875 -0.00342427 -0.00829907 -0.0172919 -0.00568303 0.0465607 0.00119817 0.0142604
internal_weight=1361.6 1192.42 1048.2 974.177 721.877 134.686 40.8135 587.19 364.821 183.171 91.5678 25.1578 181.65 62.1392
internal_count=174906 39904 30272 26581 23338 3503 1367 19835 13063 5473 2262 595 7590 2056
is_linear=0
shrinkage=0.05


Tree=87
num_leaves=15
num_cat=0
split_feature=41 41 45 47 7 35 14 34 51 44 45 7 45 27
split_gain=161.458 82.1421 8.79708 8.8892 8.76565 7.915 7.58946 9.17727 7.88009 7.79376 8.08425 7.55799 7.41515 7.24751
threshold=0.00014656653365818786 0.97576516866683971 0.010874516330659391 -0.61178082227706898 0.63714733719825756 0.25833334028720861 0.087121214717626586 0.88322511315345775 2.5000000000000004 0.93985751271247875 0.98950767517089855 0.84698995947837841 0.68117520213127147 0.22474747896194461
decision_type=2 2 2 2 2 2 2 2 2 2 2 2 2 2
left_child=-1 2 -2 4 5 -4 7 8 -5 11 12 -8 -11 -12
right_child=1 -3 3 6 -6 -7 9 -9 -10 10 13 -13 -14 -15
leaf_value=-0.045396394297191583 -0.026651271721420275 0.041263575585112205 0.02575219157597405 -0.0040411117148189124 -0.0062485517761229044 0.00060224201947626285 -0.031947463842586121 0.024898272618791725 0.022638693194045552 -0.0034650739812359106 -0.030229613187721695 0.0078685087155275692 0.02029220116665538 0.00083516873320077674
leaf_weight=161.65934022783767 17.090574114816263 138.50382552947849 34.101762193953618 86.598997619352303 381.08270169678144 109.35417147551198 20.883144728373736 92.698307635379024 29.189627703279257 44.761033490183763 12.487887874245642 14.105446416535413 91.351485665887594 110.75608329474926
leaf_count=135002 1352 9632 1775 2099 14934 4610 533 1369 231 950 90 248 987 1094
internal_value=-5.77221e-05 0.00646668 0.00150477 0.00222555 -0.00231247 0.00786934 0.00691226 0.0139772 0.00394976 0.00161324 0.00478156 -0.0177148 0.0127771 -0.00434503
internal_weight=1344.62 1182.97 1044.46 1027.37 524.539 143.456 502.832 208.487 115.789 294.345 259.356 34.9886 136.113 123.244
internal_count=174906 39904 30272 28920 21319 6385 7601 3699 2330 3902 3121 781 1937 1184
is_linear=0
shrinkage=0.05


Tree=88
num_leaves=15
num_cat=0
split_feature=41 41 45 53 15 15 8 53 27 27 22 45 35 11
split_gain=152.656 78.1969 8.32968 8.43718 16.1313 13.7229 18.2012 11.9485 11.2499 11.2683 10.8974 8.37307 7.99631 7.98596
threshold=0.00014656653365818786 0.97576516866683971 0.010874516330659391 0.99388703703880321 1.0000000180025095e-35 1.0000000180025095e-35 1.0000000180025095e-35 0.15867115557193759 0.12599206715822223 0.95861870050430309 0.70333701372146618 0.97332108020782482 0.84523808956146251 0.64551207423210155
decision_type=2 2 2 2 2 2 2 2 2 2 2 2 2 2
left_child=-1 2 -2 5 8 -4 12 -8 -5 -10 -11 -6 13 -7
right_child=1 -3 3 4 11 6 7 -9 9 10 -12 -13 -14 -15
leaf_value=-0.045190933564310365 -0.026130018112660539 0.040875221727262399 0.0016683857686728408 -0.02947775774703908 0.010210459735845279 -0.014967726830024886 -0.013632586977536276 0.043178125116708044 0.0099951951707944256 -0.020792397862234632 0.006466446606714785 -0.031863835935088826 0.031365971459174982 0.019909101649284364
leaf_weight=154.5011862948304 16.767676922725514 133.06199211161584 454.68156763724983 18.095804346376099 9.5645700552267936 50.932036943268031 5.9811547310091546 58.00818062457256 224.21781916741747 66.490416795480996 63.424655941780657 52.171526256483048 7.5972574573243028 12.980481029255314
leaf_count=135002 1352 9632 9940 727 537 2555 372 1695 6568 1578 532 4005 101 310
internal_value=-5.85826e-05 0.00621259 0.00143481 0.00213442 -0.00311743 0.00598375 0.0193545 0.0367432 0.00103924 0.00336534 -0.00797357 -0.0248307 0.00119571 -0.00614907
internal_weight=1328.48 1173.98 1040.91 1024.15 433.965 590.181 135.499 63.9893 372.229 354.133 129.915 61.7361 71.5098 63.9125
internal_count=174906 39904 30272 28920 13947 14973 5033 2067 9405 8678 2110 4542 2966 2865
is_linear=0
shrinkage=0.05


Tree=89
num_leaves=15
num_cat=0
split_feature=42 46 45 19 26 53 23 29 9 27 7 6 4 49
split_gain=140.776 48.0271 32.8919 13.4354 7.89302 8.52467 9.87265 10.4575 9.24278 9.82041 9.12694 9.56868 8.97584 8.12459
threshold=10.500000000000002 0.025320024229586128 0.59144136309623729 1.0000000180025095e-35 2.9174053668975835 0.99885290861129772 0.3953110426664353 0.58571431040763866 3.4175922870635991 0.42761905491352087 0.87138131260871898 0.80206185579299938 0.57738095521926891 2.5000000000000004
decision_type=2 2 2 2 2 2 2 2 2 2 2 2 2 2
left_child=1 2 -1 -2 -3 6 7 13 9 -8 -9 12 -12 -6
right_child=3 4 -4 -5 5 -7 8 10 -10 -11 11 -13 -14 -15
leaf_value=-0.0085329277235026198 -0.044749092525883688 0.017735228255445313 0.039701579769168292 0.015498467853650192 0.001286869458824353 -0.015577012616791501 -0.0046345978455827703 -0.004356556385001968 0.03664046707635784 0.015628625985189881 -0.0035286355779095158 0.003331350239861669 0.040425042580723644 -0.022605846962074273
leaf_weight=41.929389116819948 158.3530935831368 60.583052903180942 142.70947325602174 5.110736262984573 57.00840261997655 66.877320557716303 105.18064083822537 250.71958046720829 19.480576958856545 118.42916455189697 14.39075418608263 164.66812501277309 29.08539455384016 80.332026683492586
leaf_count=1293 133248 1266 9739 1208 4183 2210 3227 6254 327 2598 497 3825 366 4665
internal_value=-6.62179e-05 0.00620954 0.0288724 -0.0420806 0.00162992 0.000371351 0.00181061 -0.00167567 0.0100894 0.00630691 0.00200485 0.00951592 0.027937 -0.013274
internal_weight=1314.86 1151.39 184.639 163.464 966.755 906.172 839.295 596.204 243.09 223.61 458.864 208.144 43.4761 137.34
internal_count=174906 40450 11032 134456 29418 28152 25942 19790 6152 5825 10942 4688 863 8848
is_linear=0
shrinkage=0.05


Tree=90
num_leaves=15
num_cat=0
split_feature=41 41 45 46 39 46 6 26 53 44 45 29 30 52
split_gain=137.174 70.9008 7.79022 7.8223 7.854 9.30874 8.41475 7.01133 6.9922 6.57798 8.64307 8.85851 8.5254 6.11278
threshold=0.00014656653365818786 0.97576516866683971 0.010874516330659391 0.39213618636131292 0.13392857462167743 0.9816129505634309 0.11852502077817918 3.1984648704528813 0.92304357886314403 0.2525289803743363 0.99461215734481823 0.58571431040763866 0.66410258412361156 0.12105178460478784
decision_type=2 2 2 2 2 2 2 2 2 2 2 2 2 2
left_child=-1 2 -2 9 6 7 13 -6 -7 -4 -11 12 -12 -5
right_child=1 -3 3 4 5 8 -8 -9 -10 10 11 -13 -14 -15
leaf_value=-0.044775725960644233 -0.025504324248438206 0.040098484590095886 -0.015975540974816134 0.022948934900988385 0.0021307836963486422 0.0077535580754723131 0.016556529791358035 -0.012065073037496668 -0.025288124328525736 0.016741099551251873 0.010726974470828966 0.011329934528165796 -0.032198198032907348 -0.019088065687622502
leaf_weight=141.69588169525377 16.410355782718398 123.21503382641822 15.849903106922282 2.195537866442467 438.13036933389958 15.629024349385871 100.74643909826409 97.958118730923161 60.304218057077378 183.43322860589251 11.625040829181669 44.111230958253145 23.393287606537342 27.24451198708266
leaf_count=135002 1352 9632 736 131 3881 1909 7793 1242 8398 2306 124 516 258 1626
internal_value=-4.05973e-05 0.00575864 0.00133455 0.00200936 -0.00069698 -0.00309764 0.0100047 -0.000636625 -0.0183764 0.00899809 0.0110365 -0.00258226 -0.0187309 -0.0109293
internal_weight=1301.94 1160.25 1037.03 1020.62 742.208 612.022 130.186 536.088 75.9332 278.413 262.563 79.1296 35.0183 29.44
internal_count=174906 39904 30272 28920 24980 15430 9550 5123 10307 3940 3204 898 382 1757
is_linear=0
shrinkage=0.05


Tree=91
num_leaves=15
num_cat=0
split_feature=41 41 26 23 6 13 52 53 35 15 35 45 41 6
split_gain=129.621 67.4899 7.67728 8.59407 11.67 10.2147 8.26882 8.61889 14.1892 7.32088 10.5186 7.2579 7.15689 7.56766
threshold=0.00014656653365818786 0.97576516866683971 2.9174053668975835 0.36205685138702398 0.6789083480834962 0.70294117927551281 0.23107945173978808 0.98474404215812694 0.38181819021701818 1.0000000180025095e-35 0.58571431040763866 0.99612250924110424 0.67655843496322643 0.78629976511001598
decision_type=2 2 2 2 2 2 2 2 2 2 2 2 2 2
left_child=-1 2 11 4 -4 -5 -6 9 -9 12 -11 -2 13 -8
right_child=1 -3 3 5 6 -7 7 8 -10 10 -12 -13 -14 -15
leaf_value=-0.0445489951509025 0.029324917684555175 0.039686629459112416 -0.017220149910592716 0.030573486031067784 -0.015290159091978084 0.0033206128217914341 0.015165213818730615 0.0065484075664520962 -0.016272874108053271 -0.0020576932311394693 0.033519978992630581 -0.0025816427107928021 0.018562725342325934 -0.011859141282249998
leaf_weight=135.50383086479269 35.022736238082871 118.49284550826997 110.91236403596122 29.68525945302099 66.938181378878653 284.93551348475739 26.654289901605807 142.00453150272369 114.3162077042507 31.002274708589539 46.865512934862636 27.021728010731749 37.407815955579281 81.341614460805431
leaf_count=135002 624 9632 7168 1627 1965 6912 463 3514 3428 1390 740 581 538 1322
internal_value=-5.9249e-05 0.00550932 0.00125053 8.24579e-05 -0.00316387 0.0067546 -5.31425e-05 0.0023424 -0.00385848 0.0093214 0.020733 0.0169994 0.00226928 -0.00446933
internal_weight=1288.1 1152.6 1034.11 972.064 657.443 314.621 546.53 479.592 256.321 223.272 77.8678 62.0445 145.404 107.996
internal_count=174906 39904 30272 29067 20528 8539 13360 11395 6942 4453 2130 1205 2323 1785
is_linear=0
shrinkage=0.05


Tree=92
num_leaves=15
num_cat=0
split_feature=41 41 45 47 53 15 53 35 36 53 8 39 44 9
split_gain=122.721 64.5299 8.23986 12.5911 8.28025 10.9166 9.91171 7.98408 12.1765 10.439 7.7079 7.51323 7.30404 8.10096
threshold=0.00014656653365818786 0.98753491044044506 0.12699197977781299 -0.22730863839387891 0.79007393121719371 1.0000000180025095e-35 0.18433526158332827 0.30952382087707525 -0.25924634933471674 0.99858573079109203 1.0000000180025095e-35 0.75000000000000011 0.99645903706550609 1.7005987167358401
decision_type=2 2 2 2 2 2 2 2 2 2 2 2 2 2
left_child=-1 2 -2 4 5 10 -7 12 9 -9 -4 -8 -6 -14
right_child=1 -3 3 -5 7 6 11 8 -10 -11 -12 -13 13 -15
leaf_value=-0.044314736642137594 -0.013723369107890966 0.042186835524686328 0.010680690052877785 0.011941477387407281 -0.0085209432512056635 -0.0027789576221077237 0.059587636934722299 0.0026517071366533615 -0.023486579441519398 -0.019898806209721398 -0.015851905090611927 0.0051021793100350151 0.016323450381258948 -0.0084900717290984189
leaf_weight=129.61118087271461 72.143177835620008 97.617776234634221 57.535543906735256 261.26688057510182 70.172729982994497 15.60832191549707 13.846054014167748 220.22994005063083 83.107552673202008 56.233107095467858 36.028387300786562 11.387872811756097 113.97896858653985 37.662569347885437
leaf_count=135002 3720 8256 1264 4590 2192 772 484 8347 2469 2247 872 111 3183 1397
internal_value=-3.29834e-05 0.00531146 0.00151468 0.00276745 -0.00069951 0.0100451 0.0286944 -0.00331134 -0.00783135 -0.00246963 -8.0254e-05 0.0434256 0.00403754 0.0100166
internal_weight=1276.43 1146.82 1049.2 977.058 715.791 134.406 40.8422 581.385 359.571 276.463 93.5639 25.2339 221.814 151.642
internal_count=174906 39904 31648 27928 23338 3503 1367 19835 13063 10594 2136 595 6772 4580
is_linear=0
shrinkage=0.05


Tree=93
num_leaves=15
num_cat=0
split_feature=41 41 28 23 40 41 45 41 29 31 40 26 4 20
split_gain=116.099 61.5168 7.86778 12.1972 9.70827 14.8491 9.2656 8.34999 7.3028 24.8115 6.47673 13.9619 10.8529 10.2136
threshold=0.00014656653365818786 0.98753491044044506 0.060153776779770858 0.52594006061553966 0.32824303209781652 0.0079612196423113363 0.99450266361236583 0.84367874264717113 0.58571431040763866 0.86729559302330028 0.67312461137771618 3.1984648704528813 0.94444444775581371 0.022540711797773842
decision_type=2 2 2 2 2 2 2 2 2 2 2 2 2 2
left_child=-1 2 3 -2 -4 -6 -5 10 9 -9 11 13 -12 -7
right_child=1 -3 4 6 5 7 -8 8 -10 -11 12 -13 -14 -15
leaf_value=-0.044072848243353585 -0.037441330440243732 0.041844277172217767 0.017336568679535227 0.019744930267571181 -0.018575339104610438 0.00084966486117826496 -0.024181576351431894 0.024311005131354368 0.022579671265906202 -0.039633355994850822 -0.0097374298258535372 -0.012401788647646227 0.026949685036706833 0.016870541234126211
leaf_weight=124.00329856167082 22.115113533218391 93.677917310036719 89.673541203141212 23.46672784734983 78.740401759278029 223.02797881886363 8.9534381064586324 27.26420789770782 79.660917773842812 15.610980481840668 197.60658216290176 95.679449593648314 12.684128347784279 171.23865242023021
leaf_count=135002 1228 8256 7028 378 13265 1643 155 637 2260 381 1943 1063 105 1562
internal_value=-2.96664e-05 0.00510539 0.00144906 -0.0154948 0.00252676 0.000879596 0.00477306 0.00294215 0.0144519 -0.0020637 0.00075292 0.00389037 -0.00640165 0.00805308
internal_weight=1263.4 1139.4 1045.72 54.5353 991.187 901.513 32.4202 822.773 122.536 42.8752 700.237 489.946 210.291 394.267
internal_count=174906 39904 31648 1761 29887 22859 533 9594 3278 1018 6316 4268 2048 3205
is_linear=0
shrinkage=0.05


Tree=94
num_leaves=15
num_cat=0
split_feature=41 41 45 47 53 14 40 49 40 51 37 53 28 40
split_gain=109.789 58.6649 7.44657 10.9161 7.83683 8.37509 8.05643 8.22406 7.54912 7.32991 6.96734 8.96223 6.93764 6.27922
threshold=0.00014656653365818786 0.98753491044044506 0.12699197977781299 -0.22730863839387891 0.79007393121719371 0.35416667163372045 0.58540308475494396 4.5000000000000009 0.52062177658081066 2.5000000000000004 -0.64472705125808705 0.18433526158332827 0.16807910054922107 0.74484792351722728
decision_type=2 2 2 2 2 2 2 2 2 2 2 2 2 2
left_child=-1 2 -2 4 5 10 7 8 -6 13 -4 -12 -9 -8
right_child=1 -3 3 -5 6 -7 9 12 -10 -11 11 -13 -14 -15
leaf_value=-0.043823227214980526 -0.013192556674210147 0.041494587025512696 -0.012180663539479079 0.011177338076256897 -0.0058054189928455268 -0.0070379555399003764 -0.011952213651945948 -0.015714299102570255 0.017113724766212875 -0.020817051343859645 0.00039570536943586102 0.033983867794208956 0.018208396517645963 0.014401540124080148
leaf_weight=118.66627491649706 71.253828223794699 89.923556702211499 10.449131823959759 257.68719126319047 295.52773113700096 44.036482000141405 39.5845378623344 10.147313018445855 30.958110220497474 92.399607857340015 30.12670191435609 49.661784809781238 79.407127046841197 31.537301592761651
leaf_count=135002 3720 8256 361 4590 12669 908 571 487 1046 1511 1242 992 3183 368
internal_value=-3.62202e-05 0.00489445 0.00137408 0.00256595 -0.000654136 0.00980097 -0.00320155 0.000560015 -0.00318816 -0.0122527 0.0179008 0.0227581 0.0131723 6.84911e-05
internal_weight=1251.37 1132.7 1042.78 971.523 713.836 134.274 579.562 416.04 326.486 163.521 90.2376 79.7885 89.5544 71.1218
internal_count=174906 39904 31648 27928 23338 3503 19835 17385 13715 2450 2595 2234 3670 939
is_linear=0
shrinkage=0.05


Tree=95
num_leaves=15
num_cat=0
split_feature=41 41 28 23 40 41 45 41 29 31 44 7 44 4
split_gain=103.87 55.8976 7.35091 11.4441 8.89318 13.5657 8.73353 7.24348 7.00685 23.0964 6.27583 9.32293 6.84795 6.24219
threshold=0.00014656653365818786 0.98753491044044506 0.060153776779770858 0.52594006061553966 0.32824303209781652 0.0079612196423113363 0.99450266361236583 0.84367874264717113 0.58571431040763866 0.86729559302330028 0.9959818720817567 0.8532998561859132 0.99930480122566234 0.94444444775581371
decision_type=2 2 2 2 2 2 2 2 2 2 2 2 2 2
left_child=-1 2 3 -2 10 -6 -5 13 9 -9 11 -4 -12 -7
right_child=1 -3 4 6 5 7 -8 8 -10 -11 12 -13 -14 -15
leaf_value=-0.043565795424273988 -0.036653344876782012 0.041137760604285915 -0.01918690013806305 0.019058210931433579 -0.018002698462386547 -0.0011324048123498593 -0.023649225613382757 0.023577321311840458 0.021694419129448354 -0.038128533059946804 0.030037582744347036 0.022908745189821025 -0.014584373067220276 0.012596944784720888
leaf_weight=113.58685794199118 21.575275041046552 86.345921432599425 20.083124493481591 23.387880155583844 77.224728761124425 612.71272403839976 8.8799287751317006 26.444146075285971 77.35145400930196 16.012829845771194 53.223928094026633 13.384104680968447 3.8938192512141532 85.518886643461883
leaf_count=135002 1228 8256 2036 378 13265 5650 155 637 2260 381 4144 637 211 666
internal_value=-3.44104e-05 0.00470156 0.00131248 -0.0151547 0.002355 0.000762502 0.00449083 0.00273 0.0135774 -0.00252732 0.0164534 -0.000954775 0.0252759 0.000703277
internal_weight=1239.63 1126.04 1039.69 53.8431 985.85 895.265 32.2678 818.04 119.808 42.457 90.585 33.4672 57.1177 698.232
internal_count=174906 39904 31648 1761 29887 22859 533 9594 3278 1018 7028 2673 4355 6316
is_linear=0
shrinkage=0.05


Tree=96
num_leaves=15
num_cat=0
split_feature=41 41 26 23 6 13 9 5 47 31 5 52 53 37
split_gain=98.2199 53.2865 7.1324 7.82252 11.6695 9.46171 9.09296 7.76898 7.17672 8.11327 8.94257 6.81253 8.25406 9.68192
threshold=0.00014656653365818786 0.98753491044044506 2.9174053668975835 0.36205685138702398 0.68263989686965953 0.70294117927551281 3.4175922870635991 0.61250001192092907 -0.058420524001121514 0.65030118823051464 0.35416667163372045 0.23107945173978808 0.99388703703880321 -0.43558634817600245
decision_type=2 2 2 2 2 2 2 2 2 2 2 2 2 2
left_child=-1 2 -2 4 -4 -5 7 8 9 10 -7 -6 -13 -14
right_child=1 -3 3 5 11 6 -8 -9 -10 -11 -12 12 13 -15
leaf_value=-0.043300481022352989 0.016330809602417815 0.04077382036001341 -0.016883394539582965 0.029301975885169036 -0.013762768522669123 -0.0069347709620645771 0.027293572577898929 0.013943573583364455 0.014102209042813988 -0.028343501718403559 0.031898044489281865 0.0076000817334375432 0.0040204153510473486 -0.017653973200784961
leaf_weight=108.75245592265856 62.844249078771099 82.936616275459528 113.23775495460723 29.952387948171236 66.157541653839871 127.58299068617634 24.477549768052995 63.548944142763503 31.470355128403753 32.156268389197066 6.6824516000924623 285.99603522033431 111.92358896159567 81.094245947548188
leaf_count=135002 1349 8256 7337 1642 2039 4347 503 1004 874 419 111 6401 3632 1990
internal_value=-4.44193e-05 0.00450154 0.00123923 0.00010975 -0.002988 0.00646033 0.00315813 -2.38228e-05 -0.00496412 -0.00916455 -0.00292495 0.000150338 0.00231405 -0.00550687
internal_weight=1228.81 1120.06 1037.12 974.28 658.409 315.871 285.919 261.441 197.892 166.422 134.265 545.171 479.014 193.018
internal_count=174906 39904 31648 30299 21399 8900 7258 6755 5751 4877 4458 14062 12023 5622
is_linear=0
shrinkage=0.05


Tree=97
num_leaves=15
num_cat=0
split_feature=41 41 28 31 23 13 26 2 30 43 27 52 47 23
split_gain=93.0134 50.6906 6.84243 10.6014 7.39338 11.1552 10.1101 10.1198 11.6385 8.53867 7.46332 9.45831 7.87073 7.91944
threshold=0.00014656653365818786 0.98753491044044506 0.054424287751317031 0.54011154174804699 0.34615947306156164 0.70294117927551281 3.0677825212478642 0.55028089880943309 0.78629976511001598 1.5000000000000002 0.908033847808838 0.96117722988128673 -0.98753517866134632 0.29462902247905737
decision_type=2 2 2 2 2 2 2 2 2 2 2 2 2 2
left_child=-1 2 3 -2 6 -6 10 -8 -9 -10 11 -4 -13 -14
right_child=1 -3 4 -5 5 -7 7 8 9 -11 -12 12 13 -15
leaf_value=-0.043027217895486636 0.015393994151476593 0.040402801794689351 -0.009672449759647506 -0.028261436759437871 0.031624160326200301 0.0044754927002684146 -0.018069630531159297 0.024787430111747031 0.010813903720481145 -0.011423442287011991 0.00054612754043951853 -0.01150961771283995 0.038581020946343601 -0.0015610299323723107
leaf_weight=104.15108426258666 12.791443113237618 79.687647345475852 20.693487476557493 33.937537853606045 34.836699393112212 276.35495821328368 117.11630305578001 28.718055208446458 51.781615468789823 139.07722026819829 250.70229855377693 7.9703131526475763 47.687933520181105 14.650978930760173
leaf_count=135002 785 8256 782 755 1833 7192 6525 597 736 5301 4612 1336 914 280
internal_value=-2.08193e-05 0.00433922 0.00120648 -0.0157043 0.00215413 0.00840465 -0.000793517 -0.00684207 -0.000327357 -0.00515225 0.0051914 0.0166675 0.024659 0.0302352
internal_weight=1220.16 1116.01 1036.32 46.729 989.59 311.192 678.398 336.693 219.577 190.859 341.705 91.0027 70.3092 62.3389
internal_count=174906 39904 31648 1540 30108 9025 21083 13159 6634 6037 7924 3312 2530 1194
is_linear=0
shrinkage=0.05


Tree=98
num_leaves=15
num_cat=0
split_feature=41 41 33 26 28 36 41 45 53 11 9 26 33 26
split_gain=88.0598 48.2281 6.58711 8.17414 11.5194 14.9694 10.0778 8.87966 11.8583 11.3193 9.53222 8.19568 7.2218 6.93702
threshold=0.00014656653365818786 0.98753491044044506 0.97789987921714794 3.0677825212478642 0.24525599926710132 -0.56662163138389576 0.015471091959625484 0.99083778262138378 0.99452319741249096 0.35724179446697241 1.7005987167358401 3.2384861707687382 0.85653752088546764 3.0677825212478642
decision_type=2 2 2 2 2 2 2 2 2 2 2 2 2 2
left_child=-1 2 3 4 -2 6 -6 9 -9 11 -11 -5 -7 -4
right_child=1 -3 13 7 5 12 -8 8 -10 10 -12 -13 -14 -15
leaf_value=-0.042745971563308657 -0.01645698315050784 0.040024770581396571 -0.00025499234594866972 0.00083533647144568555 -0.0030762674469843056 0.0076493921143009139 0.036862260273802024 0.0016154576704908337 -0.022798868125026933 6.7011091307701443e-05 0.024414708898336412 -0.02418333077535112 -0.007119234906518875 0.025719333359159005
leaf_weight=99.771320652158465 48.665459277108312 76.591375370509923 49.33242538489867 74.331445646297652 19.404982942272909 234.70619265013374 50.546532331965864 83.069740107981488 109.48178184858989 103.74241708870977 55.687705538934097 47.605893550440669 115.83806053549051 43.234277204959653
leaf_count=135002 2270 8256 950 3317 2760 4686 514 2812 5092 2555 1179 2814 2007 692
internal_value=-4.49942e-06 0.00417628 0.00116768 -0.000139587 0.00449108 0.00724144 0.026784 -0.00472184 -0.0127064 0.000990883 0.00951052 -0.0100249 0.00270697 0.0132014
internal_weight=1212.01 1112.24 1035.65 943.08 469.161 420.496 69.9515 473.919 192.552 281.367 159.43 121.937 350.544 92.5667
internal_count=174906 39904 31648 30006 12237 9967 3274 17769 7904 9865 3734 6131 6693 1642
is_linear=0
shrinkage=0.05


Tree=99
num_leaves=15
num_cat=0
split_feature=41 41 28 23 40 46 45 52 47 32 40 45 40 45
split_gain=83.382 45.9718 6.44575 10.4744 8.77009 13.0284 7.84258 6.90349 8.09982 6.9218 5.93041 10.1039 10.945 9.18738
threshold=0.00012526805221568796 0.98753491044044506 0.060153776779770858 0.52594006061553966 0.32824303209781652 0.98655793070793163 0.99493819475173961 0.47127565741539007 -0.22730863839387891 0.84756988286972057 0.58540308475494396 0.99321579933166515 0.52062177658081066 0.99396035075187694
decision_type=2 2 2 2 2 2 2 2 2 2 2 2 2 2
left_child=-1 2 3 -2 -4 7 -5 9 10 -6 11 12 -9 -12
right_child=1 -3 4 6 5 -7 -8 8 -10 -11 13 -13 -14 -15
leaf_value=-0.042821200995338607 -0.035304017329486105 0.039639808616223265 0.015981849357164304 0.017732417126598732 -0.019982208773278515 -0.01898197144880126 -0.023115157261558165 -0.009202118208946182 0.012609102560446506 0.0027694182979264245 0.0033633781950896573 0.013863079398613845 0.02206723372835211 -0.017874432084549929
leaf_weight=94.007870404690038 20.910781997954473 73.640508679673076 91.630967330245767 23.948182748630643 54.551789348595776 68.671385248133447 8.1828968371846695 140.48835502524162 194.71806755254511 64.953275196370669 111.44457928347401 151.69682785961777 24.561985844688024 79.938179940916598
leaf_count=132938 1318 8256 7893 389 1649 12043 155 1860 3914 1221 976 1121 283 890
internal_value=2.00714e-06 0.00398108 0.00109084 -0.0144284 0.00206545 0.000472823 0.00431232 0.00230595 0.00421082 -0.00835728 0.000811306 0.00495641 -0.00355397 -0.00595448
internal_weight=1203.35 1109.34 1035.7 53.0419 982.655 891.024 32.1311 822.353 702.848 119.505 508.13 316.747 165.05 191.383
internal_count=174906 41968 33712 1862 31850 23957 544 11914 9044 2870 5130 3264 2143 1866
is_linear=0
shrinkage=0.05


Tree=100
num_leaves=15
num_cat=0
split_feature=41 41 26 53 23 6 34 45 48 28 42 7 41 48
split_gain=78.8698 43.7932 6.20407 6.74479 7.89768 10.3185 8.17244 6.08345 6.07994 9.61274 6.60846 6.06863 7.42609 5.93791
threshold=0.00012526805221568796 0.98753491044044506 2.9174053668975835 0.99885290861129772 0.3953110426664353 0.68263989686965953 0.98124927282333385 0.99612250924110424 2.5000000000000004 0.072077922523021712 5.5000000000000009 0.51887464523315441 0.43254797160625463 3.5000000000000004
decision_type=2 2 2 2 2 2 2 2 2 2 2 2 2 2
left_child=-1 2 7 4 5 -4 8 -2 10 -10 -6 -8 -13 -7
right_child=1 -3 3 -5 6 13 11 -9 9 -11 -12 12 -14 -15
leaf_value=-0.042536164042201646 0.026385326624885432 0.03924803519990859 -0.014544493658890765 -0.01410725261080646 0.010896707847809797 -0.002907609809460223 0.012659239077159901 -0.0026156871308452303 -0.0086688778783596352 0.030465058774740074 -0.023041134168990084 -0.020003963361769347 0.0080179008828817032 0.0078475979599316285
leaf_weight=90.072688109707087 35.3149062350858 70.828095555305481 118.20191275427351 68.401129248610232 44.277453001588583 322.80037320376141 40.92736545187654 27.335199447814375 14.715899911243467 72.014895938860718 9.5638034231960756 47.532819019514136 32.84793358668685 199.23996542097302
leaf_count=132938 731 8256 8171 2663 695 8848 792 675 336 2418 1134 1651 457 5141
internal_value=-1.68439e-05 0.00380289 0.00102004 -3.45819e-05 0.00117541 -0.00183048 0.0083212 0.0151134 0.0161053 0.0236153 0.00220349 -0.00123855 -0.00893259 0.00126753
internal_weight=1194.07 1104 1033.17 970.524 902.122 640.242 261.88 62.6501 140.572 86.7308 53.8413 121.308 80.3808 522.04
internal_count=174906 41968 33712 32306 29643 22160 7483 1406 4583 2754 1829 2900 2108 13989
is_linear=0
shrinkage=0.05


Tree=101
num_leaves=15
num_cat=0
split_feature=41 41 33 26 27 2 45 53 23 7 29 41 14 26
split_gain=74.6721 41.66 5.90115 7.09517 12.268 18.3018 8.46684 10.7879 9.7738 8.41592 8.28977 6.73262 6.51771 6.68062
threshold=0.00012526805221568796 0.98753491044044506 0.97789987921714794 3.0677825212478642 0.4901809841394425 0.42905081808567053 0.99083778262138378 0.99452319741249096 0.33333969116210943 0.71010184288024913 0.58571431040763866 0.67655843496322643 0.38750000298023229 3.0677825212478642
decision_type=2 2 2 2 2 2 2 2 2 2 2 2 2 2
left_child=-1 2 3 4 -2 -6 8 -8 9 -5 -7 -12 -4 -14
right_child=1 -3 12 6 5 10 7 -9 -10 -11 11 -13 13 -15
leaf_value=-0.042243298464727519 -0.01385425730379254 0.038849581685990689 0.030967596888328449 -0.023192188232278935 0.026442235514382913 -0.020144915053358817 0.0013139373326026742 -0.022048029950177295 0.013957230360720142 0.00049781110757311504 0.00016626299521972545 0.018126868050209091 -0.010011911043021151 0.017434946353318052
leaf_weight=86.326586571929511 70.92120923026232 68.147499936632812 22.457128695037682 39.514982156979386 87.274144241644535 29.106939248624258 82.931971066806 108.49018829205306 88.126884220167994 152.71321634744527 222.43768251035362 58.243229845538735 37.411065969150513 32.087777549400926
leaf_count=132938 4457 8256 476 2301 2581 699 3006 5432 2799 5471 4052 1260 689 489
internal_value=-1.5168e-05 0.00365001 0.000974364 -0.000262414 0.00405646 0.00751734 -0.00454183 -0.0123639 0.00104086 -0.005278 0.00152562 0.0043886 0.0123999 0.00325945
internal_weight=1186.19 1099.86 1031.72 939.76 467.983 397.062 471.777 191.422 280.355 192.228 309.788 280.681 91.956 69.4988
internal_count=174906 41968 33712 32058 13049 8592 19009 8438 10571 7772 6011 5312 1654 1178
is_linear=0
shrinkage=0.05


Tree=102
num_leaves=15
num_cat=0
split_feature=41 41 28 23 40 41 45 4 9 32 44 36 53 30
split_gain=70.7208 39.6067 5.91743 9.7064 8.43323 11.2949 7.16395 6.11245 8.55052 9.44948 7.89608 7.01311 8.22724 8.96219
threshold=0.00012526805221568796 0.98753491044044506 0.060153776779770858 0.52594006061553966 0.32824303209781652 0.0079612196423113363 0.99493819475173961 0.94444444775581371 1.2424533367156985 0.69399762153625499 0.99829635024070751 -0.27584835886955256 0.99858573079109203 0.6820855736732484
decision_type=2 2 2 2 2 2 2 2 2 2 2 2 2 2
left_child=-1 2 3 -2 -4 -6 -5 11 -9 10 -10 12 13 -7
right_child=1 -3 4 6 5 7 -8 8 9 -11 -12 -13 -14 -15
leaf_value=-0.041942616150894875 -0.034377246216186264 0.03844459894717888 0.015477400747758233 0.016881428765226258 -0.01706993100528631 -3.6673663028861489e-05 -0.022234545576964432 0.029636391601759522 -0.023550190604773955 0.028868558203181724 0.011850908658921728 -0.0052904006324471014 -0.010743868838574214 0.015709559213554901
leaf_weight=82.76029467175249 20.322495274071116 65.592402887530625 92.102380077878479 23.846419938607145 74.870055355480872 185.80758800543845 8.0947363196173665 35.627139330841601 28.738725421018898 11.479994918219743 18.541528688743711 300.02240273263305 64.266688026022166 165.83727655932307
leaf_count=132938 1318 8256 7893 389 14363 1892 155 405 245 181 147 3639 910 2175
internal_value=-9.21178e-06 0.00351053 0.000936501 -0.0140267 0.00187067 0.00029784 0.00403059 0.00209107 0.0133949 0.000669503 -0.010022 0.000436804 0.0045954 0.00761837
internal_weight=1177.91 1095.15 1029.56 52.2637 977.294 885.191 31.9412 810.321 94.3874 58.7602 47.2803 715.934 415.912 351.645
internal_count=174906 41968 33712 1862 31850 23957 544 9594 978 573 392 8616 4977 4067
is_linear=0
shrinkage=0.05


Tree=103
num_leaves=15
num_cat=0
split_feature=41 41 6 45 40 41 31 46 45 27 31 20 35 52
split_gain=66.9596 37.6629 5.74999 8.72396 8.35649 10.2784 7.47737 6.09109 9.39248 5.99173 9.12387 5.08402 4.86321 4.48515
threshold=0.00012526805221568796 0.98753491044044506 0.11852502077817918 0.99057814478874218 0.36146911978721624 0.0079612196423113363 0.56691542267799389 0.27338738739490515 0.48243814706802374 0.95861870050430309 0.2290398105978966 0.040688453242182739 0.70833334326744091 0.99424701929092418
decision_type=2 2 2 2 2 2 2 2 2 2 2 2 2 2
left_child=-1 2 3 -2 9 -6 -5 8 12 10 -4 -12 -7 -9
right_child=1 -3 4 6 5 7 -8 13 -10 -11 11 -13 -14 -15
leaf_value=-0.041634150469938562 0.0026269235223890831 0.03803327757574218 -0.0068298949560690802 0.0022070603657580313 -0.017743860817211556 0.0069692758800569748 -0.044419464387966581 -0.0054846178633061182 0.014209992015551731 -0.0060131410544635852 0.035065177593822654 0.0029796028052207395 -0.023411074284767495 0.0031923920422532478
leaf_weight=79.36498299165396 44.294354374404065 63.156759530771524 20.627138672687579 11.471251956769267 63.105689873802476 16.677741158753633 16.103627879172564 264.02879076637328 163.30731031298637 24.036248258780688 48.695098766358569 18.148256733315066 20.889340640045702 316.60228687524796
leaf_count=132938 1492 8256 1945 855 12535 196 373 2436 3592 1119 4781 1261 278 2849
internal_value=-9.79932e-06 0.00336838 0.000892762 -0.011842 0.00196267 0.000196568 -0.0295975 0.00185111 0.00913087 0.0142229 0.01983 0.0278752 -0.0112941 -0.000779337
internal_weight=1170.51 1091.14 1027.99 71.8692 956.118 844.611 27.5749 781.505 200.874 111.507 87.4705 66.8434 37.5671 580.631
internal_count=174906 41968 33712 2720 30992 21886 1228 9351 4066 9106 7987 6042 474 5285
is_linear=0
shrinkage=0.05


Tree=104
num_leaves=15
num_cat=0
split_feature=42 46 45 22 53 44 28 6 37 23 36 7 37 23
split_gain=63.455 18.9798 22.0934 12.9541 5.70057 8.39658 9.76315 10.0068 7.96733 13.6611 7.34186 7.03559 7.07766 6.66635
threshold=10.500000000000002 0.025320024229586128 0.59144136309623729 0.22604190558195117 0.99715062975883495 0.99632176756858837 0.087595909833908095 0.78086888790130626 -0.63864290714263905 0.44186773896217352 -0.24469336867332456 0.87138131260871898 -0.56188875436782826 0.73914408683776867
decision_type=2 2 2 2 2 2 2 2 2 2 2 2 2 2
left_child=1 2 -1 -2 5 11 -7 -8 -6 -10 -9 -3 -13 -11
right_child=3 4 -4 -5 8 6 7 10 9 13 -12 12 -14 -15
leaf_value=-0.0090083863817842069 -0.041217706651717631 -0.0073320919746771842 0.03347111673869281 0.01831720140528896 0.0095417824638079161 -0.018755184235308076 0.02074340137156638 0.017724687012584492 -0.01941532400208007 0.017218804403160811 -0.0044258939692387849 -0.011089644479439869 0.012236451727697311 -0.011984871085200573
leaf_weight=39.022410907316953 91.355794544389937 218.65456328965956 89.666151006240398 4.4680922045954494 60.077726555988193 19.993180420249701 142.556693771563 44.258004049072042 124.63803887018003 45.021834321203642 111.7685193993384 35.37347180955112 114.02406856190646 21.69166715972824
leaf_count=1293 133409 7829 9739 1047 2254 554 5193 930 4589 1392 2402 1226 2640 409
internal_value=-2.84739e-05 0.00360275 0.0208692 -0.0369731 0.00103889 0.00339164 0.00920574 0.0116251 -0.0052702 -0.0101636 0.00254641 -0.00175129 0.00636421 0.00739882
internal_weight=1162.57 1066.75 128.689 95.8239 938.058 686.629 318.576 298.583 251.429 191.352 156.027 368.052 149.398 66.7135
internal_count=174906 40450 11032 134456 29418 20774 9079 8525 8644 6390 3332 11695 3866 1801
is_linear=0
shrinkage=0.05


Tree=105
num_leaves=15
num_cat=0
split_feature=41 41 14 35 42 45 51 23 45 27 53 36 30 6
split_gain=60.2526 34.3377 5.77357 18.6656 9.25871 10.3405 7.70762 8.114 8.26882 7.56528 7.0955 8.44378 7.71437 6.56063
threshold=0.00012526805221568796 0.98753491044044506 1.0000000180025095e-35 0.84523808956146251 5.5000000000000009 0.83760464191436779 3.5000000000000004 0.36536549031734472 0.99144393205642711 0.30094340443611151 0.99858573079109203 -0.21425617486238477 0.69631093740463268 0.50242719054222118
decision_type=2 2 2 2 2 2 2 2 2 2 2 2 2 2
left_child=-1 2 3 -2 5 13 -6 -8 -9 -10 11 -7 -12 -4
right_child=1 -3 4 -5 6 10 7 8 9 -11 12 -13 -14 -15
leaf_value=-0.04101967437547388 0.0022703438319588219 0.037255403025597066 0.0037310037124985134 0.04467947672444722 -0.024388652036681141 0.013919992446491621 -0.017294454839447776 -0.022986909530282124 -0.014501987292533061 0.030050385983104423 0.0081458231851337347 -0.0060443359250818875 -0.029456012251923909 -0.021839625653264218
leaf_weight=73.288902367465198 476.19167219940573 58.941127674654126 36.073491342831403 17.53882141597569 67.101445179665461 192.80716252466664 33.307738843956031 4.9877312495955257 5.9247415444115168 29.704177702311426 19.896083776839077 65.187022886238992 18.205539613030851 56.792643066961318
leaf_count=132938 18425 8256 641 289 6289 2757 1611 140 213 886 268 1199 308 686
internal_value=-2.66169e-05 0.00309836 0.00079037 0.00463391 -0.00280973 0.00123946 -0.0133204 -0.00156474 0.0122028 0.0210872 0.0058195 0.00883832 -0.0122095 -0.0125097
internal_weight=1155.95 1082.66 1023.72 493.73 529.988 388.962 141.026 73.9244 40.6167 35.6289 296.096 257.994 38.1016 92.8661
internal_count=174906 41968 33712 18714 14998 5859 9139 2850 1239 1099 4532 3956 576 1327
is_linear=0
shrinkage=0.05


Tree=106
num_leaves=15
num_cat=0
split_feature=41 41 26 14 35 42 14 30 7 50 34 13 52 27
split_gain=57.0132 32.8995 5.91157 6.02844 16.2953 9.6906 10.9163 7.50194 7.19685 8.24505 7.10421 7.18676 6.49979 6.49728
threshold=0.00012526805221568796 0.99238261580467235 2.9174053668975835 1.0000000180025095e-35 0.84523808956146251 5.5000000000000009 0.64583334326744091 0.8263767957687379 0.50352111458778392 4.5000000000000009 0.65319725871086132 0.98275861144065868 0.99881723523139965 0.95713412761688244
decision_type=2 2 2 2 2 2 2 2 2 2 2 2 2 2
left_child=-1 2 -2 4 13 6 10 -8 9 -7 -5 12 -12 -4
right_child=1 -3 3 5 -6 8 7 -9 -10 -11 11 -13 -14 -15
leaf_value=-0.040688812631986794 0.014612423930251375 0.039823076883012197 0.0086217356845321742 0.01959617428194509 0.042351280444933442 -0.013254418702038882 0.012226525928619503 -0.011860970843219331 -0.022277392125652107 0.026120501438809465 -0.018204059019183719 0.015032392379971901 0.0097973816624377028 -0.0033654976070477149
leaf_weight=70.346581602818333 63.07171688991366 47.332567792385817 184.13072065333836 11.62224618665641 16.118574718246236 23.199689076456707 168.57027736236341 31.085821262560785 89.677224410930648 12.321201924700288 137.64942710316973 15.124915923690422 17.658618626999669 261.70528087555431
leaf_count=132938 1549 6880 10191 276 274 1806 2822 1265 6645 339 1873 287 178 7583
internal_value=-4.29688e-05 0.00295554 0.00089854 -0.000134375 0.00395266 -0.00386336 0.000205612 0.00808933 -0.0153667 0.00314138 -0.00841131 -0.0113014 -0.0146202 0.00166578
internal_weight=1149.61 1079.27 1031.94 968.864 461.955 506.909 381.711 199.656 125.198 35.5209 182.055 170.433 155.308 445.836
internal_count=174906 41968 35088 33539 18048 15491 6701 4087 8790 2145 2614 2338 2051 17774
is_linear=0
shrinkage=0.05


Tree=107
num_leaves=15
num_cat=0
split_feature=41 41 6 45 40 46 31 41 7 44 7 40 26 39
split_gain=54.0852 31.3322 5.74278 8.62119 7.77915 10.9353 7.62653 6.04655 7.21817 5.89406 6.09043 5.61865 11.7873 10.0512
threshold=0.00012526805221568796 0.99238261580467235 0.11852502077817918 0.99057814478874218 0.32824303209781652 0.98655793070793163 0.56691542267799389 0.84367874264717113 0.89699381589889537 0.9959818720817567 0.83503401279449474 0.67312461137771618 3.1984648704528813 0.41666667163372045
decision_type=2 2 2 2 2 2 2 2 2 2 2 2 2 2
left_child=-1 2 3 -2 9 7 -5 11 -9 10 -4 12 13 -6
right_child=1 -3 4 6 5 -7 -8 8 -10 -11 -12 -13 -14 -15
leaf_value=-0.040350472804915202 0.0025607116560221379 0.039466158627409258 -0.017776050865122628 0.0025521335537643901 0.0016411664915314391 -0.01788888482062077 -0.044503989649645886 0.021992130679354824 -0.0016744104139440339 0.023803235042770831 0.016487595738052255 -0.0064705152117568391 -0.011637048390849804 0.018892880802931451
leaf_weight=67.544585536059458 44.043355673435144 45.509321720805019 17.249959055392537 11.320555872109255 269.24571678688517 64.573811010690406 16.055322644533589 65.653146071359515 53.811642355751246 56.328642454696819 14.827913859393446 206.48870746581815 96.604965118342079 114.47769260843052
leaf_count=132938 1511 6880 2054 855 3173 11951 398 2529 2028 4526 699 2067 2021 1276
internal_value=-8.35308e-06 0.0028718 0.000892284 -0.0118739 0.00195545 0.000444517 -0.0295686 0.00211397 0.0120259 0.0152814 -0.00178346 0.000242058 0.00320084 0.00713707
internal_weight=1143.74 1076.19 1030.68 71.4192 959.262 870.856 27.3759 806.282 119.465 88.4065 32.0779 686.817 480.328 383.723
internal_count=174906 41968 35088 2764 32324 25045 1253 13094 4557 7279 2753 8537 6470 4449
is_linear=0
shrinkage=0.05


Tree=108
num_leaves=15
num_cat=0
split_feature=41 41 28 23 45 40 41 41 29 31 4 37 40 26
split_gain=51.2094 29.9068 5.5992 8.45888 7.34272 6.66653 8.03408 6.62193 10.8085 22.1596 5.51033 8.19695 5.94094 9.49737
threshold=0.00012526805221568796 0.99238261580467235 0.060153776779770858 0.52594006061553966 0.99493819475173961 0.37308657169342047 0.0022219362435862426 0.84367874264717113 0.58571431040763866 0.86729559302330028 0.94444444775581371 -0.71559545397758473 0.67312461137771618 3.1984648704528813
decision_type=2 2 2 2 2 2 2 2 2 2 2 2 2 2
left_child=-1 2 3 -2 -5 -4 -7 10 9 -9 12 -12 13 -8
right_child=1 -3 5 4 -6 6 7 8 -10 -11 11 -13 -14 -15
leaf_value=-0.040004771222448714 -0.033051312700151263 0.03910415534826852 0.01186015358420932 0.016332407097446013 -0.023305421007526694 -0.022849171943787439 0.0045421335577255362 0.019976838024370343 0.021378656900179947 -0.041021671409423789 -0.0075621875258047467 0.021560126944997302 -0.0094318070489090109 -0.013887815290368531
leaf_weight=64.876013596222037 19.704326487553772 43.77080895146355 129.86027939192718 23.789316823706034 7.9804134974838226 26.60508088406641 341.44502924801782 24.269328034482896 79.059090741444379 16.794091762974858 33.347431789617985 50.929421896580607 197.52482093498111 77.294709145091474
leaf_count=132938 1325 6880 10550 408 162 9441 4176 745 3400 466 291 497 2267 1360
internal_value=-1.51738e-05 0.00275135 0.000842793 -0.0138098 0.00317981 0.00174676 7.64176e-05 0.00108577 0.0114463 -0.00811825 -0.000826851 0.0104569 -0.00251229 0.000895596
internal_weight=1137.25 1072.37 1028.6 51.4741 31.7697 977.129 847.269 820.664 120.123 41.0634 700.541 84.2769 616.265 418.74
internal_count=174906 41968 35088 1895 570 33193 22643 13202 4611 1211 8591 788 7803 5536
is_linear=0
shrinkage=0.05


Tree=109
num_leaves=15
num_cat=0
split_feature=41 41 37 12 28 34 49 41 40 8 39 33 53 31
split_gain=48.4459 28.5744 5.49193 8.4586 7.51078 6.74454 6.95103 9.03542 8.41976 11.2573 8.45733 9.79904 6.90678 6.59856
threshold=0.00012526805221568796 0.99238261580467235 -0.067956753075122819 0.62828946113586437 0.060153776779770858 0.93369963765144359 3.5000000000000004 0.0015194400912150743 0.36146911978721624 0.89587974548339855 0.41666667163372045 0.86807078123092662 0.99388703703880321 0.65030118823051464
decision_type=2 2 2 2 2 2 2 2 2 2 2 2 2 2
left_child=-1 2 3 4 -2 6 8 -8 9 -6 -10 -12 -9 -5
right_child=1 -3 -4 13 5 -7 7 12 10 -11 11 -13 -14 -15
leaf_value=-0.039651858827145656 -0.024114763344504242 0.038737262750305618 0.0060403058965274002 0.00097028064865514589 0.02455579875501987 0.014954421277342903 -0.022729498396123853 0.02228691512836738 -0.016039871666880815 -0.017859105745429097 0.008477312673975116 -0.025544853120642658 0.0023538545603670052 -0.023441480645162285
leaf_weight=62.334297682653414 19.149702746770345 42.11292739957571 325.71382377424743 43.821779771475121 38.3299356882344 74.567885982280131 13.610340982559135 64.231697262730449 147.35799116810085 14.636912296351509 95.609422171954066 16.508207640843466 111.41073035192676 61.74668953899527
leaf_count=132938 1314 6880 6896 1549 3516 2886 4572 1078 6140 1257 2258 314 2009 1299
internal_value=-3.95354e-05 0.00261685 0.00077589 -0.00172079 0.000670904 0.00189183 -0.000303993 0.00704395 -0.00483522 0.01186 -0.00855686 0.00178628 0.0104512 -0.014101
internal_weight=1131.14 1068.81 1026.7 700.981 595.413 576.263 501.695 189.253 312.442 52.9668 259.476 112.118 175.642 105.568
internal_count=174906 41968 35088 28192 25344 24030 21144 7659 13485 4773 8712 2572 3087 2848
is_linear=0
shrinkage=0.05


Tree=110
num_leaves=15
num_cat=0
split_feature=42 41 22 45 53 15 45 33 8 14 53 40 53 41
split_gain=45.9848 26.7758 12.1445 6.31825 5.33483 9.05053 9.53098 7.51333 12.2587 17.9693 10.7399 10.1179 13.3723 10.2348
threshold=10.500000000000002 0.99238261580467235 0.22604190558195117 0.010874516330659391 0.99670207500457775 1.0000000180025095e-35 0.97332108020782482 0.66506412625312816 1.0000000180025095e-35 0.35416667163372045 0.15867115557193759 0.70066976547241222 0.93039232492446911 0.925937980413437
decision_type=2 2 2 2 2 2 2 2 2 2 2 2 2 2
left_child=1 3 -2 -1 7 -6 -7 -5 11 10 -10 12 -9 -13
right_child=2 -3 -4 4 5 6 -8 8 9 -11 -12 13 -14 -15
leaf_value=-0.023543175220954116 -0.0394726420877618 0.038365680920934515 0.018160574389901062 -0.0038215074845173837 -0.00015367795283490366 0.016581269705550409 -0.033337219827401531 0.02079123740945045 -0.013305283328554169 -0.0016222433975918108 0.033511853829089458 -0.017642278709609358 -0.0042676994042992735 0.016274920335024517
leaf_weight=15.499152353790121 74.707600209279917 40.531774638220668 4.4851814054418346 208.91972047556192 250.09964749714709 5.7361716436280394 32.130292007466778 90.765394475951325 8.4300122404820268 76.89983343804488 101.83681970080943 89.540957280434668 106.97962676887983 20.146942791994661
leaf_count=1810 133409 6880 1047 8995 6852 445 3186 2429 233 1648 2158 951 3705 1158
internal_value=-6.19258e-05 0.00284646 -0.0345384 0.0010536 0.00166935 -0.00397211 -0.0238911 0.00400183 0.00731666 0.0170499 0.0291239 0.00104058 0.00768155 -0.0105733
internal_weight=1126.71 1047.52 79.1928 1006.98 991.485 287.966 37.8665 703.519 494.6 187.167 110.267 307.433 197.745 109.688
internal_count=174906 40450 134456 33570 31760 10483 3631 21277 12282 4039 2391 8243 6134 2109
is_linear=0
shrinkage=0.05


Tree=111
num_leaves=15
num_cat=0
split_feature=41 41 26 14 35 42 14 6 34 13 42 13 7 12
split_gain=43.5779 26.0292 5.49686 5.60304 15.2802 8.66771 9.34353 7.82443 6.67765 6.59505 9.39098 6.58663 6.49329 6.366
threshold=0.00012526805221568796 0.99238261580467235 2.9174053668975835 1.0000000180025095e-35 0.84523808956146251 5.5000000000000009 0.64583334326744091 0.8263767957687379 0.64414930343627941 0.94281044602394115 3.5000000000000004 0.98275861144065868 0.50352111458778392 0.81534090638160717
decision_type=2 2 2 2 2 2 2 2 2 2 2 2 2 2
left_child=-1 2 -2 4 13 6 8 9 -5 -8 -11 -10 -7 -4
right_child=1 -3 3 5 -6 12 7 -9 11 10 -12 -13 -14 -15
leaf_value=-0.038949017710621286 0.013962792969043722 0.037989645214280054 6.1987661497884668e-05 0.01993058449144863 0.041202794332796847 0.0027372420572347746 0.01845041963706338 -0.013296620563225234 -0.01394782766260645 0.017540910301708325 -0.016617797468791853 0.014506313890819224 -0.021503219372303151 0.026936259148847192
leaf_weight=57.752514615713153 62.508308048767503 39.023625341244042 430.15895085065858 10.436383192194624 15.613013932830652 35.547954116191249 106.89028138690628 30.049009562004358 155.27419755846495 26.404942377004772 35.072660999372602 14.976809516549109 88.270359282993013 13.228525497892404
leaf_count=132938 1549 6880 17540 263 274 2145 1973 1234 2064 475 405 287 6645 234
internal_value=-5.84301e-05 0.00239674 0.000686761 -0.000310736 0.00364243 -0.00391933 -5.61798e-05 0.00726297 -0.00805289 0.011472 -0.00154499 -0.0107788 -0.0148594 0.00144021
internal_weight=1121.21 1063.46 1024.43 961.923 459 502.923 379.104 198.417 180.687 168.368 61.4776 170.251 123.818 443.387
internal_count=174906 41968 35088 33539 18048 15491 6701 4087 2614 2853 880 2351 8790 17774
is_linear=0
shrinkage=0.05


Tree=112
num_leaves=15
num_cat=0
split_feature=41 41 6 52 40 46 11 3 8 52 46 29 31 32
split_gain=41.3698 24.7706 5.14268 7.95397 6.5711 9.93028 6.61313 9.10246 8.12795 5.98463 6.84735 7.7362 21.2561 6.22315
threshold=0.00012526805221568796 0.99238261580467235 0.11852502077817918 0.95746782422065746 0.31423592567443853 0.98967263102531444 0.35724179446697241 0.25349161028862005 0.89587974548339855 0.47127565741539007 0.27338738739490515 0.58571431040763866 0.86729559302330028 0.84756988286972057
decision_type=2 2 2 2 2 2 2 2 2 2 2 2 2 2
left_child=-1 2 3 -2 6 9 7 -4 -9 13 11 12 -11 -6
right_child=1 -3 4 -5 5 -7 -8 8 -10 10 -12 -13 -14 -15
leaf_value=-0.038575938696828717 0.011119963563818121 0.037609381285905664 -0.021451988112421456 -0.021086207177585387 -0.019175887303839772 -0.018629943256756772 0.029444610450503575 0.032383455613357634 -0.0080458692283569937 0.020698459232867797 0.00093352798862223634 0.019896635886199721 -0.036494747924611833 0.0026100158609219989
leaf_weight=55.548215976828942 20.685175788355991 37.584941000211984 16.557192666630726 49.929365768271964 54.221822021820117 53.934702759666834 30.829730181372724 18.020741650310811 16.57818159845192 29.189612100366503 550.36476634402061 102.13426946802065 17.84645350696519 62.682937922305427
leaf_count=132938 799 6880 3105 1965 1781 11422 2203 724 749 682 6541 3290 436 1391
internal_value=-1.69739e-05 0.00234407 0.000696851 -0.0114429 0.00170653 0.000359187 0.0144161 0.0020253 0.0155511 0.00182387 0.00359267 0.0127286 -0.0035957 -0.00820936
internal_weight=1116.11 1060.56 1022.97 70.6145 952.36 870.375 81.9858 51.1561 34.5989 816.44 699.535 149.17 47.0361 116.905
internal_count=174906 41968 35088 2764 32324 25543 6781 4578 1473 14121 10949 4408 1118 3172
is_linear=0
shrinkage=0.05


Tree=113
num_leaves=15
num_cat=0
split_feature=41 41 33 4 9 11 26 27 36 45 23 7 53 53
split_gain=39.1868 23.6345 5.09104 6.21939 12.1979 10.4757 5.75452 9.3876 18.5987 8.71708 10.088 6.73947 6.73334 6.35113
threshold=0.00012526805221568796 0.99238261580467235 0.97789987921714794 0.94444444775581371 1.2424533367156985 0.28253819048404699 3.0677825212478642 0.4901809841394425 -0.55553284287452687 0.99083778262138378 0.33333969116210943 0.71010184288024913 0.99452319741249096 0.99715062975883495
decision_type=2 2 2 2 2 2 2 2 2 2 2 2 2 2
left_child=-1 2 3 6 -5 -6 7 -2 -9 10 11 -8 -11 -10
right_child=1 -3 -4 4 5 -7 9 8 13 12 -12 -13 -14 -15
leaf_value=-0.038196397287899975 -0.013426504390065909 0.037225146148195484 0.0112649672139821 0.029985866447874845 -0.011242486773593402 0.03016700105343742 -0.023250056025516622 0.029895426281659504 0.0047973085205530522 -0.0027705628890286986 0.012720647599997026 -0.0010324162246064638 -0.023212348908789735 -0.010876397635684003
leaf_weight=53.447905694745714 69.947089916269761 36.212347325868905 91.98475238768151 37.12237483530771 60.752685459854547 9.5331557015888375 38.473754323087633 54.269949230016209 208.31797419534996 72.580403196217958 87.21117433620384 118.77833078731783 89.959368820593227 81.814906334679108
leaf_count=132938 4461 6880 1950 784 2382 215 2325 1846 4357 2753 2837 4426 4788 1964
internal_value=-2.081e-05 0.00224954 0.000659624 -0.000499542 0.0102789 -0.00256807 -0.00201572 0.00211309 0.00555893 -0.00616894 -9.18846e-05 -0.00753336 -0.0147739 0.000162339
internal_weight=1110.41 1056.96 1020.75 928.761 107.408 70.2858 821.353 414.35 344.403 407.003 244.463 157.252 162.54 290.133
internal_count=174906 41968 35088 33138 3381 2597 29757 12628 8167 17129 9588 6751 7541 6321
is_linear=0
shrinkage=0.05


Tree=114
num_leaves=15
num_cat=0
split_feature=42 22 4 22 23 13 6 9 27 32 46 6 9 11
split_gain=37.0885 11.5789 10.9284 15.1772 6.63918 9.85427 9.49885 7.72413 8.3808 6.69243 6.25777 6.20969 6.06771 6.80619
threshold=10.500000000000002 0.22604190558195117 0.94444444775581371 0.98314607143402111 0.34615947306156164 0.70294117927551281 0.68263989686965953 3.4175922870635991 0.83438816666603099 0.93767654895782482 0.208102822303772 0.94360822439193737 2.8029010295867924 0.28253819048404699
decision_type=2 2 2 2 2 2 2 2 2 2 2 2 2 2
left_child=2 -2 4 12 6 -6 -1 8 10 -8 -7 -11 -4 -14
right_child=1 -3 3 -5 5 7 9 -9 -10 11 -12 -13 13 -15
leaf_value=-0.015880275244309804 -0.038198542044093682 0.018055091334159841 0.038026164377653389 -0.0020895859767139403 0.027743089797735904 0.011938277777487133 -0.0023194583828337421 0.024385249605668711 0.016923429882522861 0.018204450627228547 -0.0079888573665107994 -0.016538184782927644 -0.02173973244186677 0.023921111491282707
leaf_weight=101.37896373320837 65.640871795476414 4.5002789594000197 49.7681819438003 61.572534875944257 35.330067363451235 39.57658145451569 393.57879753009183 26.177601356932428 47.973340647644363 66.643009533872828 192.66202538850484 7.3539709767792365 7.1428990301792492 5.5770180756226182
leaf_count=8084 133409 1047 4611 537 2402 1241 12189 610 1526 2496 5024 377 914 439
internal_value=-6.52922e-06 -0.0327867 0.00250809 0.0158371 0.000539987 0.00595282 -0.00275768 0.00264272 -0.00015875 0.00036048 -0.00424036 0.0131938 0.0313526 -2.74878e-06
internal_weight=1104.88 70.1412 1034.73 124.061 910.674 341.72 568.955 306.39 280.212 467.576 232.239 73.997 62.4881 12.7199
internal_count=174906 134456 40450 6501 33949 10803 23146 8401 7791 15062 6265 2873 5964 1353
is_linear=0
shrinkage=0.05


Tree=115
num_leaves=15
num_cat=0
split_feature=41 41 45 47 39 44 27 36 47 51 39 15 7 44
split_gain=35.3915 21.8395 5.01234 6.10357 6.03431 7.00421 6.24177 6.60363 5.77004 6.73145 5.60873 5.19807 6.57213 10.5508
threshold=0.00012526805221568796 0.99238261580467235 0.12699197977781299 -0.22730863839387891 0.13392857462167743 0.9959818720817567 0.12599206715822223 -0.051073288545012467 -0.9635547101497649 2.5000000000000004 0.22500000149011615 1.0000000180025095e-35 0.91366460919380199 0.96098020672798168
decision_type=2 2 2 2 2 2 2 2 2 2 2 2 2 2
left_child=-1 2 -2 4 5 -4 -7 -8 9 10 -6 12 13 -5
right_child=1 -3 3 11 8 6 7 -9 -10 -11 -12 -13 -14 -15
leaf_value=-0.03744464156220037 -0.011463212345082241 0.03658568548926016 -0.0078546093783204551 -0.017214436345612694 -0.016459606066587626 -0.011399942867086087 0.02592420507868869 -0.011314562137878631 -0.0007364961215022552 -0.022354139085189215 0.018755773710380882 0.025272641451452263 -0.0059830941826367508 0.016750762293861174
leaf_weight=49.660579988238169 69.198280257289298 34.091381518170238 37.611942718765931 19.249038998270407 9.6058216395031213 11.333399258233838 67.263796715502394 8.2388832101132703 486.34948926867219 60.287624862947268 17.724651934637222 28.643665836774744 80.142210573132616 120.35969990422018
leaf_count=132938 4011 6880 2932 219 1215 880 5585 435 5673 6453 1926 474 2079 3206
internal_value=2.58377e-05 0.00213437 0.000633064 0.0016277 -0.000790526 0.00877265 0.0160419 0.0210126 -0.00297874 -0.0140745 0.00528504 0.00819451 0.00496533 0.0112301
internal_weight=1099.76 1050.1 1016.01 946.81 698.416 124.448 86.8361 75.5027 573.968 87.6181 27.3305 248.395 219.751 139.609
internal_count=174906 41968 35088 31077 25099 9832 6900 6020 15267 9594 3141 5978 5504 3425
is_linear=0
shrinkage=0.05


Tree=116
num_leaves=15
num_cat=0
split_feature=41 41 26 45 14 35 45 43 23 32 29 20 46 40
split_gain=33.5921 20.9104 4.88215 5.37711 5.15418 14.2276 7.53919 9.23224 6.99197 6.95051 6.36745 11.3183 6.83009 10.5633
threshold=7.824157728464344e-05 0.99238261580467235 2.9174053668975835 0.99612250924110424 1.0000000180025095e-35 0.84523808956146251 0.83760464191436779 1.5000000000000002 0.38503250479698187 0.95898419618606578 0.61250001192092907 0.18415380269289019 0.11012570559978486 0.58540308475494396
decision_type=2 2 2 2 2 2 2 2 2 2 2 2 2 2
left_child=-1 2 3 -2 5 -4 -6 -8 10 -10 11 -9 -12 -14
right_child=1 -3 4 -5 6 -7 7 8 9 -11 12 -13 13 -15
leaf_value=-0.038155196170748598 0.02377898910129489 0.03619223147085459 0.0012890534848691208 -0.0033513213864372958 -0.015349977233611561 0.040079046380217628 0.016733575344950073 -0.0054308676895341258 0.013424605403331109 -0.0058573723567857108 0.017247239603384344 -0.045984339303062644 0.014154189835208256 -0.020277679520223958
leaf_weight=44.808091463462915 34.878979968081694 32.878446041606367 441.65489012334729 27.099547662248369 101.79598821769468 15.028409927064784 54.765306228888221 48.917800941650057 78.467554752132855 90.373653151706094 23.440126181580126 19.535004662990104 25.144219726178562 55.89452265901491
leaf_count=125370 922 6880 23037 849 3266 294 1468 4541 3026 2044 1166 354 1136 553
internal_value=1.45764e-05 0.00198827 0.000540848 0.013099 -0.000401438 0.003397 -0.00388075 -0.000631309 -0.00381043 0.00335334 -0.0106057 -0.0213902 -0.00228863 -0.00921311
internal_weight=1094.68 1049.87 1017 61.9785 955.017 456.683 498.334 396.538 341.773 168.841 172.932 68.4528 104.479 81.0387
internal_count=174906 49536 42656 1771 40885 23331 17554 14288 12820 5070 7750 4895 2855 1689
is_linear=0
shrinkage=0.05


Tree=117
num_leaves=15
num_cat=0
split_feature=41 41 28 31 42 40 41 4 9 11 44 11 31 8
split_gain=31.9036 19.9297 4.80748 7.87855 6.48939 6.02288 9.62668 5.76328 7.20046 7.91766 6.13679 5.61576 8.63248 8.70149
threshold=7.824157728464344e-05 0.99238261580467235 0.060153776779770858 0.54011154174804699 5.5000000000000009 0.31423592567443853 0.0022219362435862426 0.94444444775581371 1.2424533367156985 0.28253819048404699 0.9982702136039735 0.35724179446697241 0.49295215308666235 0.89587974548339855
decision_type=2 2 2 2 2 2 2 2 2 2 2 2 2 2
left_child=-1 2 3 4 -2 11 -7 -8 -9 10 -10 12 -4 -14
right_child=1 -3 5 -5 -6 6 7 8 9 -11 -12 -13 13 -15
leaf_value=-0.037780379998333863 0.028434228045404505 0.035795804207355092 -0.022881906394734253 -0.023963667742851719 -0.016999676139483996 -0.022148454791748536 -0.00026543926984884159 0.027551339415176086 -0.019806016239372452 0.028839694588839882 0.010739929050537923 0.026522486442883731 0.02937084187785037 -0.0099121265572905803
leaf_weight=43.131799241935369 9.5447434005327505 31.72062260331586 14.093861741072031 35.857439039682504 4.735981340520083 36.304651974089211 747.82882083230652 34.35642181802541 30.840951412916183 8.9665809315629286 19.307269408134744 33.574363231135067 22.743360511114588 17.965569832391338
leaf_count=125370 169 6880 4439 961 1076 16027 12432 509 345 217 198 3571 1442 1270
internal_value=2.67849e-05 0.00192546 0.000529573 -0.0131976 0.012571 0.00136999 5.42997e-05 0.00126133 0.0123216 0.000764697 -0.00821535 0.0131015 0.00205529 0.0134986
internal_weight=1090.97 1047.84 1016.12 50.1382 14.2807 965.982 877.605 841.3 93.4712 59.1148 50.1482 88.3772 54.8028 40.7089
internal_count=174906 49536 42656 2206 1245 40450 29728 13701 1269 760 543 10722 7151 2712
is_linear=0
shrinkage=0.05


Tree=118
num_leaves=15
num_cat=0
split_feature=41 41 45 37 12 44 28 32 41 39 7 53 32 40
split_gain=30.3047 18.9946 4.77073 4.45191 8.88551 6.44578 6.44468 7.53442 6.82693 5.95726 5.9572 7.96492 6.24654 11.1998
threshold=7.824157728464344e-05 0.99238261580467235 0.010874516330659391 -1.0000000180025095e-35 0.62828946113586437 0.93985751271247875 0.060153776779770858 0.93767654895782482 0.0059441470075398692 0.10555555671453477 0.93377193808555614 0.98318028450012218 0.92346739768981945 0.59613445401191723
decision_type=2 2 2 2 2 2 2 2 2 2 2 2 2 2
left_child=-1 2 -2 4 6 -5 -4 -8 -9 -6 12 -12 13 -7
right_child=1 -3 3 5 9 10 7 8 -10 -11 11 -13 -14 -15
leaf_value=-0.037400390342116695 -0.021004696971512773 0.035396700632396111 -0.021345111507721799 -0.013728720334520226 0.011534912593752653 0.022541145634512257 0.0012509006385999202 -0.011346114880568565 0.031541196204689689 -0.015529837458223374 0.011524696450570533 -0.023765129690896405 0.018620057671255841 -0.021343785171046441
leaf_weight=41.533732994983438 15.134892508620394 30.615226188208908 18.913872830336913 24.93872139963787 16.499257821706124 15.451470334577605 563.88005088639329 6.6096921364951404 27.963636422529817 123.43242988173733 25.204714195599081 20.008585370320361 132.84368053192156 24.136958593968302
leaf_count=125370 1885 6880 1580 366 704 449 28744 1248 422 3104 374 641 2753 386
internal_value=3.93814e-05 0.00186674 0.000519937 0.00105051 -0.000856064 0.00680072 0.00176876 0.00283806 0.022636 -0.0117821 0.0096528 -0.00556812 0.0137303 -0.00312385
internal_weight=1087.17 1045.63 1015.02 999.883 757.299 242.584 617.367 598.453 34.5733 139.932 217.645 45.2133 172.432 39.5884
internal_count=174906 49536 42656 40771 35802 4969 31994 30414 1670 3808 4603 1015 3588 835
is_linear=0
shrinkage=0.05


Tree=119
num_leaves=15
num_cat=0
split_feature=42 41 22 45 53 52 26 4 8 11 23 6 34 7
split_gain=28.8511 17.7508 10.7667 5.46066 4.68869 4.88709 4.87477 4.96176 8.46821 5.86208 5.71 7.95381 7.31544 6.23446
threshold=10.500000000000002 0.99238261580467235 0.22604190558195117 0.010874516330659391 0.018562968820333484 0.99910697340965282 2.9174053668975835 0.94444444775581371 1.4978661537170412 0.2449322044849396 0.34615947306156164 0.68457102775573742 0.98124927282333385 0.46720430254936224
decision_type=2 2 2 2 2 2 2 2 2 2 2 2 2 2
left_child=1 3 -2 -1 -5 6 -6 10 -9 -10 11 -8 -12 -14
right_child=2 -3 -4 4 5 -7 7 8 9 -11 12 -13 13 -15
leaf_value=-0.022378428140030018 -0.0366419814333016 0.034995217018016327 0.017561862320329465 0.022559793244623601 0.014277164991068354 -0.015795818546699539 -0.016927652458461239 0.019997351998147051 -0.019803520672604547 0.01879055426572615 0.011228750465807673 -0.00094759015774439144 0.011642332280260884 -0.010500720247097618
leaf_weight=14.753980210720327 56.870395623263903 29.559707080945373 4.5889568002312435 15.527898897300473 59.923282777017448 32.342251515598036 87.606437587091932 64.326022858644137 23.003622573800389 5.0633493238128713 166.45595428533852 391.80734426493291 35.979130590480054 96.413155057816766
leaf_count=1810 133409 6880 1047 1826 1544 992 6484 1258 993 100 5003 10471 652 2437
internal_value=2.17762e-05 0.00214752 -0.0307035 0.000830821 0.00140365 0.000834121 0.00157389 0.000547385 0.0108971 -0.00973388 -0.000803955 -0.00415394 0.00453061 -0.00408808
internal_weight=1084.22 1022.76 61.4594 993.202 978.448 962.921 930.578 870.655 92.393 28.067 778.262 479.414 298.848 132.392
internal_count=174906 40450 134456 33570 31760 29934 28942 27398 2351 1093 25047 16955 8092 3089
is_linear=0
shrinkage=0.05


Tree=120
num_leaves=15
num_cat=0
split_feature=41 41 33 26 27 28 26 27 2 23 27 52 45 22
split_gain=27.5284 17.3387 4.40307 5.50062 8.71344 5.14228 4.87615 10.1056 15.4496 7.06763 8.57509 10.1347 6.63035 9.05645
threshold=4.9924110498977832e-05 0.99238261580467235 0.97789987921714794 3.0677825212478642 0.73401361703872692 0.68801230192184459 3.0677825212478642 0.4901809841394425 0.42905081808567053 0.28890478610992437 0.908033847808838 0.96117722988128673 0.99083778262138378 0.59503284096717846
decision_type=2 2 2 2 2 2 2 2 2 2 2 2 2 2
left_child=-1 2 6 4 -4 -5 7 -2 -9 10 11 -10 -8 -14
right_child=1 -3 3 5 -6 -7 12 8 9 -11 -12 -13 13 -15
leaf_value=-0.037970611689231319 -0.013353017515335464 0.034591661102441155 -0.016983607743245862 0.029332054602722486 0.018980177474113218 -0.0057186266843564371 0.0007712834184076411 0.023601222295849714 -0.011948358749644103 -0.018963953779537124 -0.00092783465402441936 0.032249878600969943 -0.016314038924823037 0.0095924623570236654
leaf_weight=35.675495626754127 70.129709903994808 28.551635832991451 28.630433027632535 32.555214313673787 19.908503305865452 10.068605112610383 274.4146892495919 86.212502999784192 12.178900135069851 30.481197413988411 228.37536835097126 34.834727823181311 152.87092306328123 35.419164022314362
leaf_count=116426 7482 6880 634 596 547 282 16072 3724 355 598 6904 1135 12829 442
internal_value=3.21647e-05 0.00167774 0.000424753 0.0103304 -0.00151037 0.021539 -0.000651631 0.00294955 0.00612508 0.000608024 0.00336292 0.0207128 -0.00423528 -0.0112028
internal_weight=1080.31 1044.63 1016.08 91.1628 48.5389 42.6238 924.917 462.212 392.083 305.87 275.389 47.0136 462.705 188.29
internal_count=174906 58480 51600 2059 1181 878 49541 20198 12716 8992 8394 1490 29343 13271
is_linear=0
shrinkage=0.05


Tree=121
num_leaves=15
num_cat=0
split_feature=41 41 45 47 39 53 35 35 44 35 39 39 5 7
split_gain=26.2059 16.528 4.38413 4.18073 6.45588 8.00281 7.56096 7.30326 7.00177 6.7654 6.13432 7.06557 8.18844 5.988
threshold=4.9924110498977832e-05 0.99238261580467235 0.010874516330659391 -0.61178082227706898 0.13392857462167743 0.92304357886314403 0.47222222387790685 0.35828877985477453 0.99636387825012218 0.77500000596046459 0.29166667163372045 0.75000000000000011 0.35416667163372045 0.6195238232612611
decision_type=2 2 2 2 2 2 2 2 2 2 2 2 2 2
left_child=-1 2 -2 4 8 6 -6 13 -4 -9 -8 12 -12 -7
right_child=1 -3 3 -5 5 7 10 9 -10 -11 11 -13 -14 -15
leaf_value=-0.037609357051583664 -0.020328220568186561 0.03418633932637076 -0.0090683141954407201 0.0041968425271770088 -0.011553336563153233 0.019610412333352284 -0.012203528868825524 -0.030874619908360837 0.015598273906465697 -0.0086397872011525923 -0.0013208231998637018 0.0017626129833244319 0.049998411998947348 -0.0050474646870868048
leaf_weight=34.347063528432045 14.866769343265331 27.588703914079815 34.790615787002025 487.65449456239003 29.133426410262473 21.31537203854532 9.5975508726260141 42.497820853779558 78.288154823792865 136.99456220926368 10.103969075076749 27.017514708568342 17.708181702299044 105.19888462981908
leaf_count=116426 2362 6880 5325 12729 1697 1282 727 4550 11842 4396 195 303 353 5839
internal_value=4.21068e-05 0.00162776 0.000418096 0.000924592 -0.00220888 -0.00518945 0.00707583 -0.00904477 0.00788899 -0.0152558 0.0159202 0.0219662 0.0359358 0.000239133
internal_weight=1077.1 1042.76 1015.17 1000.3 512.646 399.567 93.5606 306.007 113.079 179.492 64.4272 54.8297 27.8122 126.514
internal_count=174906 58480 51600 49238 36509 19342 3275 16067 17167 8946 1578 851 548 7121
is_linear=0
shrinkage=0.05


Tree=122
num_leaves=15
num_cat=0
split_feature=41 41 45 47 53 15 39 33 8 35 36 53 46 53
split_gain=24.9269 15.7749 4.30544 5.46511 5.2531 10.6204 9.87892 7.79433 7.22803 6.0482 8.36251 7.91827 7.03619 6.3938
threshold=4.9924110498977832e-05 0.99238261580467235 0.12699197977781299 -0.094051785767078386 0.79007393121719371 1.0000000180025095e-35 0.75000000000000011 0.62973192334175121 1.0000000180025095e-35 0.30952382087707525 -0.25924634933471674 0.97274380922317516 0.72523048520088207 0.97542524337768566
decision_type=2 2 2 2 2 2 2 2 2 2 2 2 2 2
left_child=-1 2 -2 4 5 8 7 -7 -4 11 12 -6 -11 -12
right_child=1 -3 3 -5 9 6 -8 -9 -10 10 13 -13 -14 -15
leaf_value=-0.037244068300815544 -0.010854851847456147 0.033779559825436345 0.0082242837156027079 0.0089874699966689172 -0.016531752044535206 -0.0093142880612759535 0.0008737345786310486 0.053133802423766509 -0.016690858897654069 0.0080299466364234639 0.0021896790473376116 0.0075161846354836834 -0.0075172250039517788 -0.025746498257692187
leaf_weight=33.080009474651888 68.677178459969582 26.66871385439299 64.492597563716117 176.73529886361212 31.208150217746152 2.8515297621488598 23.614683877443895 17.796385134890443 37.890690557251219 104.10183307901025 25.813465617829934 200.4794162842154 192.10856785663054 67.63997143501183
leaf_count=116426 6118 6880 2048 4968 1673 1408 408 974 1395 651 646 11055 16416 3840
internal_value=3.27666e-05 0.00156176 0.000392134 0.00131486 -0.000543621 0.00765999 0.0255534 0.0442844 -0.00166118 -0.00257043 -0.00631431 0.00372696 -0.00196944 -0.0185643
internal_weight=1073.16 1040.08 1013.41 944.733 767.997 146.646 44.2626 20.6479 102.383 621.351 389.664 231.688 296.21 93.4534
internal_count=174906 58480 51600 45482 40514 6233 2790 2382 3443 34281 21553 12728 17067 4486
is_linear=0
shrinkage=0.05


Tree=123
num_leaves=15
num_cat=0
split_feature=41 41 6 52 40 41 27 31 48 20 39 53 8 47
split_gain=23.7229 15.0509 4.19059 7.38432 6.22889 6.89913 5.38361 6.52212 5.18183 10.1064 8.05203 7.83261 7.79789 6.32416
threshold=4.9924110498977832e-05 0.99238261580467235 0.11852502077817918 0.95746782422065746 0.37308657169342047 0.0022219362435862426 0.95861870050430309 0.2290398105978966 3.5000000000000004 0.17326695472002032 0.29166667163372045 0.98366528749465953 1.2424533367156985 -0.040340011939406388
decision_type=2 2 2 2 2 2 2 2 2 2 2 2 2 2
left_child=-1 2 3 -2 6 -6 7 -4 10 -10 12 -11 -7 -13
right_child=1 -3 4 -5 5 8 -8 -9 9 11 -12 13 -14 -15
leaf_value=-0.036875030905375 0.011048197507068463 0.033371632052761994 -0.0058877898444480506 -0.020106102892789041 -0.021950466051945283 -0.020465238705961467 -0.0063824543211622514 0.02236446281367617 0.014006463290004892 0.012490691952475428 0.00091996331535516688 -0.014921484608242261 0.0098180523104549281 0.010626563514570819
leaf_weight=31.871301946142921 20.448240765021183 25.78957916633226 21.929666320589604 48.821384465671144 25.468941277766135 85.732816641684622 28.676576949335868 78.21307856272324 158.18450019462034 47.540911917574704 351.86825386015698 99.637375705875456 20.775495519163087 23.309802922420204
leaf_count=116426 1085 6880 3217 2717 15618 1343 2432 13496 2224 683 5337 1428 345 1675
internal_value=2.94828e-05 0.00150593 0.000373738 -0.0106759 0.00129051 -0.000377234 0.0110791 0.0162048 0.000587515 0.00529246 -0.00282707 -0.00312075 -0.0142225 -0.0096428
internal_weight=1068.27 1036.4 1010.61 69.2696 941.337 812.518 128.819 100.143 787.049 328.673 458.377 170.488 106.508 122.947
internal_count=174906 58480 51600 3802 47798 28653 19145 16713 13035 6010 7025 3786 1688 3103
is_linear=0
shrinkage=0.05


Tree=124
num_leaves=15
num_cat=0
split_feature=42 22 4 22 23 13 6 9 27 47 6 32 6 34
split_gain=22.5013 9.99363 7.35486 12.4575 5.82939 8.73795 7.74324 6.5414 6.98976 6.18166 5.99685 5.39068 5.82084 5.36434
threshold=10.500000000000002 0.22604190558195117 0.94444444775581371 0.98314607143402111 0.34615947306156164 0.70294117927551281 0.68263989686965953 3.4175922870635991 0.83438816666603099 -0.051536105573177331 0.85127449035644542 0.93767654895782482 0.94360822439193737 0.77442070841789257
decision_type=2 2 2 2 2 2 2 2 2 2 2 2 2 2
left_child=2 -2 4 -4 6 -6 13 8 9 -7 -10 -8 -13 -1
right_child=1 -3 3 -5 5 7 11 -9 10 -11 -12 12 -14 -15
leaf_value=0.00090312361315036428 -0.035057172453479786 0.017123999695796664 0.028382288930615354 -0.002722192893094329 0.025814012595605687 -0.0078077496195573404 -0.0024263471814086265 0.022174500965673305 0.022429504103235239 0.012390951986226877 -0.014539590624636717 0.016781103787920758 -0.016858201522734869 -0.022538065192827111
leaf_weight=35.367869228182826 49.818653807073133 4.6696365261741439 55.017810936435126 60.605403758585453 35.413480735820485 191.72761350951623 388.62942581472453 26.183629913633922 39.499173932243139 37.248917063028784 6.6425402455497524 63.859351532883011 7.1832534866407505 63.723708766134223
leaf_count=4907 133409 1047 5964 537 2402 4874 12189 610 1182 1391 344 2496 377 3177
internal_value=2.09743e-05 -0.0286233 0.00182982 0.0131596 0.000237749 0.00534544 -0.00288005 0.00218772 -0.000425485 -0.00414091 0.0154656 -3.71551e-05 0.0117193 -0.0148556
internal_weight=1065.59 54.4883 1011.1 115.623 895.479 336.715 558.764 301.302 275.118 228.977 46.1417 459.672 71.0426 99.0916
internal_count=174906 134456 40450 6501 33949 10803 23146 8401 7791 6265 1526 15062 2873 8084
is_linear=0
shrinkage=0.05


Tree=125
num_leaves=15
num_cat=0
split_feature=42 22 46 45 29 31 44 38 27 23 5 9 28 27
split_gain=21.0847 9.69699 6.19544 13.1269 13.0665 11.998 7.47182 5.16966 5.13071 9.91857 9.1106 7.8627 6.23063 9.0967
threshold=10.500000000000002 0.22604190558195117 0.11012570559978486 0.48243814706802374 0.58571431040763866 0.87007671594619762 0.99473574757576 1.0000000180025095e-35 0.95861870050430309 0.052644902840256698 0.61250001192092907 3.4175922870635991 0.96362435817718517 0.8263767957687379
decision_type=2 2 2 2 2 2 2 2 2 2 2 2 2 2
left_child=2 -2 3 -1 5 7 -7 -5 9 10 -4 12 13 -11
right_child=1 -3 8 4 -6 6 -8 -9 -10 11 -12 -13 -14 -15
leaf_value=-0.011968868923421036 -0.034610901958943917 0.016768223991763725 -0.017056351976014281 -0.013539708204182191 0.028360704232231415 0.013031476160643755 -0.04177615447070207 0.023382225282232071 -0.0049505652129572478 -0.0045935297294118554 0.028270391093799769 0.02054074682585337 -0.026047508167184669 0.011627048213328746
leaf_weight=42.60228883480886 48.11040639175917 4.7406417519086963 6.6060888798965598 5.7935603973455754 84.329465020447969 3.2701238698791704 12.419355287216602 23.079516750993207 318.47031413670629 305.93457301470335 49.356909951835405 34.068099418742349 14.629232222156132 108.99088693861268
leaf_count=1889 133409 1047 695 206 9079 110 469 1303 7721 13607 1834 926 360 2251
internal_value=3.93116e-05 -0.0280676 0.0017716 0.010147 0.0177924 -0.00373943 -0.0297268 0.0143964 -4.17313e-05 0.00300371 0.0211452 0.000413661 -0.00161362 -0.000159421
internal_weight=1062.4 52.851 1009.55 171.494 128.892 44.5626 15.6895 28.8731 838.056 519.586 55.963 463.623 429.555 414.925
internal_count=174906 134456 40450 13056 11167 2088 579 1509 27394 19673 2529 17144 16218 15858
is_linear=0
shrinkage=0.05


Tree=126
num_leaves=15
num_cat=0
split_feature=43 22 4 11 9 23 13 6 53 9 5 47 13 14
split_gain=19.7985 7.919 6.58775 11.2853 10.4762 5.95081 7.48405 6.71393 5.88478 5.84282 6.67306 5.40269 4.93734 6.53986
threshold=6.5000000000000009 0.22604190558195117 0.94444444775581371 0.19574970006942752 1.2424533367156985 0.36205685138702398 0.70294117927551281 0.68263989686965953 0.9975041151046754 3.4175922870635991 0.61250001192092907 -0.058420524001121514 0.89181286096572887 0.38750000298023229
decision_type=2 2 2 2 2 2 2 2 2 2 2 2 2 2
left_child=2 -2 5 4 -4 7 -7 -1 -6 10 11 12 -8 -14
right_child=1 -3 3 -5 8 6 9 -9 -10 -11 -12 -13 13 -15
leaf_value=-0.013596267690893386 -0.035365211534231875 0.014613923349516646 0.023221473733414592 0.032454176554924177 -0.020053219111675492 0.025267787015580252 0.00071179296650846434 -0.00023955013209397296 0.010148702279011908 0.021551069110969465 0.01251514359123625 0.011771839884395854 0.011898587336107653 -0.021243531419938844
leaf_weight=107.7566553427896 40.968513492392958 3.7456099366536355 24.433715231338283 34.811697577359155 38.935433176869992 31.813801315845922 79.639097778854193 469.88193945787498 16.634540847444441 25.516194137744606 67.032486191572389 31.796168817178113 11.324177146918371 74.11739620953449
leaf_count=11533 125439 927 498 4186 1778 3034 3859 17706 750 624 1575 1506 394 1097
internal_value=3.17349e-05 -0.0292728 0.00159769 0.0123616 0.000984345 0.000101905 0.00546018 -0.00292017 -0.0108435 0.00251176 -4.86586e-05 -0.00472455 -0.00839281 -0.0160645
internal_weight=1058.41 44.7141 1013.69 114.815 80.0037 898.878 321.239 577.639 55.57 289.426 263.909 196.877 165.081 85.4416
internal_count=174906 126366 48540 7212 3026 41328 12089 29239 2528 9055 8431 6856 5350 1491
is_linear=0
shrinkage=0.05


Tree=127
num_leaves=15
num_cat=0
split_feature=43 22 4 11 8 23 13 26 6 34 32 47 53 8
split_gain=18.6284 7.7092 6.18186 10.6376 9.78233 5.51639 8.385 7.22369 6.80445 6.62483 5.36967 5.21862 5.04175 6.45189
threshold=6.5000000000000009 0.22604190558195117 0.94444444775581371 0.19574970006942752 1.4978661537170412 0.34615947306156164 0.70294117927551281 3.0201274156570439 0.6789083480834962 0.73247623443603527 0.95093432068824779 -0.55978700518608082 0.99715062975883495 1.0000000180025095e-35
decision_type=2 2 2 2 2 2 2 2 2 2 2 2 2 2
left_child=2 -2 5 4 11 7 -7 12 9 -9 -10 -4 13 -1
right_child=1 -3 3 -5 -6 6 -8 8 10 -11 -12 -13 -14 -15
leaf_value=0.0016302632338938403 -0.034940830766799706 0.014362507995032005 0.025939991772233956 0.031785175247913126 -0.019889248838551227 0.024832160820403071 0.0019618133384014789 0.0028443448707067024 -0.0054443866875622648 -0.02762777848173268 0.014762872973086759 -0.0021528863053427169 -0.0056056485416338189 0.024692005939927746
leaf_weight=79.072350753383944 39.550350906938547 3.7944285442354149 24.400033920072019 33.998497104272246 26.063321960769827 36.633926665395848 301.26461657239997 22.436715367861325 271.63444791853544 53.169657242207904 27.525689832866192 29.115660051887971 65.729508627919131 40.814720999464043
leaf_count=3432 125439 927 816 4186 1742 3443 9532 4336 10691 3805 1175 468 3633 1281
internal_value=6.37519e-05 -0.0287415 0.00156687 0.012052 0.00101422 0.00012305 0.00508385 -0.00290489 -0.00684133 -0.019309 -0.00316774 0.0127232 0.00498637 0.010778
internal_weight=1055.2 43.3448 1011.86 113.578 79.579 898.282 337.899 560.383 374.767 75.6064 299.16 53.5157 185.617 119.887
internal_count=174906 126366 48540 7212 3026 41328 12975 28353 20007 8141 11866 1284 8346 4713
is_linear=0
shrinkage=0.05


Tree=128
num_leaves=15
num_cat=0
split_feature=41 41 33 14 26 20 27 16 14 35 42 45 45 36
split_gain=18.9483 12.8484 4.04946 4.77261 5.30356 5.35431 4.50512 4.35517 5.17976 12.5219 7.23304 8.67657 7.51361 6.40831
threshold=4.9924110498977832e-05 0.99238261580467235 0.97789987921714794 0.38750000298023229 3.0677825212478642 0.14595721662044528 0.36032786965370184 1.0000000180025095e-35 1.0000000180025095e-35 0.84523808956146251 5.5000000000000009 0.83760464191436779 0.98806384205818187 -0.21425617486238477
decision_type=2 2 2 2 2 2 2 2 2 2 2 2 2 2
left_child=-1 2 7 -4 -5 6 -6 8 9 -2 11 -10 13 -13
right_child=1 -3 3 4 5 -7 -8 -9 10 -11 -12 12 -14 -15
leaf_value=-0.035114062314172072 0.00053608889896142114 0.031988613337411653 0.026100812727524205 -0.0097419996588935034 -0.00021053493510962419 -0.010604887850778894 0.038439324369500052 0.021419572210985657 -0.014602343657635393 0.03781387657792102 -0.015367592353966892 0.021005933226527499 -0.0035238673673884235 -0.0054001504713803552
leaf_weight=26.92631746425468 452.37085542629939 23.094366475474089 21.300517877883976 36.430012196418829 11.45057688307134 8.8919566515833122 11.479758937173754 11.72891028007143 78.019961457030149 13.726174596755298 113.9110920537496 69.552735425007995 146.28158851206535 27.420326972263865
leaf_count=116426 30096 6880 567 875 149 295 173 691 1217 316 12541 1101 2989 590
internal_value=8.16047e-05 0.00133571 0.000320673 0.00989879 0.00215307 0.0148439 0.024936 -0.000715863 -0.00123581 0.00240508 -0.00510175 -0.00110787 0.00362595 0.0137325
internal_weight=1052.59 1025.66 1002.56 89.5528 68.2523 31.8223 22.9303 913.012 901.283 466.097 435.186 321.275 243.255 96.9731
internal_count=174906 58480 51600 2059 1492 617 322 49541 48850 30412 18438 5897 4680 1691
is_linear=0
shrinkage=0.05


Tree=129
num_leaves=15
num_cat=0
split_feature=41 41 45 53 47 31 23 52 8 40 39 32 50 40
split_gain=18.0914 12.2321 3.99002 3.89092 4.53305 6.38171 4.97835 4.33675 5.45015 9.23742 9.98382 7.461 6.66718 5.48871
threshold=4.9924110498977832e-05 0.99238261580467235 0.010874516330659391 0.018562968820333484 -0.98376023769378651 0.29442724585533148 0.51924273371696483 0.99910697340965282 1.0000000180025095e-35 0.70066976547241222 0.41666667163372045 0.92113238573074352 2.5000000000000004 0.50580698251724254
decision_type=2 2 2 2 2 2 2 2 2 2 2 2 2 2
left_child=-1 2 -2 -4 5 6 -5 8 9 10 13 -11 -12 -6
right_child=1 -3 3 4 7 -7 -8 -9 -10 11 12 -13 -14 -15
leaf_value=-0.034729441324855469 -0.019617029999572905 0.031579249418179911 0.01973476854418867 -0.0090135370083337541 -0.0092206877972232319 -0.017034632325534881 0.028349462494562064 -0.015212692613720763 0.0058150996127877969 -0.025833139591261725 0.021624637992622563 -0.0014543010093644769 -0.0028232016862841519 0.010609219647582388
leaf_weight=25.997654408754897 14.439457116561242 22.372072005644441 16.505450395721709 10.488899242220215 136.79717164426984 65.216197300513159 8.1276818506303226 27.764986584283179 454.10775077008293 51.488570728804916 74.638878576937714 66.702933163382113 38.458482062880648 36.689506619601161
leaf_count=116426 2362 6880 2710 3378 6680 18856 1039 437 11498 869 1187 1421 630 533
internal_value=0.000116332 0.00132856 0.000347214 0.000833121 0.000313654 -0.0101462 0.011505 0.00140476 0.00211085 -0.00208485 0.00281622 -0.0132613 0.0137572 -0.00467735
internal_weight=1049.8 1023.8 1001.43 986.987 970.481 83.8328 18.6166 886.648 858.883 404.776 286.584 118.192 113.097 173.487
internal_count=174906 58480 51600 49238 46528 23273 4417 23255 22818 11320 9030 2290 1817 7213
is_linear=0
shrinkage=0.05


Tree=130
num_leaves=15
num_cat=0
split_feature=41 41 26 45 53 44 27 28 37 29 31 44 7 23
split_gain=17.2283 11.6862 3.96869 4.87774 4.37452 5.347 10.1543 11.1882 8.14141 7.55067 10.1662 6.8319 6.7716 5.71909
threshold=4.9924110498977832e-05 0.99238261580467235 2.9174053668975835 0.99612250924110424 0.99885290861129772 0.99632176756858837 0.12599206715822223 0.68457102775573742 -0.2903179377317428 0.58571431040763866 0.83795946836471569 0.99714142084121715 0.82952776551246654 0.058148177340626724
decision_type=2 2 2 2 2 2 2 2 2 2 2 2 2 2
left_child=-1 2 3 -2 5 12 -7 8 -8 10 -9 -11 -4 -13
right_child=1 -3 4 -5 -6 6 7 9 -10 11 -12 13 -14 -15
leaf_value=-0.034343096780469956 0.021976093035379316 0.031170362494597738 -0.010194385950456625 -0.0038659417626656744 -0.012027486621845683 -0.025007034941792919 -0.0039710430880530679 0.0082434160629265736 0.022338755532078838 0.020209862813764801 -0.030755293537306983 0.007596926748684796 0.0025192751556817293 -0.008287576795945429
leaf_weight=25.110658418285311 34.316731489525409 21.681039345217869 194.41461242658261 26.663601495500188 66.156961569213308 18.6648070513329 34.81011623237282 22.656859657683526 116.11282333513373 41.19340068945894 30.424890094131115 105.81457526971644 208.31781668993062 100.95718687862973
leaf_count=116426 1053 6880 11831 1016 4174 1248 5444 1102 5817 1571 1195 5627 8735 2787
internal_value=0.000101446 0.00127212 0.000322173 0.0117239 -0.000533543 0.000463414 0.00404308 0.00575809 0.0164008 6.68869e-05 -0.0154415 0.00385665 -0.0037164 -0.000183287
internal_weight=1047.3 1022.19 1000.5 60.9803 939.524 873.367 470.635 451.97 150.923 301.047 53.0817 247.965 402.732 206.772
internal_count=174906 58480 51600 2069 49531 45357 24791 23543 11261 12282 2297 9985 20566 8414
is_linear=0
shrinkage=0.05


Tree=131
num_leaves=15
num_cat=0
split_feature=41 41 45 53 47 31 33 53 49 53 37 20 43 8
split_gain=16.4114 11.1651 3.74441 3.61697 4.1709 5.9511 5.10421 4.68397 4.12166 3.5098 6.60953 3.98713 3.96952 3.37018
threshold=4.9924110498977832e-05 0.99238261580467235 0.010874516330659391 0.018562968820333484 -0.98376023769378651 0.32466214895248419 0.69852143526077282 0.99868279695510875 2.5000000000000004 0.98641160130500805 -0.72130623459815968 0.10112117603421213 5.5000000000000009 1.0000000180025095e-35
decision_type=2 2 2 2 2 2 2 2 2 2 2 2 2 2
left_child=-1 2 -2 -4 5 6 -5 8 -8 11 12 -7 -11 -6
right_child=1 -3 3 4 13 9 7 -9 -10 10 -12 -13 -14 -15
leaf_value=-0.03395534657177398 -0.019131689117662855 0.030762235279406483 0.018888824418438952 -0.016779946361851844 -0.001953137168650703 -0.011176234671428009 -0.008569338108554465 -0.010859572670000955 0.038240154629045647 -0.011288906363260687 -0.031888798166303724 0.027003160159919895 0.022028688990672611 0.004162602692851603
leaf_weight=24.263280433180626 14.213063881150445 21.019759441027418 16.802520202531014 4.9553224359551704 415.05763774622756 7.5553908107103762 2.0134376752248526 3.8298370795673682 11.184746503509812 12.30852132823202 34.485047096270137 1.6728166005341334 5.0766913904080857 471.30803639137594
leaf_count=116426 2362 6880 2710 2166 11497 2148 424 663 2365 1570 11082 308 2547 11758
internal_value=8.89194e-05 0.00121892 0.000299923 0.000769182 0.000265486 -0.00981146 0.00956827 0.0206073 0.0304835 -0.0171494 -0.0216306 0.00618881 0.00293154 0.00130895
internal_weight=1045.75 1021.48 1000.46 986.25 969.447 83.0818 21.9833 17.028 13.1982 61.0985 51.8703 9.22821 17.3852 886.366
internal_count=174906 58480 51600 49238 46528 23273 5618 3452 2789 17655 15199 2456 4117 23255
is_linear=0
shrinkage=0.05


Tree=132
num_leaves=15
num_cat=0
split_feature=41 41 28 31 39 46 53 30 37 6 44 7 44 36
split_gain=15.6408 10.6655 3.72918 7.37833 6.38905 6.68782 9.49647 6.00265 4.7125 4.28425 4.29568 7.51161 5.44771 3.5689
threshold=4.9924110498977832e-05 0.99238261580467235 0.060153776779770858 0.54011154174804699 0.13392857462167743 0.96737965941429149 0.90464776754379284 0.50242719054222118 -0.38365557789802546 0.92637759447097789 0.9959818720817567 0.83503401279449474 0.99930480122566234 -0.27584835886955256
decision_type=2 2 2 2 2 2 2 2 2 2 2 2 2 2
left_child=-1 2 3 7 9 13 8 -2 -7 10 11 -4 -12 -6
right_child=1 -3 4 -5 5 6 -8 -9 -10 -11 12 -13 -14 -15
leaf_value=-0.033566498474132803 -0.015791970482240816 0.03035514653713027 -0.015285068131984443 -0.02255026005334973 0.0047340262134837755 -0.011407308788052578 -0.018984840221813459 0.028428328305906261 0.021265497816946755 -0.0092362955651148354 0.025040255416152575 0.02117716831598946 -0.013365817113435541 -0.0022545526862118585
leaf_weight=23.453575161736808 4.671885931689757 20.386795425089076 22.632079631221131 34.818615734111518 358.01101040223148 9.48372415341146 87.210401346746949 9.0479051614383916 20.492413998537813 15.219471292395609 65.03289193737146 14.912376830048741 4.2350216319755409 354.05495662050089
leaf_count=116426 1061 6880 4943 1044 5554 1677 15003 456 1790 1415 10559 1626 442 6030
internal_value=8.07571e-05 0.00117259 0.000282836 -0.0119728 0.00102621 -0.000593328 -0.0111595 0.0130609 0.0106608 0.011243 0.014702 0.000605539 0.0213022 0.00127605
internal_weight=1043.66 1020.21 999.823 48.5384 951.284 829.253 117.187 13.7198 29.9761 122.032 106.812 37.5445 69.2679 712.066
internal_count=174906 58480 51600 2561 49039 30054 18470 1517 3467 18985 17570 6569 11001 11584
is_linear=0
shrinkage=0.05


Tree=133
num_leaves=15
num_cat=0
split_feature=41 41 33 12 16 14 35 42 45 45 27 3 3 27
split_gain=14.9066 10.1924 3.64431 4.628 4.04332 4.94151 11.8608 6.70187 7.8376 6.89209 5.63181 7.44979 8.17899 9.73317
threshold=4.9924110498977832e-05 0.99238261580467235 0.97789987921714794 0.87867647409439098 1.0000000180025095e-35 1.0000000180025095e-35 0.84523808956146251 5.5000000000000009 0.83760464191436779 0.98806384205818187 0.95861870050430309 0.78532448410987865 0.56813141703605663 0.45534290373325353
decision_type=2 2 2 2 2 2 2 2 2 2 2 2 2 2
left_child=-1 2 4 -4 5 6 10 8 -7 -10 11 12 13 -2
right_child=1 -3 3 -5 -6 7 -8 -9 9 -11 -12 -13 -14 -15
leaf_value=-0.033176863516873711 -0.010614513988837846 0.029949365688958052 0.018400890407207458 -0.0028910068548782951 0.020601439678479924 -0.014018870495213187 0.036942892427899131 -0.014932539322906746 0.013021600840997986 -0.0035060408098312986 -0.004108712865734704 0.022112328078166578 -0.010362558512872301 0.024727963188112476
leaf_weight=22.679694310820196 23.712037241508369 19.780785095179453 48.602743426163215 41.010789553227369 11.735341668798354 77.667643571883673 13.534806791285517 113.02853615678032 96.878600775904488 146.26123733268469 264.88321018965507 47.519875044774381 71.952826262029703 42.7335904037609
leaf_count=116426 6097 6880 1322 737 691 1217 316 12541 1691 2989 12878 1972 4332 4817
internal_value=6.9336e-05 0.00112421 0.000262733 0.00934482 -0.00072359 -0.001226 0.00233767 -0.00500693 -0.00116421 0.00333362 0.000519526 0.00698666 0.000653083 0.0123769
internal_weight=1041.98 1019.3 999.521 89.6135 909.908 898.172 464.336 433.836 320.807 243.14 450.802 185.918 138.398 66.4456
internal_count=174906 58480 51600 2059 49541 48850 30412 18438 5897 4680 30096 17218 15246 10914
is_linear=0
shrinkage=0.05


Tree=134
num_leaves=15
num_cat=0
split_feature=41 41 29 45 14 35 45 47 48 7 15 45 9 36
split_gain=14.2461 9.72679 4.48122 3.53871 3.22431 10.7485 6.40613 7.73436 6.94328 9.6199 6.59692 7.05603 6.62187 5.66852
threshold=4.9924110498977832e-05 0.98753491044044506 0.76388889551162731 0.010874516330659391 1.0000000180025095e-35 0.84523808956146251 0.8261251449584962 -0.36251802742481226 3.5000000000000004 0.60172414779663097 1.0000000180025095e-35 0.99623042345047008 0.89587974548339855 -0.23527605086565015
decision_type=2 2 2 2 2 2 2 2 2 2 2 2 2 2
left_child=-1 3 -3 -2 5 6 7 -5 9 -8 -10 12 -12 -6
right_child=1 2 -4 4 13 -7 8 -9 10 -11 11 -13 -14 -15
leaf_value=-0.032786741985844241 -0.018818842852535336 -0.0052899182063075069 0.034108554558365978 0.031725984458816289 0.00075446505194179348 0.035948553378390161 0.016902290275573148 0.0029592790267843304 0.011567246085758119 -0.012666960779034175 -0.014759953108820771 -0.024935757414961946 0.022330157596665678 -0.011634604279756927
leaf_weight=21.939882920487435 13.951559284105313 6.2509793392382589 21.224684163695201 25.112896975449985 392.99249661705107 14.353648624033665 23.936137028780649 77.094560467565316 122.82748842237925 157.42070678704476 12.374660690504244 22.111572377965786 17.448391456884565 110.25700237491401
leaf_count=116426 2357 1565 6691 1882 16313 342 2778 3496 4224 9723 1414 3418 1864 2413
internal_value=9.96018e-05 0.00112105 0.0261253 0.000172675 0.000632291 0.00356032 0.00180006 0.0122249 -0.0014441 -0.00808496 0.00551195 -0.00836444 0.00709835 -0.00213366
internal_weight=1039.3 1017.36 27.4757 989.881 975.93 472.68 458.326 102.207 356.119 181.357 174.762 51.9346 29.8231 503.249
internal_count=174906 58480 8256 50224 47867 29141 28799 5378 23421 12501 10920 6696 3278 18726
is_linear=0
shrinkage=0.05


Tree=135
num_leaves=15
num_cat=0
split_feature=41 41 26 45 53 33 28 31 52 40 7 6 5 46
split_gain=13.6025 9.30599 3.67134 4.40661 3.96876 4.66326 4.40547 10.3173 5.50287 7.47028 6.47028 6.65559 12.134 6.93635
threshold=4.9924110498977832e-05 0.99238261580467235 2.9174053668975835 0.99612250924110424 0.99885290861129772 0.97789987921714794 0.060153776779770858 0.54011154174804699 0.99597084522247326 0.32609099149703985 0.83503401279449474 0.50242719054222118 0.61250001192092907 0.97082415223121654
decision_type=2 2 2 2 2 2 2 2 2 2 2 2 2 2
left_child=-1 2 3 -2 5 6 7 -4 10 -10 -8 13 -13 -12
right_child=1 -3 4 -5 -6 -7 8 -9 9 -11 11 12 -14 -15
leaf_value=-0.032396435461929621 0.021002904970298678 0.029175670581188275 0.015397210372190304 -0.0036235516425042733 -0.011524648091146629 0.011458994231062596 -0.009525479519852758 -0.029846829941875899 0.024027357048003711 0.0019853413834171221 0.038928421395321225 -0.026405664584311705 0.0046821096925554872 -0.011844044207854234
leaf_weight=21.23247279979114 34.270830327921431 18.689045686740428 11.763164285221135 26.484437330364017 65.607270895299735 76.254779057722772 212.59756677848054 26.047862771738437 34.783037684610463 288.45863327308325 11.982846431812506 27.704540958977304 177.46972045549774 4.2631857811647924
leaf_count=116426 1053 6880 1308 1016 4174 1705 14471 831 5581 11362 501 1549 6803 1246
internal_value=0.000110932 0.00109904 0.000288792 0.0112728 -0.000534991 0.000413861 -0.000774648 -0.0154948 0.00015272 0.00500706 -0.00349397 0.00245857 -0.000547741 0.0261687
internal_weight=1037.61 1016.38 997.688 60.7553 936.933 871.325 795.071 37.811 757.26 323.242 434.018 221.42 205.174 16.246
internal_count=174906 58480 51600 2069 49531 45357 43652 2139 41513 16943 24570 10099 8352 1747
is_linear=0
shrinkage=0.05


Tree=136
num_leaves=15
num_cat=0
split_feature=41 41 44 14 35 45 48 7 45 42 47 13 47 12
split_gain=12.9855 8.88739 3.47282 3.67943 12.4426 7.14645 6.19683 8.89929 6.07764 8.5292 6.03763 5.83938 5.65488 5.42483
threshold=4.9924110498977832e-05 0.99238261580467235 0.2525289803743363 1.0000000180025095e-35 0.84523808956146251 0.8261251449584962 3.5000000000000004 0.60172414779663097 0.83760464191436779 3.5000000000000004 -0.36251802742481226 0.8603896200656892 -0.91236841678619374 0.83666664361953746
decision_type=2 2 2 2 2 2 2 2 2 2 2 2 2 2
left_child=-1 2 -2 4 5 10 7 -7 -5 11 -4 -10 -8 -11
right_child=1 -3 3 8 -6 6 12 -9 9 13 -12 -13 -14 -15
leaf_value=-0.032006240615805183 -0.016327350916017419 0.028775152644411356 0.0303281088399735 -0.013027458796336017 0.038636982161846418 0.016303259988765233 -0.0047279321596205822 -0.012064283497215691 0.0018983632278786787 -0.00033444337146834 0.004353501016136874 0.025566808366870392 0.012585801523732194 -0.016660167061397394
leaf_weight=20.55588200740749 20.525731000408996 18.154520886484534 25.500095423223684 92.621702780626947 14.564549456990788 24.127121510638972 75.891908804653212 156.93085624372179 59.908257040660828 264.36021685895685 72.079048059866182 38.653466836549342 98.924380777738406 53.140432707965374
leaf_count=116426 2595 6880 1882 2970 340 2778 9875 9757 1704 13289 3353 1044 1092 921
internal_value=0.0001149 0.00107097 0.00028594 0.000797009 0.00395461 0.002031 -0.00134666 -0.00762867 -0.00212839 0.00054672 0.0133296 0.0126806 0.00522037 -0.00349217
internal_weight=1035.94 1015.38 997.228 976.702 468.018 453.453 355.874 181.058 508.684 416.062 97.5791 98.5617 174.816 317.501
internal_count=174906 58480 51600 49005 29077 28737 23502 12535 19928 16958 5235 2748 10967 14210
is_linear=0
shrinkage=0.05


Tree=137
num_leaves=15
num_cat=0
split_feature=41 41 26 45 40 40 40 40 41 4 26 11 28 44
split_gain=12.416 8.47551 3.35565 4.04918 3.65631 10.0394 8.28615 9.37863 7.92716 9.51194 7.24181 6.9411 11.0487 6.85391
threshold=4.9924110498977832e-05 0.99238261580467235 2.9174053668975835 0.99612250924110424 0.58540308475494396 0.50879037380218517 0.64166897535324108 0.66355451941490184 0.925937980413437 0.94444444775581371 3.0677825212478642 0.61431774497032177 0.83752354979515087 0.9981810748577119
decision_type=2 2 2 2 2 2 2 2 2 2 2 2 2 2
left_child=-1 2 3 -2 5 13 10 -8 9 11 -6 -9 -13 -4
right_child=1 -3 4 -5 6 -7 7 8 -10 -11 -12 12 -14 -15
leaf_value=-0.031616442397750077 0.020140096943269719 0.028376903381682146 -0.0052177272706286507 -0.0034783895828796201 0.0017741469397157773 0.016541571462439873 0.024461699042582285 -0.019366053800768657 0.013740576867361793 0.025755712430768785 -0.031639117782434174 -0.015305933070840197 0.015090637187043163 0.0065857915066644462
leaf_weight=19.908608242854825 34.235894067314803 17.642232145182788 327.8100480006251 26.446005053439876 23.534918508201372 87.693567804730264 23.016863394179381 100.14978890039492 43.050195698160678 10.085738772526382 35.806069876474794 53.414693197468296 46.59836317342706 183.54760038151289
leaf_count=116426 1053 6880 24837 1016 481 3843 435 1359 2584 129 652 698 529 13984
internal_value=0.000139479 0.00106651 0.000305028 0.010811 -0.000484245 0.00185217 -0.00458703 -0.00068376 -0.00381095 -0.00786548 -0.0200425 -0.0107045 -0.00105911 -0.000935896
internal_weight=1032.94 1013.03 995.39 60.6819 934.708 599.051 335.657 276.316 253.299 210.249 59.341 200.163 100.013 511.358
internal_count=174906 58480 51600 2069 49531 42664 6867 5734 5299 2715 1133 2586 1227 38821
is_linear=0
shrinkage=0.05


Tree=138
num_leaves=15
num_cat=0
split_feature=41 41 44 14 35 50 35 53 53 27 32 8 47 7
split_gain=11.8676 8.08976 3.22318 3.49071 11.823 6.19217 5.98649 15.542 7.20915 8.24233 6.87958 6.32045 5.67941 5.612
threshold=4.9924110498977832e-05 0.99238261580467235 0.2525289803743363 1.0000000180025095e-35 0.84523808956146251 1.5000000000000002 0.30952382087707525 0.97542524337768566 0.97274380922317516 0.95861870050430309 0.86984753608703624 1.0000000180025095e-35 -0.0044531796593219033 0.64031249284744274
decision_type=2 2 2 2 2 2 2 2 2 2 2 2 2 2
left_child=-1 2 -2 4 5 12 8 11 13 10 -10 -8 -4 -7
right_child=1 -3 3 -5 -6 6 7 -9 9 -11 -12 -13 -14 -15
leaf_value=-0.031227319267116221 -0.015798556855721808 0.027981142823643775 0.022387905535382106 -0.0020494891197462375 0.037841944059134269 0.012678487682725085 -0.0075956588014436943 -0.027218534393379408 0.028444835351481398 -0.00098977836949945097 -0.0010302210578191525 0.025674881350571405 -0.00090091812845826064 -0.017933780224788792
leaf_weight=19.289223802712513 20.129199108414468 17.151121428003535 51.949796477711061 507.13478605287673 14.356563039007595 12.060498938299132 20.585698913142551 52.714061738195596 50.638930468048784 122.35794513921428 28.3841262175265 19.91546292170824 44.045917171097244 49.724070813696017
leaf_count=116426 2595 6880 4441 19928 340 903 1221 7431 4399 4744 1820 937 701 2140
internal_value=0.000154621 0.00105322 0.000314521 0.000804759 0.00388401 0.00201121 -0.00111441 -0.0113474 0.00279292 0.00735315 0.0189313 0.0106088 0.0126254 -0.0110244
internal_weight=1030.44 1011.15 993.997 973.868 466.733 452.377 356.381 93.2152 263.166 201.381 79.0231 40.5012 95.9957 61.7846
internal_count=174906 58480 51600 49005 29077 28737 23595 9589 14006 10963 6219 2158 5142 3043
is_linear=0
shrinkage=0.05


Tree=139
num_leaves=15
num_cat=0
split_feature=41 41 45 53 47 31 11 52 8 40 39 32 50 13
split_gain=11.3465 7.72295 3.21863 3.27673 3.82162 5.3343 4.89884 4.07296 4.26691 8.04261 9.32128 6.46847 6.17698 5.42705
threshold=4.9924110498977832e-05 0.99238261580467235 0.010874516330659391 0.018562968820333484 -0.98376023769378651 0.29442724585533148 0.52338436245918285 0.99910697340965282 1.0000000180025095e-35 0.70066976547241222 0.41666667163372045 0.92113238573074352 2.5000000000000004 0.81534090638160717
decision_type=2 2 2 2 2 2 2 2 2 2 2 2 2 2
left_child=-1 2 -2 -4 5 6 -5 8 9 10 -6 -11 -12 -13
right_child=1 -3 3 4 7 -7 -8 -9 -10 11 12 13 -14 -15
leaf_value=-0.030839145711912364 -0.017942972502583917 0.027588079740899437 0.017886324103481937 -0.0096360794391620579 -0.0044756204027189299 -0.015953153243395451 0.026852203067536398 -0.014884742179315021 0.0052419256915798261 -0.024020249288326963 0.020970956945479714 0.019152546076066309 -0.0026287370308987934 -0.0088808167566558228
leaf_weight=18.696375137456926 13.564290512920705 16.680181643925607 17.152112354742712 10.784173026520877 171.99981716720504 62.903761951674824 8.4277796126261801 27.515626493885065 451.50264667604642 50.891807615756989 74.333339010743657 13.930250859819351 38.280061117111472 52.201643923763186
leaf_count=116426 2362 6880 2710 3403 7213 18856 1014 437 11498 869 1187 316 630 1105
internal_value=0.000169933 0.00104052 0.000324323 0.000755885 0.000269967 -0.00942832 0.0100832 0.00126998 0.00195742 -0.00177253 0.00280732 -0.0122553 0.0133887 -0.0012357
internal_weight=1028.86 1010.17 993.487 979.923 962.771 82.1157 19.212 880.655 853.14 401.637 284.613 117.024 112.613 66.1319
internal_count=174906 58480 51600 49238 46528 23273 4417 23255 22818 11320 9030 2290 1817 1421
is_linear=0
shrinkage=0.05


Tree=140
num_leaves=15
num_cat=0
split_feature=42 19 4 9 11 53 37 52 9 12 9 9 44 53
split_gain=10.4932 7.94667 4.18828 8.63173 10.2948 5.01583 5.8371 4.96708 4.56714 8.11679 4.81914 5.70784 4.26156 4.88862
threshold=10.500000000000002 1.0000000180025095e-35 0.94444444775581371 1.2424533367156985 0.28253819048404699 0.9975041151046754 -0.64168894290924061 0.99609282612800609 3.3140207529067998 0.32843138277530676 2.8029010295867924 2.3502402305603032 0.2525289803743363 0.99715062975883495
decision_type=2 2 2 2 2 2 2 2 2 2 2 2 2 2
left_child=2 -2 8 -4 5 6 -5 -7 10 -10 11 12 -1 -14
right_child=1 -3 3 4 -6 7 -8 -9 9 -11 -12 -13 13 -15
leaf_value=-0.020939450129520493 -0.030055160459122068 0.01635663178603965 0.026273353846716099 -0.031540678976896323 0.029620644010232497 0.025903044193584232 0.0023865848500133485 -0.011816674205188324 -0.013959547360835593 0.01969477086661808 -0.015687101602152746 0.021135992141204568 0.0022888891330692103 -0.0067783956511897718
leaf_weight=15.621501705492845 34.889776324271224 4.8158539409341747 38.613756350794574 22.345625865491453 10.981725693680344 7.9153646902414065 18.689302468264945 8.7141058452543785 16.498268251903937 56.151042701181723 42.586337970424211 20.586896437380346 534.40743165431195 194.49684588573291
leaf_count=1487 133248 1208 2948 655 1627 249 751 271 1023 1636 1368 797 18804 8834
internal_value=0.000155216 -0.0222677 0.00127088 0.0101478 -0.00111026 -0.0104754 -0.0186487 0.00912237 8.75057e-05 0.0112878 -0.00104564 -3.88176e-05 -0.000896686 -0.000189568
internal_weight=1027.31 39.7056 987.608 107.26 68.6461 57.6644 41.0349 16.6295 880.348 72.6493 807.699 765.113 744.526 728.904
internal_count=174906 134456 40450 6501 3553 1926 1406 520 33949 2659 31290 29922 29125 27638
is_linear=0
shrinkage=0.05


Tree=141
num_leaves=15
num_cat=0
split_feature=41 41 29 36 27 23 29 9 53 22 45 33 9 36
split_gain=10.3783 7.27189 9.04328 3.89678 3.56915 8.43865 6.85519 6.35198 5.08139 10.3654 8.64303 7.576 10.5526 6.28428
threshold=4.9924110498977832e-05 0.97576516866683971 0.86607143282890331 -0.19997788220643994 0.95861870050430309 0.052644902840256698 0.73214286565780651 3.4175922870635991 0.99388703703880321 0.70333701372146618 0.99321579933166515 0.66506412625312816 1.0000000180025095e-35 -0.099946327507495866
decision_type=2 2 2 2 2 2 2 2 2 2 2 2 2 2
left_child=-1 4 3 -3 5 6 -2 -7 10 -10 11 13 -13 -6
right_child=1 2 -4 -5 8 7 -8 -9 9 -11 -12 12 -14 -15
leaf_value=-0.030090759719805432 -0.0037756640949627705 0.0075173210037036186 0.034064404440511696 -0.029159903544570251 -0.029608424743463244 -0.0013938428879195208 0.028864327279342041 0.017048286383310435 -0.020720260566361299 0.0047673375038569995 0.019539452376102572 -0.018868318248483798 0.015242796536159599 -0.0025234618760097034
leaf_weight=17.618528173741652 20.725501599226845 9.9192523872479779 24.158005383331329 2.6174302839208385 28.407589964161161 506.60580590534664 39.497104559894069 41.332171232090332 88.070493349645403 61.957568206591532 40.11086567795428 22.421853490726789 68.375259584339801 53.139338876571856
leaf_count=116426 2052 1878 7366 388 2242 27668 1985 2267 6600 545 1387 275 824 3003
internal_value=0.000153252 0.000972804 0.0202462 -0.00968127 4.51568e-05 0.00237438 0.0186933 0.000277913 -0.00382156 -0.0105544 0.00119365 -0.00391351 0.00578303 -0.0141623
internal_weight=1024.96 1007.34 36.6947 12.5367 970.644 608.161 60.2226 547.938 362.483 150.028 212.455 172.344 90.7971 81.5469
internal_count=174906 58480 9632 2266 48848 33972 4037 29935 14876 7145 7731 6344 1099 5245
is_linear=0
shrinkage=0.05


Tree=142
num_leaves=15
num_cat=0
split_feature=41 41 28 31 42 39 46 53 37 48 32 9 39 42
split_gain=9.91253 6.90727 3.16364 7.9078 5.41984 4.94992 5.90054 8.28246 4.26279 3.79684 6.32861 7.30124 6.01204 5.99882
threshold=4.9924110498977832e-05 0.99238261580467235 0.054424287751317031 0.54011154174804699 5.5000000000000009 0.13392857462167743 0.96737965941429149 0.90464776754379284 -0.38365557789802546 3.5000000000000004 0.73186674714088451 0.89587974548339855 0.29166667163372045 4.5000000000000009
decision_type=2 2 2 2 2 2 2 2 2 2 2 2 2 2
left_child=-1 2 3 4 -2 -4 9 8 -8 12 -11 13 -7 -12
right_child=1 -3 5 -5 -6 6 7 -9 -10 10 11 -13 -14 -15
leaf_value=-0.029706851714040597 0.029610071558112291 0.026598000608099727 0.0097852728394597927 -0.023298456725335304 -0.014524621359779675 -0.013069097223399637 -0.011302894177379121 -0.018067162171111536 0.019556998824524136 0.016882687045678146 0.0071828704852693924 0.0093756580476225069 0.0012714853115299192 -0.015983236948886821
leaf_weight=17.09642648314184 7.8825192264048365 15.562490698182954 125.25198119305423 30.367339200311108 3.7475977021531435 83.317815546906786 9.4324412670393958 84.604464813673985 21.146640168386512 76.850882224971429 35.824527462944388 111.80371659016237 330.58910223080602 69.663775172346504
leaf_count=116426 141 6880 19224 963 1161 1929 1677 15019 1796 666 1080 2025 5188 731
internal_value=0.00014096 0.00093557 0.000270539 -0.0117443 0.0152484 0.000919516 -0.000530626 -0.0105425 0.00959834 0.00122221 0.00547155 0.000870495 -0.00185542 -0.00817514
internal_weight=1023.14 1006.05 990.483 41.9975 11.6301 948.485 823.233 115.184 30.5791 708.05 294.143 217.292 413.907 105.488
internal_count=174906 58480 51600 2265 1302 49335 30111 18492 3473 11619 4502 3836 7117 1811
is_linear=0
shrinkage=0.05


Tree=143
num_leaves=15
num_cat=0
split_feature=41 41 26 47 40 23 13 3 40 6 7 41 40 39
split_gain=9.47112 6.61203 3.22619 3.84348 6.2532 3.68887 7.07542 7.01918 5.87613 8.59812 7.02289 6.19793 4.98405 7.5509
threshold=4.9924110498977832e-05 0.99238261580467235 2.9174053668975835 -0.73538130521774281 0.86282595992088329 0.36205685138702398 0.70294117927551281 0.29643927514553076 0.35511960089206701 0.80206185579299938 0.51471862196922313 0.0018177093588747086 0.58540308475494396 0.41666667163372045
decision_type=2 2 2 2 2 2 2 2 2 2 2 2 2 2
left_child=-1 2 3 -2 -5 7 -7 -4 9 -9 -10 -12 13 -13
right_child=1 -3 5 4 -6 6 -8 8 10 -11 11 12 -14 -15
leaf_value=-0.029324867017220049 -0.001326283660244497 0.026216028121599101 -0.02122901882108592 0.03038042889456867 -0.013918328255194951 0.023151151562887523 0.00095294071752791186 0.030414775435436234 -0.025932049903491284 -0.005149585830749699 -0.025854702920105041 -0.00089623801022823833 -0.0050205513730137881 0.017736815894158906
leaf_weight=16.596159813838312 33.396758886796306 15.15583837404847 37.395158797007753 22.842309514991943 4.0834871251136056 31.499120085587492 273.33489166678919 24.136514425626956 21.115237260513823 28.970710909634363 14.73474564560456 176.11852606979664 253.59164190676529 68.086472100345418
leaf_count=116426 1464 6880 9045 458 147 3348 10031 2650 1111 1954 12666 2620 5128 978
internal_value=0.000130303 0.000901246 0.00025497 0.0105825 0.0217123 -0.000521197 0.00390921 -0.00271253 -0.00119647 0.0132722 -0.002854 -0.00142515 -0.000207123 0.00479219
internal_weight=1021.06 1004.46 989.306 60.3226 26.9258 928.983 304.834 624.149 586.754 53.1072 533.647 512.531 497.797 244.205
internal_count=174906 58480 51600 2069 605 49531 13379 36152 27107 4604 22503 21392 8726 3598
is_linear=0
shrinkage=0.05


Tree=144
num_leaves=15
num_cat=0
split_feature=41 41 33 26 27 28 40 26 6 36 41 53 20 8
split_gain=9.05373 6.32917 3.05387 4.39682 6.934 4.87653 4.73054 4.07875 7.77364 10.868 7.25943 6.53332 6.32969 10.097
threshold=4.9924110498977832e-05 0.99238261580467235 0.97789987921714794 3.0677825212478642 0.73401361703872692 0.58380147814750682 0.85480704903602611 3.0677825212478642 0.22347066551446917 -0.55553284287452687 0.015471091959625484 0.96552512049674999 0.059341609477996833 0.89587974548339855
decision_type=2 2 2 2 2 2 2 2 2 2 2 2 2 2
left_child=-1 2 7 4 -4 -5 -6 8 -2 10 -10 -12 13 -9
right_child=1 -3 3 5 6 -7 -8 12 9 -11 11 -13 -14 -15
leaf_value=-0.028945025053853681 -0.015759089873999266 0.025837556459270546 -0.015862207840915157 0.027531198716309942 0.02741668812025326 -0.0048308734088188315 -0.011334300615945016 0.010864398590775034 -0.0030852524204552957 0.00076127420182998094 -0.0048523764920423516 0.035871862245067394 -0.00932408345393765 -0.010677488041958011
leaf_weight=16.11668273214309 41.465475305827567 14.765379831194876 27.934653563337633 29.17193040746497 13.846830997150393 12.816411458421497 5.1116145900450638 126.66674789084936 21.455206728176563 333.10155118974217 9.3317906446754915 44.887566886842251 242.12925883661956 80.683123181486735
leaf_count=116426 2832 6880 634 532 367 346 180 11862 6378 10376 72 540 9425 8056
internal_value=0.00012319 0.000871125 0.000243233 0.00858625 -0.00209526 0.0186239 0.0166625 -0.000666279 0.00266862 0.00486957 0.0207537 0.0291986 -0.00399222 0.00237651
internal_weight=1019.48 1003.37 988.602 88.8814 46.8931 41.9883 18.9584 899.721 450.242 408.776 75.6746 54.2194 449.479 207.35
internal_count=174906 58480 51600 2059 1181 878 547 49541 20198 17366 6990 612 29343 19918
is_linear=0
shrinkage=0.05


Tree=145
num_leaves=15
num_cat=0
split_feature=41 41 5 31 27 3 28 20 37 27 42 46 31 35
split_gain=8.66415 6.08011 6.01022 3.36455 3.24908 7.99304 8.95288 5.80341 13.3697 5.79051 7.29751 7.46302 7.18312 6.62957
threshold=4.9924110498977832e-05 0.97576516866683971 0.76388889551162731 0.93908473849296581 0.95861870050430309 0.84252950549125682 0.98147514462471019 0.2728812992572785 -0.067956753075122819 0.42761905491352087 5.5000000000000009 0.99130713939666759 0.29442724585533148 0.25833334028720861
decision_type=2 2 2 2 2 2 2 2 2 2 2 2 2 2
left_child=-1 4 3 -3 5 7 -7 9 -9 10 -2 -12 -13 -11
right_child=1 2 -4 -5 -6 6 -8 8 -10 13 11 12 -14 -15
leaf_value=-0.028567544643047262 0.0036271064952991651 0.008781166894756649 0.031037346239916431 -0.024334777131262964 -0.0036792755558651075 0.035163758753996924 -0.0070850128608566975 -0.029780259653291064 0.0048492476765357234 0.018458801396918464 -0.02820692144228348 0.021389871714874813 -0.019464964609815005 0.0022001248413764329
leaf_weight=15.656997229612896 107.23239533678861 10.5280588818714 21.386175597668625 2.7621484491974106 360.63609571311099 25.629460576747078 14.910951163692514 37.806321062453208 61.297525123227388 79.838574639710714 37.839785906733596 14.613652782747524 9.3956459465553035 218.64744686716585
leaf_count=116426 1895 2147 7077 408 14876 596 630 780 893 5503 2815 4399 4372 12089
internal_value=0.000128139 0.000854012 0.0188878 -0.00559479 2.13404e-05 0.00224322 0.0212972 0.000534392 -0.00987999 0.00290245 -0.00432904 -0.0167082 0.00437961 0.00700636
internal_weight=1018.18 1002.52 34.6764 13.2902 967.848 607.212 40.5404 566.671 99.1038 467.568 169.081 61.8491 24.0093 298.486
internal_count=174906 58480 9632 2555 48848 33972 1226 32746 1673 31073 13481 11586 8771 17592
is_linear=0
shrinkage=0.05


Tree=146
num_leaves=15
num_cat=0
split_feature=41 41 45 16 36 14 35 45 42 14 13 37 12 45
split_gain=8.28238 5.80452 2.98539 3.19505 3.76958 3.33488 9.04434 5.16249 7.67762 5.65874 5.40878 5.06978 5.0112 5.8626
threshold=4.9924110498977832e-05 0.99238261580467235 0.010874516330659391 1.0000000180025095e-35 -0.62496271729469288 1.0000000180025095e-35 0.84523808956146251 0.83760464191436779 3.5000000000000004 0.86607143282890331 0.8603896200656892 -0.092193767428398118 0.81534090638160717 0.8261251449584962
decision_type=2 2 2 2 2 2 2 2 2 2 2 2 2 2
left_child=-1 2 -2 5 -5 6 12 11 9 10 -9 -7 13 -4
right_child=1 -3 3 4 -6 7 -8 8 -10 -11 -12 -13 -14 -15
leaf_value=-0.028192620009955212 -0.017454787301592202 0.025096406425364121 0.010359088817150456 -0.0053694290917652814 0.031287018704460941 -0.024519643412076852 0.033357798524645522 -0.010245868996008281 -0.0039930732493438934 0.023150899048356058 0.018648543531325484 -0.0016699554016880213 0.023932356658105433 -0.0028364187042154323
leaf_weight=15.216161818738327 13.332496634364359 14.034488620469345 100.87611058600305 7.4839874138851883 7.6547142465133202 38.201292114201351 13.605333998741115 36.266216275747865 307.22951656844816 42.780568921472877 14.920165943680329 52.096860546284006 13.756673499345196 339.6366005322634
leaf_count=116426 2362 6880 5349 510 238 2126 342 625 13687 1711 288 830 257 23275
internal_value=0.000113555 0.00081783 0.000224848 0.000641565 0.0182382 0.000178613 0.00316576 -0.0026714 -0.000131606 0.0116634 -0.000152204 -0.0128176 0.00156248 0.00034818
internal_weight=1017.09 1001.88 987.841 974.508 15.1387 959.369 467.875 491.495 401.196 93.967 51.1864 90.2982 454.269 440.513
internal_count=174906 58480 51600 49238 748 48490 29223 19267 16311 2624 913 2956 28881 28624
is_linear=0
shrinkage=0.05


Tree=147
num_leaves=15
num_cat=0
split_feature=41 41 26 45 53 44 27 28 29 31 37 44 31 44
split_gain=7.94453 5.54249 2.94085 3.74285 3.60969 4.32546 8.5316 9.61136 7.35507 9.28143 6.98499 6.36222 5.34892 5.24408
threshold=4.9924110498977832e-05 0.99238261580467235 2.9174053668975835 0.99612250924110424 0.99885290861129772 0.99632176756858837 0.12599206715822223 0.68457102775573742 0.58571431040763866 0.83795946836471569 -0.2903179377317428 0.99714142084121715 0.7897985875606538 0.99762737751007091
decision_type=2 2 2 2 2 2 2 2 2 2 2 2 2 2
left_child=-1 2 3 -2 5 -4 -7 10 9 -9 12 -10 -8 -13
right_child=1 -3 4 -5 -6 6 7 8 11 -11 -12 13 -14 -15
leaf_value=-0.027820439458180919 0.019168089172314027 0.024729200091427775 -0.0033761303371436812 -0.0036187678830046817 -0.0110345754256714 -0.02320039793730239 -0.01493068545931062 0.0074645512694087278 0.019507229053086966 -0.030103541038794854 0.02053915341848709 -0.016888386765283408 0.017849398229749621 0.0032731939459245472
leaf_weight=14.793278810044283 33.756916570506291 13.688060256536117 395.92820835825114 26.020695414947113 64.685342487340677 18.194678598680184 24.937156173939002 22.326646403700579 40.766967858013231 30.128739647538168 116.39151709325961 29.093655874967226 9.6041709490818885 174.3520116853324
leaf_count=116426 1053 6880 20566 1016 4174 1248 4743 1102 1571 1195 5817 1312 701 7102
internal_value=0.000143227 0.00082834 0.000251693 0.0101521 -0.000488732 0.000420395 0.00365059 0.00522521 -0.000108258 -0.0154785 0.0150638 0.00367218 -0.00385514 -0.000266152
internal_weight=1014.67 999.875 986.187 59.7776 926.409 861.724 465.796 447.601 296.668 52.4554 150.933 244.213 34.5413 203.446
internal_count=174906 58480 51600 2069 49531 45357 24791 23543 12282 2297 11261 9985 5444 8414
is_linear=0
shrinkage=0.05


Tree=148
num_leaves=15
num_cat=0
split_feature=41 41 45 27 22 47 47 39 44 39 40 47 53 44
split_gain=7.59746 5.31464 2.83788 4.44723 4.61142 4.30848 3.75257 5.68053 5.06337 4.37751 5.31729 6.28179 5.67827 6.31814
threshold=4.9924110498977832e-05 0.99238261580467235 0.12699197977781299 0.77459675073623668 0.39911504089832311 -0.008485910948365925 -0.22730863839387891 0.13392857462167743 0.9959818720817567 0.18333333730697635 0.42926873266696935 -0.98753517866134632 0.99889293313026439 0.99772778153419506
decision_type=2 2 2 2 2 2 2 2 2 2 2 2 2 2
left_child=-1 2 3 5 -5 -2 7 8 -4 -9 11 -11 13 -13
right_child=1 -3 6 4 -6 -7 -8 9 -10 10 -12 12 -14 -15
leaf_value=-0.02745118285923609 -0.013459424832839127 0.024366001794786159 -0.0062213620912687628 -0.026360153158077538 0.0047624979080740752 0.018687028333812927 0.0062830176062388891 -0.015093393782993809 0.014250483876763947 -0.017563306715403151 -0.0035611398972049779 0.0032228527239523326 -0.018025587182723551 0.035070239552092868
leaf_weight=14.387497962910855 8.6683719627326372 13.355032825376837 36.59582282260817 28.735105628569727 13.304736634017898 15.293139496483489 236.22182779105788 57.122902648945455 89.459857880181517 8.2909672788955486 432.03819383466907 31.502865656715585 3.2200037327420423 25.850822037042235
leaf_count=116426 1860 6880 5390 2796 261 1201 6215 5563 12676 2704 10616 1628 79 611
internal_value=0.000126584 0.000791449 0.000230878 -0.0090615 -0.017488 0.00651879 0.00098754 -0.000905231 0.00828677 -0.003091 -0.00145361 0.0105435 0.0163341 0.020653
internal_weight=1014.05 999.66 986.305 66.0014 42.0398 23.9615 920.303 684.081 126.056 558.026 500.903 68.8647 60.5737 57.3537
internal_count=174906 58480 51600 6118 3057 3061 45482 39267 18066 21201 15638 5022 2318 2239
is_linear=0
shrinkage=0.05


Tree=149
num_leaves=15
num_cat=0
split_feature=43 22 41 30 45 53 15 45 20 33 14 8 53 40
split_gain=7.32234 5.98178 5.0163 3.75786 3.4544 3.7366 6.73374 8.4892 6.04018 5.57267 9.32647 13.4049 9.47823 8.2043
threshold=6.5000000000000009 0.22604190558195117 0.99238261580467235 0.26138716936111456 0.010874516330659391 0.99670207500457775 1.0000000180025095e-35 0.97332108020782482 0.41399301588535314 0.66506412625312816 0.35416667163372045 1.0000000180025095e-35 0.15867115557193759 0.70066976547241222
decision_type=2 2 2 2 2 2 2 2 2 2 2 2 2 2
left_child=2 3 4 -2 -1 9 8 -8 -7 -6 11 13 -13 -11
right_child=1 -3 -4 -5 5 6 7 -9 -10 10 -12 12 -14 -15
leaf_value=-0.018772777609387108 0.0066924478476218397 0.014244426263973656 0.024006911074081032 -0.034528296447583304 -0.0039588886423655989 0.0020849820465252229 0.016099278414645497 -0.031532413717040401 -0.021703100790519288 0.011838468427029339 -0.0015437277715217492 -0.013865265899449593 0.02936941676479431 -0.010759832986724909
leaf_weight=12.978290011393254 3.2037130332973964 3.807233189159887 13.034791632439008 22.199121328761976 203.60921487801534 222.93520337993687 5.5367250621493431 28.637696324192802 20.14749042945914 80.468129775748821 228.1266153051256 8.4772881265525921 96.617556527009583 62.446104572620243
leaf_count=2180 7341 927 6880 118098 12104 7316 593 4589 619 5043 5584 276 2481 875
internal_value=0.00010897 -0.0210849 0.00094473 -0.0289077 0.000393005 0.000844366 -0.00395756 -0.0219179 -0.000666297 0.00283198 0.00575764 0.0122732 0.0249803 0.00190627
internal_weight=1012.23 29.2101 983.015 25.4028 969.98 957.002 277.257 34.1744 243.083 679.745 476.136 248.009 105.095 142.914
internal_count=174906 126366 48540 125439 41660 39480 13117 5182 7935 26363 14259 8675 2757 5918
is_linear=0
shrinkage=0.05


Tree=150
num_leaves=15
num_cat=0
split_feature=41 41 26 47 40 53 33 16 35 35 45 45 39 20
split_gain=6.91726 4.89403 2.81564 3.45497 5.95704 3.20184 3.92282 3.83745 4.52569 7.99149 4.84853 6.94726 7.40888 14.1997
threshold=4.9924110498977832e-05 0.99238261580467235 2.9174053668975835 -0.73538130521774281 0.86282595992088329 0.99885290861129772 0.97789987921714794 1.0000000180025095e-35 0.89898991584777843 0.84523808956146251 0.83760464191436779 0.98806384205818187 0.18333333730697635 0.12497681006789209
decision_type=2 2 2 2 2 2 2 2 2 2 2 2 2 2
left_child=-1 2 3 -2 -5 6 7 8 9 -4 -10 -12 -13 -14
right_child=1 -3 5 4 -6 -7 -8 -9 10 -11 11 12 13 -15
leaf_value=-0.026681880095143874 -0.0013452334945460809 0.023652017432608721 0.00070192071162806775 0.029257865261640027 -0.013851467175167168 -0.010494657022424598 0.010505254666783429 0.020635456584730854 -0.015295907625230419 0.032177038261505746 0.0075062535724230595 -0.02373164447711943 0.01708257000010267 -0.013331155413951662
leaf_weight=13.58332526025333 33.365155958250398 12.726753000984898 386.88897898769937 22.176711348816756 4.0906879999674848 64.404369675161433 75.2280436426081 10.414798763391444 81.080465431979974 11.307199557166312 110.44772437235224 43.089175570188672 52.534598557700519 89.544607360061491
leaf_count=116426 1464 6880 26651 458 147 4174 1705 602 3342 294 4054 5198 1476 2035
internal_value=8.66027e-05 0.000712458 0.000181108 0.00987913 0.0205762 -0.000543119 0.000313674 -0.000782437 -0.00132954 0.00236207 -0.00519201 -0.00201094 -0.00778142 -0.0017017
internal_weight=1010.88 997.299 984.573 59.6326 26.2674 924.94 860.536 785.308 774.893 398.196 376.697 295.616 185.168 142.079
internal_count=174906 58480 51600 2069 605 49531 45357 43652 43050 26945 16105 12763 8709 3511
is_linear=0
shrinkage=0.05


Tree=151
num_leaves=15
num_cat=0
split_feature=41 41 29 36 31 40 41 37 43 47 7 27 20 37
split_gain=6.63552 4.73466 14.6922 10.3808 4.12589 3.88484 4.24434 3.97974 3.78221 5.83232 4.79863 4.41089 5.52438 3.73538
threshold=4.9924110498977832e-05 0.925937980413437 0.86607143282890331 -0.27200533449649805 0.84889996051788341 0.37308657169342047 0.0022219362435862426 -0.2684220671653747 5.5000000000000009 -0.98340106010437001 0.556623935699463 0.32466214895248419 0.018605699762701992 -0.3354783803224563
decision_type=2 2 2 2 2 2 2 2 2 2 2 2 2 2
left_child=-1 5 3 -3 -5 8 7 -7 9 10 -2 -10 -13 -6
right_child=1 2 -4 4 13 6 -8 -9 11 -11 -12 12 -14 -15
leaf_value=-0.026322722558913055 0.0089096801412546587 0.0089691476448919352 0.029183844539886757 0.008082386012992427 0.0048614995793251825 -0.029832160478166156 -0.0011186851617043985 0.0053287116547868574 -0.0097950027985243427 0.0089079364784076867 -0.021728389760213657 0.040062768669280074 -0.010362979296532421 -0.04731876618690796
leaf_weight=13.225772480087469 12.938029125987667 28.603879963629879 42.746485574985854 1.8491984894499172 2.0513901775702825 14.661322117608508 726.44721044669859 8.0371740736300108 3.6040454123140107 102.6837885582936 26.024840241632774 13.352906772546701 2.5682743058423503 10.296344379195942
leaf_count=116426 2110 2199 8020 149 70 12948 9392 2838 2570 4978 3621 6570 2445 570
internal_value=0.000100305 0.000709424 0.0112986 -0.00870813 -0.0333117 -0.000397649 -0.00192774 -0.0195601 0.00641153 0.00280513 -0.0118129 0.0227631 0.0310687 -0.0403535
internal_weight=1009.09 995.865 85.5473 42.8008 14.1969 910.318 749.146 22.6985 161.172 141.647 38.9629 19.5252 15.9212 12.3477
internal_count=174906 58480 11008 2988 789 47472 25178 15786 22294 10709 5731 11585 9015 640
is_linear=0
shrinkage=0.05


Tree=152
num_leaves=15
num_cat=0
split_feature=43 22 41 30 45 53 34 14 40 35 6 37 14 32
split_gain=6.44205 5.54321 4.42101 3.62191 3.26616 3.33547 6.3286 11.3964 7.65652 7.63872 6.04646 5.18239 5.02624 7.66187
threshold=6.5000000000000009 0.22604190558195117 0.99238261580467235 0.26138716936111456 0.010874516330659391 0.99670207500457775 0.63847666978836071 0.64583334326744091 0.75324806571006786 1.0000000180025095e-35 0.81173768639564525 -0.84475931525230397 0.35416667163372045 0.95093432068824779
decision_type=2 2 2 2 2 2 2 2 2 2 2 2 2 2
left_child=2 3 4 -2 -1 11 -7 8 9 -8 -9 -6 13 -13
right_child=1 -3 -4 -5 5 6 7 10 -10 -11 -12 12 -14 -15
leaf_value=-0.018367666332047304 0.0066397003118369062 0.013516176000740999 0.022947419651579079 -0.033807147578364422 -0.015991443766646313 0.0072210273762764402 0.0014561472241486763 0.010413022892828899 0.0024119400126869084 -0.034069715436354391 -0.018767624860930327 0.0040430502281478958 -0.001757181898527353 0.023312566984334065
leaf_weight=12.792843464645555 3.2151956313609906 3.9481791839498319 12.138736069086006 20.773727696781862 25.674912683010916 82.879901833061012 18.405883370811353 74.138279887847602 29.339428572566248 58.415287137439009 12.863704261835663 342.11799295989476 258.72932792642678 52.27299933971517
leaf_count=2180 7341 927 6880 118098 1264 4882 1737 1704 627 3684 483 16378 7378 1343
internal_value=7.96221e-05 -0.0201413 0.000853869 -0.0280276 0.000344819 0.0007833 -0.00376489 -0.008602 -0.0188932 -0.0263706 0.00460853 0.0026607 0.00362403 0.00711038
internal_weight=1007.71 27.9371 979.769 23.9889 967.631 954.838 276.042 193.163 106.161 76.8212 87.002 678.795 653.12 394.391
internal_count=174906 126366 48540 125439 41660 39480 13117 8235 6048 5421 2187 26363 25099 17721
is_linear=0
shrinkage=0.05


Tree=153
num_leaves=15
num_cat=0
split_feature=41 41 29 36 39 46 51 23 28 44 14 6 31 48
split_gain=6.04863 4.33068 8.4583 3.25627 2.66076 4.97221 7.28432 4.6763 7.80122 4.73275 3.96381 5.35331 3.67597 3.60463
threshold=4.9924110498977832e-05 0.97576516866683971 0.86607143282890331 -0.19997788220643994 0.13392857462167743 0.96737965941429149 2.5000000000000004 0.53860482573509227 0.060153776779770858 0.99883729219436657 0.080128207802772536 0.92637759447097789 0.62575301527977001 2.5000000000000004
decision_type=2 2 2 2 2 2 2 2 2 2 2 2 2 2
left_child=-1 4 3 -3 7 -6 13 8 -2 12 11 -10 -9 -7
right_child=1 2 -4 -5 5 6 -8 9 10 -11 -12 -13 -14 -15
leaf_value=-0.025572527694797176 -0.024173557461064896 0.0058243538427743564 0.031559359203872962 -0.028592469303291526 0.0004300465700586065 -0.0063199277891469096 -0.022096359856553074 0.034754589191875962 0.020472188036359248 -0.0075884385690070128 -0.0053694787300123635 -0.0091464916548580268 -0.0012649953584028279 0.015866161216838034
leaf_weight=12.512802816236215 16.272289075292065 9.1614511011866835 19.594496229896322 2.706298419856469 692.66974006871169 41.455113755917409 54.492927419778425 20.666601703545897 47.242816672995104 8.5381356137804669 40.02559539048525 14.228849272549267 8.3230237459065375 18.563256194800488
leaf_count=116426 1813 1878 7366 388 9057 6071 9655 1743 8219 524 7438 1293 104 2931
internal_value=5.92382e-05 0.000633426 0.0164555 -0.0115102 -4.76718e-05 -0.00121746 -0.0104172 0.00573828 0.00036449 0.0189774 0.00611374 0.0132959 0.0267411 0.00182804
internal_weight=1006.45 993.941 31.4622 11.8677 962.478 807.181 114.511 155.297 117.77 37.5278 101.497 61.4717 28.9896 60.0184
internal_count=174906 58480 9632 2266 48848 27714 18657 21134 18763 2371 16950 9512 1847 9002
is_linear=0
shrinkage=0.05


Tree=154
num_leaves=15
num_cat=0
split_feature=42 22 41 30 6 2 5 2 52 6 7 9 31 45
split_gain=5.86592 6.70356 4.03488 3.87925 3.20089 8.32362 7.625 6.38685 5.05637 13.1616 8.31131 7.97369 8.48768 6.58512
threshold=10.500000000000002 0.65681570768356334 0.99238261580467235 0.26138716936111456 0.83424907922744762 0.70389267802238475 0.61250001192092907 0.43377923965454107 0.99424701929092418 0.11852502077817918 0.84045451879501354 2.9700856208801274 0.84134247899055492 0.98654446005821239
decision_type=2 2 2 2 2 2 2 2 2 2 2 2 2 2
left_child=2 3 4 -2 5 8 7 -6 10 -10 -1 12 -12 -14
right_child=1 -3 -4 -5 6 -7 -8 -9 9 -11 11 -13 13 -15
leaf_value=-0.0093760868765542151 0.0074711148071355997 0.019303395748923299 0.022225264276939462 -0.030989894172694429 0.00701834332674407 0.033150863929370215 -0.00084138028739838458 -0.035471868749623651 -0.021251768180621421 0.0097604751652465727 -0.010065902876949339 0.03178496812617139 0.029883941876952376 -0.010755825113686642
leaf_weight=185.31526483319612 3.8955407730973119 2.7846056242124169 11.566643458441829 26.338268498206162 8.4653325221297582 11.521655688004101 336.77167482419463 20.130010439606849 29.614422830054536 261.82976607623277 60.424555024925212 16.252561285946285 21.841311664655226 8.4141890318860515
leaf_count=8496 8396 140 6880 125920 162 265 9399 552 971 10289 2487 324 398 227
internal_value=4.47041e-05 -0.0180276 0.000835821 -0.0254091 0.000351929 0.00259828 -0.00327929 -0.0243338 0.00144697 0.00600878 -0.00315059 0.00751744 0.000442961 0.0187175
internal_weight=1005.17 33.0184 972.147 30.2338 960.581 595.214 365.367 28.5953 583.692 291.444 292.248 106.933 90.6801 30.2555
internal_count=174906 134456 40450 134316 33570 23457 10113 714 23192 11260 11932 3436 3112 625
is_linear=0
shrinkage=0.05


Tree=155
num_leaves=15
num_cat=0
split_feature=43 22 30 44 46 29 31 7 39 39 36 23 23 36
split_gain=5.50881 5.18677 3.43713 3.25723 4.74344 10.5655 15.1615 6.32844 5.13998 4.63348 4.25854 3.79858 3.76888 4.96939
threshold=6.5000000000000009 0.22604190558195117 0.26138716936111456 0.2525289803743363 0.208102822303772 0.58571431040763866 0.86729559302330028 0.76253134012222301 0.13392857462167743 0.10555555671453477 -0.16993208229541776 0.16071643680334094 0.53196728229522716 -0.96421459317207325
decision_type=2 2 2 2 2 2 2 2 2 2 2 2 2 2
left_child=3 2 -2 -1 5 6 9 10 12 -5 -7 -12 13 -6
right_child=1 -3 -4 4 8 7 -8 -9 -10 -11 11 -13 -14 -15
leaf_value=-0.015825825804793411 0.0064634649383890691 0.01314038685197174 -0.032959702461277954 -0.011845729966760659 -0.013713237780992017 0.011156182691353985 -0.03363181314696518 0.024097564825220984 -0.00232857769105403 0.017234662200725181 0.0092726462374697668 -0.028651271991391947 0.021295637700374181 0.008998985412815767
leaf_weight=18.769611527190136 3.2557258713277468 4.0213405737886196 19.253796185490501 11.278119754279031 23.934373500618676 21.371527056558989 21.845599752618 79.561079986277036 646.78155953482928 36.654035265441053 4.3431187334936103 8.327971541322766 29.89802266661718 74.550000198971247
leaf_count=2232 7341 927 118098 250 3945 1326 650 7729 21236 1482 192 467 1230 7801
internal_value=6.24171e-05 -0.0190051 -0.0270234 0.000767287 0.00125225 0.00825858 -0.00650574 0.0171198 -0.000489323 0.00952859 -0.000956677 -0.0172961 0.00827539 0.00272402
internal_weight=1003.85 26.5309 22.5095 977.315 958.545 183.381 69.7778 113.604 775.164 47.9322 34.0426 12.6711 128.382 98.4844
internal_count=174906 126366 125439 48540 46308 12096 2382 9714 34212 1732 1985 659 12976 11746
is_linear=0
shrinkage=0.05


Tree=156
num_leaves=15
num_cat=0
split_feature=41 41 26 45 40 40 40 40 9 26 44 44 31 39
split_gain=5.28495 3.82397 2.69357 3.31745 3.05745 9.117 7.90368 8.51625 6.97337 6.56817 6.41132 7.56001 6.14926 6.00349
threshold=4.9924110498977832e-05 0.99238261580467235 2.9174053668975835 0.99612250924110424 0.58540308475494396 0.50879037380218517 0.64166897535324108 0.66355451941490184 1.7005987167358401 3.0677825212478642 0.9981810748577119 0.99886575341224682 0.77459675073623668 0.41666667163372045
decision_type=2 2 2 2 2 2 2 2 2 2 2 2 2 2
left_child=-1 2 3 -2 5 10 9 -8 12 -6 13 -12 -9 -4
right_child=1 -3 4 -5 6 -7 7 8 -10 -11 11 -13 -14 -15
leaf_value=-0.024461651701264422 0.018174032746111516 0.021626575160024308 -0.0085364756591686918 -0.0034190883401395492 0.001493276238339435 0.015688192282638035 0.023574829567796819 0.019471153450297665 0.012579665671280924 -0.030667242729356482 0.015032048750197525 -0.0045325613025508594 -0.0098664891846822304 0.0078758898497345905
leaf_weight=11.533925092728166 33.302660505345557 11.11420574551448 262.30266408134776 25.588347813289147 23.088145279558375 85.968124767081463 22.595385507913306 10.347988105611874 44.570520215202123 35.232585682533681 97.704859329372994 84.479667159015662 192.44932725280523 61.643422206951072
leaf_count=116426 1053 6880 22984 1016 481 3843 435 168 1013 652 7521 6463 4118 1853
internal_value=4.66232e-05 0.000573712 0.000118578 0.00965735 -0.000589003 0.00155474 -0.00438716 -0.000522768 -0.00355439 -0.0195804 -0.00110332 0.00619608 -0.00752484 -0.00527106
internal_weight=1001.92 990.388 979.274 58.891 920.383 592.099 328.284 269.963 247.368 58.3207 506.131 182.185 202.797 323.946
internal_count=174906 58480 51600 2069 49531 42664 6867 5734 5299 1133 38821 13984 4286 24837
is_linear=0
shrinkage=0.05


Tree=157
num_leaves=15
num_cat=0
split_feature=41 41 29 36 12 40 9 45 36 50 27 11 7 40
split_gain=5.08363 3.7092 13.1142 9.25068 4.30558 3.65436 5.84286 8.57068 6.16628 6.82949 6.08598 7.151 5.7441 5.03538
threshold=4.9924110498977832e-05 0.925937980413437 0.86607143282890331 -0.21425617486238477 0.39339827001094824 0.67312461137771618 0.89587974548339855 0.99623042345047008 -0.25924634933471674 3.5000000000000004 0.89699381589889537 0.60025125741958629 0.91010102629661571 0.64166897535324108
decision_type=2 2 2 2 2 2 2 2 2 2 2 2 2 2
left_child=-1 5 3 4 -3 13 8 10 9 -7 -8 -12 -10 -2
right_child=1 2 -4 -5 -6 6 7 -9 12 -11 11 -13 -14 -15
leaf_value=-0.024126706929672677 0.0003644996416371114 -0.017892697942751265 0.027827865008105003 -0.033849447925577821 0.01487894176529877 0.017332806667121645 -0.010591026156236409 -0.018609682726722841 -0.026246481794932615 -0.019138978673528526 0.0014195456471830152 0.034043813282030801 0.0021101806920240688 0.01855848014437321
leaf_weight=11.255264338302366 656.10054511608905 4.4758067369693917 39.721923645935021 11.706151039572431 26.793892612797208 23.7374269568827 17.708170437603258 24.053418790106662 63.161640914855525 10.987233238411134 34.117705196375027 24.926341798854992 21.762002337141894 30.399848996079527
leaf_count=116426 44134 253 8020 609 2126 304 263 423 764 157 423 282 282 440
internal_value=7.06692e-05 0.000584463 0.010112 -0.00842456 0.00698922 -0.000385076 -0.00583913 0.0029283 -0.0128819 0.00409372 0.0110452 0.0181283 -0.0195232 0.00142506
internal_weight=1000.91 989.652 82.6978 42.9759 31.2697 906.954 220.454 100.806 119.648 34.7247 76.7522 59.044 84.9236 686.5
internal_count=174906 58480 11008 2988 2379 47472 2898 1391 1507 461 968 705 1046 44574
is_linear=0
shrinkage=0.05


Tree=158
num_leaves=15
num_cat=0
split_feature=41 41 26 47 40 39 12 14 35 12 20 3 36 43
split_gain=4.87414 3.50811 2.49018 3.07503 5.85368 2.88706 4.34528 2.83345 9.27265 4.75878 4.51201 7.27175 9.72462 5.33461
threshold=4.9924110498977832e-05 0.99238261580467235 2.9174053668975835 -0.73538130521774281 0.86282595992088329 0.13392857462167743 0.65942031145095836 1.0000000180025095e-35 0.84523808956146251 0.81534090638160717 0.16322983801364901 0.51724505424499523 -0.25924634933471674 2.5000000000000004
decision_type=2 2 2 2 2 2 2 2 2 2 2 2 2 2
left_child=-1 2 3 5 -5 -2 -7 8 9 -4 -9 -12 13 -13
right_child=1 -3 7 4 -6 6 -8 10 -10 -11 11 12 -14 -15
leaf_value=-0.023795874579833346 0.017713013982969528 0.020956659742378609 -0.0005610041810763973 0.028326513111309699 -0.014282625493433204 -0.017478734123667208 0.015057265818681415 0.00094001614252850127 0.033426580124128767 0.023063719349869418 -0.027903620831528128 0.017922911197104374 -0.014394055586761857 -0.0061264007834961375
leaf_weight=10.987013819751153 4.8325369996164218 10.629804220865479 415.62450117457774 21.584973063785586 3.998517620144411 22.151643903765947 6.209626397539977 278.7427154261386 12.73039036420232 12.447503657851483 30.338935722465976 45.981389302527532 90.625253282429185 32.486762216838542
leaf_count=116426 577 6880 29193 458 147 714 173 15445 330 240 590 1019 2068 646
internal_value=5.12537e-05 0.00055203 0.000120279 0.00929941 0.0195247 -0.00127723 -0.00828694 -0.000560596 0.00230421 0.000636758 -0.00319461 -0.00874244 -0.00393843 0.00839916
internal_weight=999.372 988.385 977.755 58.7773 25.5835 33.1938 28.3613 918.977 440.802 428.072 478.175 199.432 169.093 78.4682
internal_count=174906 58480 51600 2069 605 1464 887 49531 29763 29433 19768 4323 3733 1665
is_linear=0
shrinkage=0.05


Tree=159
num_leaves=15
num_cat=0
split_feature=42 31 22 41 44 53 52 40 30 47 43 40 30 53
split_gain=4.69945 5.43474 7.14879 3.26399 2.76536 4.03383 3.52109 3.57592 3.36368 3.09407 5.54491 4.2591 4.27551 7.29522
threshold=9.5000000000000018 0.2674796879291535 0.62563130259513866 0.99238261580467235 0.2525289803743363 0.018562968820333484 0.99910697340965282 0.55558907985687267 0.61257407069206249 -0.98410016298294056 5.5000000000000009 0.37116940319538122 0.6820855736732484 0.98538988828659069
decision_type=2 2 2 2 2 2 2 2 2 2 2 2 2 2
left_child=3 -2 -3 4 -1 -6 9 8 -8 10 -7 -11 13 -13
right_child=1 2 -4 -5 5 6 7 -9 -10 11 -12 12 -14 -15
leaf_value=-0.015018162594403027 0.014067446532829795 -0.029498940245971307 0.01607031581993627 0.020642246692246499 0.0199394929251436 -0.01518030457451061 0.0039145387150433791 0.0058416153450910674 -0.032289937892178232 0.011346116036238824 0.01905030702442758 -0.015138011320477743 0.0029208831232119905 0.0026806027946887521
leaf_weight=18.163152131477545 6.2845758195326189 30.960405962832738 4.0824604405206619 10.410039520938879 16.97968810609018 51.059827065379068 6.1269619016675341 10.958149075857362 13.444733088559586 92.284806340801879 5.6973623489902812 93.129102808030439 514.95387361137546 124.04722943586239
leaf_count=1674 10028 128269 204 6880 1785 7960 267 229 345 3657 1130 1432 9216 1830
internal_value=7.54524e-05 -0.0146685 -0.021801 0.000857061 0.000426075 0.000884907 0.000317548 -0.0141 -0.023465 0.000969683 -0.00940524 0.00178811 0.000446669 -0.00529035
internal_weight=998.582 41.3274 35.0429 957.255 946.845 928.682 911.702 30.5298 19.5717 881.172 56.7572 824.415 732.13 217.176
internal_count=174906 138501 128473 36405 29525 27851 26066 841 612 25225 9090 16135 12478 3262
is_linear=0
shrinkage=0.05


Tree=160
num_leaves=15
num_cat=0
split_feature=41 41 28 31 30 40 41 43 44 6 31 12 32 37
split_gain=4.48901 3.22703 2.57111 6.08277 5.29268 4.69531 6.0815 5.2315 6.57116 5.27721 5.99195 3.62442 12.906 8.10419
threshold=4.9924110498977832e-05 0.99238261580467235 0.060153776779770858 0.54011154174804699 0.50242719054222118 0.31423592567443853 0.0022219362435862426 5.5000000000000009 0.99691244959831249 0.79388421773910534 0.24859550595283511 0.67424243688583385 0.93603381514549266 -0.026157117448747155
decision_type=2 2 2 2 2 2 2 2 2 2 2 2 2 2
left_child=-1 2 3 4 -2 7 -7 9 -9 10 -4 12 -8 -13
right_child=1 -3 5 -5 -6 6 11 8 -10 -11 -12 13 -14 -15
leaf_value=-0.023112788575248056 -0.015021820342477264 0.020332435240925609 -0.0093716275902299331 -0.020044560946709099 0.026936321668102517 -0.019069935523820077 -0.00031379576258210902 -0.0068728942070700868 0.044135242551538958 -0.014487337545894123 0.020976548531532337 -0.017466650409606203 0.021420966122046456 0.0023513934462473158
leaf_weight=10.454011941110364 4.348495989557704 10.198000730597412 17.704210733048967 33.392590261835721 8.8385789227031619 31.72233788720041 534.28401264653075 5.7066360078024472 10.401187584138823 19.108250224395306 37.187951391751994 72.049643314327113 68.265343114966527 133.58785824431106
leaf_count=116426 1061 6880 2056 1044 456 20430 8549 3789 4695 538 3830 1387 1379 2386
internal_value=7.50465e-05 0.000550103 0.000139535 -0.0102136 0.012589 0.000761208 -0.000453481 0.0109978 0.0303534 0.00367267 0.0112526 0.000501382 0.00245813 -0.00508029
internal_weight=997.249 986.795 976.597 46.5797 13.1871 930.017 839.909 90.1082 16.1078 74.0004 54.8922 808.187 602.549 205.638
internal_count=174906 58480 51600 2561 1517 49039 34131 14908 8484 6424 5886 13701 9928 3773
is_linear=0
shrinkage=0.05


Tree=161
num_leaves=15
num_cat=0
split_feature=43 22 45 46 29 44 23 3 32 40 33 26 40 40
split_gain=4.35968 4.68571 3.09076 3.64674 6.01914 7.91361 7.2833 4.8051 4.61131 4.38201 6.06408 5.08452 5.70303 10.355
threshold=6.5000000000000009 0.22604190558195117 0.010874516330659391 0.11012570559978486 0.86607143282890331 0.96098020672798168 0.34615947306156164 0.9356788992881776 0.58485049009323131 0.43087665736675268 0.9388999640941621 3.1984648704528813 0.67312461137771618 0.50879037380218517
decision_type=2 2 2 2 2 2 2 2 2 2 2 2 2 2
left_child=2 -2 -1 4 6 7 -4 -6 -7 10 -5 12 13 -11
right_child=1 -3 3 9 5 8 -8 -9 -10 11 -12 -13 -14 -15
leaf_value=-0.01763385760058522 -0.025533032570099413 0.012619091497114258 -0.01523183408846694 0.0024114919960362032 -0.020097739498714903 -0.013342247165238554 0.012779358231281811 0.0156411497537337 0.031192119460620789 -0.0029943366728883234 0.026671728626480873 -0.011406755157982864 -0.0073962118961259943 0.015342925975984493
leaf_weight=12.522171073476782 20.530644148573632 4.118083061053766 37.388079063006444 208.11593056917627 12.475156737964427 1.0056350310333062 35.599167874199338 6.8900100116952663 44.727730379672721 201.66489487182116 19.856363591912668 115.61695672053611 164.06999192805961 112.04402001627022
leaf_count=2220 125439 927 1774 20441 235 34 1888 91 8074 5069 1027 3843 2083 1761
internal_value=7.52817e-05 -0.0173566 0.000689592 0.00110817 0.00833054 0.0182788 -0.00167591 -0.00638582 0.0279946 -0.000191634 0.00555655 -0.00245548 -9.99267e-05 0.00382664
internal_weight=996.625 24.6487 971.976 959.454 138.086 65.0985 72.9872 19.3652 45.7334 821.368 227.972 593.396 477.779 313.709
internal_count=174906 126366 48540 46320 12096 8434 3662 326 8108 34224 21468 12756 8913 6830
is_linear=0
shrinkage=0.05


Tree=162
num_leaves=15
num_cat=0
split_feature=41 41 28 31 42 28 5 4 45 43 53 14 6 30
split_gain=4.14579 2.95133 2.43598 6.98284 4.74217 3.77366 9.34977 11.009 8.46301 9.30947 7.9258 6.72376 6.60266 5.73248
threshold=4.9924110498977832e-05 0.99238261580467235 0.054424287751317031 0.54011154174804699 5.5000000000000009 0.68457102775573742 0.61250001192092907 0.11805555596947671 0.99411928653717052 2.5000000000000004 0.99883460998535167 0.080128207802772536 0.52027395367622387 0.68457102775573742
decision_type=2 2 2 2 2 2 2 2 2 2 2 2 2 2
left_child=-1 2 3 4 -2 8 7 -7 9 12 -10 -11 -4 -8
right_child=1 -3 5 -5 -6 6 13 -9 10 11 -12 -13 -14 -15
leaf_value=-0.022476889423655253 0.028050745802556717 0.019660266863050526 0.0177856457486474 -0.021583082799263732 -0.013683704593703751 0.014749769849584494 -0.015963518315427236 -0.026954373009222404 0.021584925193864318 0.0084747462270323131 -0.010735282215517941 -0.018331335148488233 -0.005825018187516965 0.0022195996025146359
leaf_weight=9.9815883417322748 7.8546060788503365 9.7526138648390752 66.097263091942295 29.455147389060585 3.4484064847492846 13.859295374801148 37.268210041671409 54.591452917185961 88.888659634569194 25.577183063622215 16.988557894102996 74.431460049891029 42.071835750306491 514.63952134898864
leaf_count=116426 141 6880 1387 963 1161 484 1500 2929 7370 5881 1562 6503 813 20906
internal_value=7.35841e-05 0.000525738 0.000136755 -0.0105353 0.0148717 0.000708885 -0.00155337 -0.0177067 0.00508759 -0.000898874 0.0159201 -0.0113285 0.00888658 0.00072952
internal_weight=994.906 984.924 975.172 40.7582 11.303 934.413 620.358 68.4507 314.055 208.178 105.877 100.009 108.169 551.908
internal_count=174906 58480 51600 2265 1302 49335 25819 3413 23516 14584 8932 12384 2200 22406
is_linear=0
shrinkage=0.05


Tree=163
num_leaves=15
num_cat=0
split_feature=42 41 29 36 37 12 27 3 28 1 37 9 27 7
split_gain=3.98177 2.84804 11.5899 8.26321 4.28918 4.05455 3.30461 7.43041 8.10835 5.83576 6.33331 5.48959 5.15611 5.77221
threshold=20.500000000000004 0.925937980413437 0.86607143282890331 -0.21425617486238477 -0.3354783803224563 0.39339827001094824 0.95861870050430309 0.84252950549125682 0.98147514462471019 1.0000000180025095e-35 -0.69041749835014332 3.4175922870635991 0.91458967328071605 0.52679425477981578
decision_type=2 2 2 2 2 2 2 2 2 2 2 2 2 2
left_child=1 6 3 5 -5 -3 7 9 -9 10 -1 12 13 -12
right_child=-2 2 -4 4 -6 -7 -8 8 -10 -11 11 -13 -14 -15
leaf_value=0.021534682807423416 -0.022943640763383302 -0.017298541428029227 0.026403705898438226 0.008634206649657911 -0.039813010260596464 0.014454616727564915 -0.0041939480895899451 0.034395379436900041 -0.0070559748611812925 -0.027426782744117896 0.0066430961143080849 0.016027588608912527 0.013542843791615586 -0.0067732164252071311
leaf_weight=25.791820593221928 8.4738706816569884 4.5828330976655733 36.922782777342945 1.9471478797495354 10.292292119353077 26.36231078801211 338.86373679772805 23.701731568515243 13.672745659023347 8.3912122999099648 96.873746389894222 37.145982274516427 39.059248823614325 322.38272331939515
leaf_count=5879 94006 253 8020 64 545 2126 18662 798 702 768 9857 2024 2077 29125
internal_value=5.75166e-05 0.00048357 0.00896191 -0.0081114 -0.0316889 0.0066758 -0.000355834 0.00197084 0.0209427 0.000268814 0.00122254 -0.000239958 -0.00187251 -0.00359069
internal_weight=994.464 985.99 80.1074 43.1846 12.2394 30.9451 905.883 567.019 37.3745 529.645 521.254 495.462 458.316 419.256
internal_count=174906 80900 11008 2988 609 2379 69892 51230 1500 49730 48962 43083 41059 38982
is_linear=0
shrinkage=0.05


Tree=164
num_leaves=15
num_cat=0
split_feature=41 41 16 36 14 35 45 42 13 37 14 34 12 40
split_gain=3.86673 2.7169 2.31781 3.30155 2.97615 9.58857 4.98973 6.58534 5.46052 5.14844 5.10378 4.98701 4.86524 6.92104
threshold=4.9924110498977832e-05 0.99238261580467235 1.0000000180025095e-35 -0.62496271729469288 1.0000000180025095e-35 0.84523808956146251 0.83760464191436779 3.5000000000000004 0.8603896200656892 -0.092193767428398118 0.81666666269302379 0.73247623443603527 0.83666664361953746 0.47202385962009435
decision_type=2 2 2 2 2 2 2 2 2 2 2 2 2 2
left_child=-1 2 4 -4 5 -2 9 8 10 11 -8 -6 -9 -14
right_child=1 -3 3 -5 6 -7 7 12 -10 -11 -12 -13 13 -15
leaf_value=-0.021933046359278983 0.00092884136684391193 0.019043435414609095 -0.0060090443667625637 0.02756978121513956 0.0042884620854890454 0.033734119347390873 -0.010458910841449828 -0.00086645322708633888 0.023432945699600718 -0.0018533457256388912 0.016083200752291336 -0.032383237972721593 0.01662365096395358 -0.023233717635324561
leaf_weight=9.594528146015362 456.3572662966908 9.3607625572476518 7.5045569905632874 7.5832853996544127 9.3146017046528851 13.457055313396266 35.508760321652517 252.93692567577818 35.978858520975336 54.918502715969225 20.085695860208943 29.626426892733434 5.9721419041306936 45.174027704808395
leaf_count=116426 30559 6880 534 249 1061 346 624 12811 1022 1014 978 1526 137 739
internal_value=6.31701e-05 0.000496238 0.000126425 0.0151301 -0.000263198 0.00255198 -0.00296207 -0.000391668 0.0106851 -0.0127164 0.000120471 -0.0245275 -0.00396139 -0.0166222
internal_weight=993.373 983.779 974.418 15.0878 959.33 469.814 489.516 395.656 91.5733 93.8595 55.5945 38.941 304.083 51.1462
internal_count=174906 58480 51600 783 50817 30905 19912 16311 2624 3601 1602 2587 13687 876
is_linear=0
shrinkage=0.05


Tree=165
num_leaves=15
num_cat=0
split_feature=42 11 3 49 9 44 53 40 40 39 2 3 31 42
split_gain=3.73824 2.84346 7.08399 9.13422 6.93002 9.83366 7.97884 13.221 6.79972 6.00368 7.96877 7.69171 7.54742 5.95148
threshold=20.500000000000004 0.35724179446697241 0.31349755823612219 3.5000000000000004 0.89587974548339855 0.9988488256931306 0.93039232492446911 0.70936906337738048 0.40292488038539892 0.22500000149011615 0.011461412068456413 0.76086515188217174 0.23294574022293094 4.5000000000000009
decision_type=2 2 2 2 2 2 2 2 2 2 2 2 2 2
left_child=1 2 -1 8 6 9 7 -3 -4 10 -6 12 -11 -8
right_child=-2 4 3 -5 5 -7 13 -9 -10 11 -12 -13 -14 -15
leaf_value=-0.021825385232949367 -0.022421532496300758 0.01888517259864432 0.0078932614297312458 0.010008549881997982 0.0097360013295997583 -0.009038932015735239 -0.00033094694941379979 -0.012145154786772583 -0.01127768300971896 0.028925543617770461 0.045368905548352878 0.017594696505450345 -0.0091596285123784708 -0.017241158867481159
leaf_weight=33.710013040537888 8.12443293052638 78.524796936340863 54.565489614811668 123.08491441675869 49.856949881388573 57.651073311273649 109.54307154944399 47.406802988494746 167.30934738922224 5.4295051677618167 19.580968989022949 70.751090353704058 76.634473553829594 89.79914483702305
leaf_count=16294 94006 3942 9448 11423 4328 3930 5061 474 11129 42 1234 3577 2067 7951
internal_value=8.27166e-05 0.000492286 -0.00286106 -0.000445175 0.00260293 0.00823337 -0.00234323 0.00716972 -0.00642591 0.01291 0.0242305 0.00659373 -0.00377165 -0.00840832
internal_weight=991.972 983.848 378.67 344.96 605.178 279.904 325.274 125.932 221.875 222.253 69.4379 152.815 82.064 199.342
internal_count=174906 80900 48294 32000 32606 15178 17428 4416 20577 11248 5562 5686 2109 13012
is_linear=0
shrinkage=0.05


Tree=166
num_leaves=15
num_cat=0
split_feature=42 52 45 53 46 4 31 33 40 33 37 37 37 6
split_gain=3.6525 5.13523 2.8635 3.41265 3.77013 5.77908 9.97563 5.73369 4.297 7.15942 6.91916 5.44506 7.10427 7.75056
threshold=9.5000000000000018 0.99861216545104992 0.010874516330659391 0.018562968820333484 0.27338738739490515 0.43650794029235845 0.61633428931236278 0.99073997139930736 0.42926873266696935 0.9388999640941621 -0.21003264188766477 -0.38365557789802546 -0.55054539442062367 0.80982521176338207
decision_type=2 2 2 2 2 2 2 2 2 2 2 2 2 2
left_child=2 -2 -1 -4 5 6 -5 -8 9 10 11 12 13 -6
right_child=1 -3 3 4 8 -7 7 -9 -10 -11 -12 -13 -14 -15
leaf_value=-0.01699973724461008 -0.021268929944131598 0.01243489542059263 0.018835134385868701 0.019175078314991625 0.023464115093993317 0.011831917038197418 -0.022400586270191106 0.014445270975739161 -0.0034882008171691612 0.029132021854522013 -0.012730469201330325 0.024035835350202747 -0.015703348121600673 -0.006423251129141095
leaf_weight=12.183076345871084 31.120515196307679 8.1134698097812343 16.619458948538522 19.989038160478231 36.175661728491832 143.02336762403138 43.665795895809424 5.8620739919133475 514.78877859038039 16.841570858727209 51.115878846372652 26.588239397235157 30.927732549076609 34.514737721416168
leaf_count=1665 117597 20904 1580 760 2626 10379 1343 324 8958 608 2391 2199 2536 1036
internal_value=9.49826e-05 -0.0131891 0.000773648 0.00118048 0.00066439 0.00634756 -0.00500486 -0.0163455 -0.00109908 0.00503572 0.00135343 0.00748351 0.00138722 0.00988397
internal_weight=991.529 39.234 952.295 940.112 923.493 212.54 69.5169 49.5279 710.953 196.164 179.322 128.206 101.618 70.6904
internal_count=174906 138501 36405 34740 33160 12806 2427 1667 20354 11396 10788 8397 6198 3662
is_linear=0
shrinkage=0.05


Tree=167
num_leaves=15
num_cat=0
split_feature=42 11 26 32 39 9 44 9 44 53 40 35 14 39
split_gain=3.53206 2.65266 6.92668 7.72698 8.24089 9.15511 7.03977 6.45758 9.12253 7.2972 12.0952 5.64667 6.14343 5.48513
threshold=20.500000000000004 0.35724179446697241 3.2384861707687382 0.72776681184768688 0.29166667163372045 1.2424533367156985 0.99841156601905834 0.89587974548339855 0.9988488256931306 0.93039232492446911 0.70936906337738048 0.38181819021701818 0.29285715520381933 0.22500000149011615
decision_type=2 2 2 2 2 2 2 2 2 2 2 2 2 2
left_child=1 2 3 4 6 -6 -1 9 13 10 -3 -11 -13 -9
right_child=-2 7 -4 -5 5 -7 -8 8 -10 11 -12 12 -14 -15
leaf_value=-0.010890475849294931 -0.02194833636862013 0.018013148237083037 -0.015082260416333999 -0.013113200568438156 0.024623645938932733 -0.007167579343984533 0.010612865461630684 0.023278738385311755 -0.0086719247957236113 0.0085939605715640056 -0.011651597317661175 -0.031476384207467283 -0.0067213304447563882 0.0064180982296739644
leaf_weight=87.125420585260144 7.8189271141818599 78.874613995663822 77.844861489364121 65.870708089867549 67.670472563258954 26.657174657557334 52.959257322800113 69.775308688855148 57.529748369684967 34.324451088388741 47.351644725422375 23.210921674093697 140.93929082802788 152.39661993020854
leaf_count=16489 94006 3942 10341 7620 3830 1333 8681 5562 3930 3548 474 2362 7102 5686
internal_value=0.000116736 0.000511695 -0.00272999 0.000855075 0.00515614 0.0158135 -0.00259563 0.00255119 0.00798661 -0.00222968 0.0068465 -0.0080535 -0.0118281 0.0124879
internal_weight=990.349 982.53 378.128 300.283 234.412 94.3276 140.085 604.403 279.702 324.701 126.226 198.475 164.15 222.172
internal_count=174906 80900 48294 37953 30333 5163 25170 32606 15178 17428 4416 13012 9464 11248
is_linear=0
shrinkage=0.05


Tree=168
num_leaves=15
num_cat=0
split_feature=47 11 16 4 37 47 8 22 43 26 51 27 40 32
split_gain=3.4625 5.73743 3.20709 3.271 5.86239 6.64184 3.44714 3.19468 3.53182 2.94884 9.05901 6.7346 4.94719 8.65055
threshold=-0.98893108963966359 0.48093420267105108 1.0000000180025095e-35 0.94444444775581371 -0.55329057574272145 -0.87201189994812001 0.89587974548339855 0.46467782557010656 5.5000000000000009 2.9700856208801274 2.5000000000000004 0.71010184288024913 0.70066976547241222 0.92346739768981945
decision_type=2 2 2 2 2 2 2 2 2 2 2 2 2 2
left_child=1 7 3 9 5 -5 -7 -1 -9 10 11 -2 -11 -14
right_child=2 -3 -4 4 -6 6 -8 8 -10 12 -12 -13 13 -15
leaf_value=-0.025529595513313498 -0.0095953089226569113 0.0097077409982477478 0.018777936666103185 0.019802854772690056 0.021575546903773682 0.0045874649893945414 -0.020482061939355395 -0.012340649061061812 0.019990843150751253 0.00046665019471019945 -0.0045865361446413835 0.02926045238240484 -0.020853253514442577 0.0014759664279277653
leaf_weight=32.100814152086969 9.2100667899503588 19.040497010442778 14.512689541974394 14.926543120243876 38.300784943588951 17.203899091087806 25.943215169500036 11.264898855370118 4.0221742849826105 528.0458060822566 75.721676810753706 37.926252491401101 73.338963242247701 87.892292686388828
leaf_count=78681 1459 8564 1223 1803 5436 271 1503 338 271 65946 2944 1779 1657 3031
internal_value=9.22082e-05 -0.0101403 0.000929414 0.000442964 0.00868948 -0.00173015 -0.0115038 -0.0184172 0.000707572 -0.000629424 0.00620852 0.0213177 -0.00191959 -0.00930556
internal_weight=989.451 66.4284 923.022 908.51 96.3744 58.0737 43.1471 47.3879 15.2871 812.135 122.858 47.1363 689.277 161.231
internal_count=174906 87854 87052 85829 9013 3577 1774 79290 609 76816 6182 3238 70634 4688
is_linear=0
shrinkage=0.05


Tree=169
num_leaves=15
num_cat=0
split_feature=42 41 28 45 23 39 46 51 37 36 39 44 44 7
split_gain=3.34481 2.50562 2.44853 5.38415 5.44321 4.33512 4.32812 6.88627 3.57458 3.77752 4.67965 3.51544 3.92555 4.76673
threshold=20.500000000000004 0.99238261580467235 0.060153776779770858 0.99478432536125194 0.52594006061553966 0.13392857462167743 0.96737965941429149 2.5000000000000004 -0.39078174531459803 -0.94888436794280995 0.75000000000000011 0.99930480122566234 0.9959818720817567 0.83503401279449474
decision_type=2 2 2 2 2 2 2 2 2 2 2 2 2 2
left_child=1 2 3 4 -1 11 -7 8 -8 -10 -11 12 13 -4
right_child=-2 -3 5 -5 -6 6 7 -9 9 10 -12 -13 -14 -15
leaf_value=-0.017818653792719512 -0.021530506586052725 0.018464761506471188 -0.014499091780249791 -0.029299235350304764 0.014543155931538421 0.00087407927350264831 -0.010812485494277844 -0.020994397336632262 -0.012115697642894123 0.026297792439365954 -0.0089824881647064571 -0.015389093487675821 0.017122540869714532 0.01366050406499233
leaf_weight=11.764768925982933 7.5576660023216382 9.006932547548784 21.73804275625298 12.049371727902324 22.414438536696252 690.62665413828654 21.846167911768134 52.190785754508397 6.5730603070333009 23.178588088077962 7.3879999324126393 5.0663867055845904 78.524757502149441 18.615982491624891
leaf_count=1505 94006 6880 8154 961 496 12440 8160 13844 704 3305 348 669 20162 3272
internal_value=0.000103241 0.000485493 0.000132546 -0.0100027 0.00189205 0.000740154 -0.000643073 -0.00936198 0.00248175 0.0109365 0.0176583 0.00906824 0.0112238 -0.00137554
internal_weight=988.542 980.984 971.977 46.2286 34.1792 925.748 801.803 111.177 58.9858 37.1396 30.5666 123.945 118.879 40.354
internal_count=174906 80900 74020 2962 2001 71058 38801 26361 12517 4357 3653 32257 31588 11426
is_linear=0
shrinkage=0.05


Tree=170
num_leaves=15
num_cat=0
split_feature=41 26 47 40 4 9 11 28 30 5 4 27 30 52
split_gain=3.23535 2.42981 2.98019 4.92058 2.69965 7.51426 6.56 3.71959 8.92269 7.21232 10.473 6.70749 13.4948 8.01493
threshold=4.9924110498977832e-05 2.9174053668975835 -0.73538130521774281 0.86282595992088329 0.94444444775581371 1.2424533367156985 0.28253819048404699 0.68457102775573742 0.81173768639564525 0.61250001192092907 0.11805555596947671 0.56330129504203807 0.56440424919128429 0.99586057662963878
decision_type=2 2 2 2 2 2 2 2 2 2 2 2 2 2
left_child=-1 2 -2 -4 7 -6 -7 8 11 10 -9 -3 -13 -14
right_child=1 4 3 -5 5 6 -8 9 -10 -11 -12 12 13 -15
leaf_value=-0.020551785573946914 -0.001045686174633314 -0.0046725745757329046 0.027665019927139253 -0.011434587233576012 0.023715474610422768 -0.0099517855677713138 0.024496379261607755 0.013625517177023616 0.035105498936279449 -0.0013782760995509613 -0.027738972565426453 0.028813365708461287 -0.015950072152324656 0.012616093979437802
leaf_weight=8.6756963801308284 33.004670487775002 206.4290528372876 21.389350848505277 4.6417068310547611 32.191859382393886 56.1308963354968 7.5842527184868223 13.664586257465997 10.13238608749816 419.79837502876762 50.738242111299769 44.305767207406461 43.854406635087798 35.512605782176252
leaf_count=116426 1464 18251 729 736 2750 4281 1342 862 413 18199 2872 2653 2263 1665
internal_value=6.61988e-05 0.000454719 0.00950226 0.0194545 -0.000221539 0.00730103 -0.00308444 -0.00117365 0.00278505 -0.00395538 -0.0183108 0.000789942 0.00957518 -0.00318675
internal_weight=988.054 979.378 59.0357 26.0311 920.342 95.907 63.7151 824.435 340.234 484.201 64.4028 330.102 123.673 79.367
internal_count=174906 58480 2929 1465 55551 8373 5623 47178 25245 21933 3734 24832 6581 3928
is_linear=0
shrinkage=0.05


Tree=171
num_leaves=15
num_cat=0
split_feature=42 11 37 26 12 8 6 32 39 44 44 12 37 42
split_gain=3.13997 2.36543 7.8135 6.93135 6.35266 6.57654 6.89264 6.87706 6.29681 7.9662 7.5184 6.16415 6.09998 6.02726
threshold=20.500000000000004 0.35724179446697241 -0.20088510960340497 3.4811217784881596 0.60434782505035411 0.89587974548339855 0.21778655797243121 0.93767654895782482 0.41666667163372045 0.99691244959831249 0.99632176756858837 0.37715516984462744 -0.034045776352286332 3.5000000000000004
decision_type=2 2 2 2 2 2 2 2 2 2 2 2 2 2
left_child=1 2 3 8 5 7 -7 11 10 -10 -1 -3 -6 -12
right_child=-2 4 -4 -5 12 6 -8 -9 9 -11 13 -13 -14 -15
leaf_value=-0.013275254226084211 -0.021042396087010858 0.012914943158317061 -0.022647593333667407 -0.028709920696745814 -0.010477289970116562 -0.0087679500565708973 0.026989317417473985 0.022387104578758095 0.025467206923872984 -0.0054699197340287642 -0.018791430595682695 -0.0062565813227462063 0.0031661660423239861 0.0072300309560145645
leaf_weight=87.6163972457216 7.261966206606302 48.658717551043082 33.183748481220391 9.9678857338003564 127.33016045931436 11.827943281728947 55.015290885923605 28.323719397791137 42.601356941377162 29.481379453558475 15.96572886710055 137.21839452855056 194.88915021941648 156.88853769871639
leaf_count=14730 94006 3197 3229 1466 5711 887 3259 1741 1900 1495 265 10273 7538 25209
internal_value=9.99469e-05 0.000467966 -0.00260521 -7.61178e-05 0.00239317 0.00775752 0.0203444 0.00309743 0.00159521 0.0136892 -0.00213408 -0.000834757 -0.00237835 0.00393032
internal_weight=986.23 978.968 375.705 342.521 603.263 281.044 66.8432 214.201 332.553 72.0827 260.471 185.877 322.219 172.854
internal_count=174906 80900 48294 45065 32606 19357 4146 15211 43599 3395 40204 13470 13249 25474
is_linear=0
shrinkage=0.05


Tree=172
num_leaves=15
num_cat=0
split_feature=47 11 45 16 4 37 47 9 26 52 36 5 27 39
split_gain=3.12891 5.40492 3.12783 2.98404 2.77829 5.34786 4.4809 5.15953 3.78682 3.19097 2.80126 8.80969 6.09889 9.02214
threshold=-0.98893108963966359 0.48093420267105108 0.99849528074264537 1.0000000180025095e-35 0.94444444775581371 -0.71559545397758473 -0.88016143441200245 0.89587974548339855 3.4811217784881596 0.99683412909507763 -0.57141563296318043 0.61250001192092907 0.42761905491352087 0.75000000000000011
decision_type=2 2 2 2 2 2 2 2 2 2 2 2 2 2
left_child=1 2 -1 4 10 6 9 -8 -7 -6 12 -12 -2 -14
right_child=3 -3 -4 -5 5 8 7 -9 -10 -11 11 -13 13 -15
leaf_value=-0.022701681916477725 -0.0038592378851252888 0.0094392322845123101 0.0059363160006491271 0.018114616446593099 0.026480313214597179 0.019687916530271837 0.01560783336367149 -0.024032220498460294 -0.012522053518186095 -0.0090678302062087175 -0.017443641710442603 5.2755757915604564e-05 0.014906708578813245 -0.022125443507946041
leaf_weight=38.986436246123048 134.30744594773569 19.142375416551658 7.4142608928013933 14.432152785775541 5.4315891888909373 56.266782856182544 3.3886739900044658 22.289495800636359 3.6798554192500879 4.1613779767503729 74.97392751705047 468.85030129666848 122.30848198450258 9.8235148116218607
leaf_count=69976 16212 8564 9314 1223 871 5984 60 908 1000 190 13476 30286 16647 195
internal_value=7.56322e-05 -0.00971123 -0.0178845 0.000869871 0.000400146 0.00804574 -0.00633516 -0.0158926 0.0162031 0.0143021 -0.000585457 -0.00263079 0.00353337 0.0107905
internal_weight=985.457 65.5431 46.4007 919.914 905.481 95.2178 35.2711 25.6782 59.9466 9.59297 810.264 543.824 266.439 132.132
internal_count=174906 87854 79290 87052 85829 9013 2029 968 6984 1061 76816 43762 33054 16842
is_linear=0
shrinkage=0.05


Tree=173
num_leaves=15
num_cat=0
split_feature=42 41 45 53 6 52 40 47 31 11 47 40 30 28
split_gain=2.9838 2.31173 2.15081 2.64182 2.83029 2.60892 3.05665 2.95562 4.59576 4.40373 3.22644 3.05522 3.97132 7.58755
threshold=20.500000000000004 0.99238261580467235 0.010874516330659391 0.018562968820333484 0.84028983116149913 0.99910697340965282 0.55558907985687267 -0.98376023769378651 0.32466214895248419 0.52338436245918285 -0.99689599871635426 0.37116940319538122 0.6820855736732484 0.61633428931236278
decision_type=2 2 2 2 2 2 2 2 2 2 2 2 2 2
left_child=1 2 -1 4 -4 7 -7 8 9 -5 -10 -9 13 -13
right_child=-2 -3 3 5 -6 6 -8 11 10 -11 -12 12 -14 -15
leaf_value=-0.015246935049835953 -0.020672150609422204 0.017863279071390594 0.022758458699131956 -0.010044638667460176 -0.0092773713141779315 -0.020606329573490938 0.0060696477926781896 0.0092836217940331835 0.0097212147737022313 0.023325567880489256 -0.019543580175728433 0.00078358486847683118 0.0026781206176512608 -0.018838418042586628
leaf_weight=12.342172519573067 7.0442584305856135 8.6525557858403754 14.566448972640503 11.027792884749944 3.3311805012708637 20.896208276768451 10.812388937571084 98.084399630461121 4.9904563039744962 10.475032785230722 47.12630879603239 160.08487960262573 514.37723907869076 60.694817345472984
leaf_count=3660 94006 6880 3367 7236 804 2180 235 11688 7250 1770 19137 2890 12332 1471
internal_value=7.05807e-05 0.000427899 9.12727e-05 0.000444907 0.0156076 -5.72224e-06 -0.0122357 0.000550689 -0.00842329 0.0084556 -0.0156275 0.00143406 0.000276241 -0.00519328
internal_weight=984.506 977.462 968.809 956.467 17.8976 938.57 31.7086 906.861 73.6196 21.5028 52.1168 833.241 735.157 220.78
internal_count=174906 80900 74020 70360 4171 66189 2415 63774 35393 9006 26387 28381 16693 4361
is_linear=0
shrinkage=0.05


Tree=174
num_leaves=15
num_cat=0
split_feature=41 48 20 28 45 46 53 46 11 39 12 42 53 53
split_gain=2.88683 2.27427 5.36445 7.63563 6.67235 5.4118 5.33132 6.76012 5.0214 6.35814 6.20677 6.92896 5.84819 5.71375
threshold=4.9924110498977832e-05 3.5000000000000004 0.17326695472002032 0.078689370304346098 0.99525383114814769 0.72523048520088207 0.98366528749465953 0.020209848880767826 0.35724179446697241 0.41666667163372045 0.37715516984462744 5.5000000000000009 0.99868279695510875 0.012894758954644205
decision_type=2 2 2 2 2 2 2 2 2 2 2 2 2 2
left_child=-1 8 3 4 5 -3 -4 -8 9 12 -10 -12 13 -2
right_child=1 2 6 -5 -6 -7 7 -9 10 -11 11 -13 -14 -15
leaf_value=-0.01970347999756962 0.015043174747559798 0.02160661850686374 0.0098844270262340855 0.011266595812027359 -0.033094282935609988 -0.0188114459946985 0.017335906389989303 -0.012947941715734119 0.018258558675240642 0.0048976370243476799 0.0023459308797645368 -0.019015903536546166 0.011087923535045337 -0.018409382876158922
leaf_weight=8.1529006999407994 6.621129826467949 10.748596106423067 44.977697695518145 208.14267350787122 10.547813380093428 4.3986255436175261 12.856439934577791 109.89697974812589 41.256178968265885 68.785820329459966 275.19029957478051 33.796417923891568 15.9586765838103 132.62477173606021
leaf_count=116426 2048 167 717 14692 833 430 5296 2036 1782 2621 7014 5980 1436 13428
internal_value=5.52227e-05 0.000418506 0.00326166 0.00801828 -0.0140795 0.00705637 -0.00344767 -0.00870924 -0.00159155 -0.00727341 0.0021432 -0.000513475 -0.0126375 -0.0159174
internal_weight=983.955 975.802 401.569 233.838 25.695 15.1472 167.731 122.753 574.233 223.99 350.243 308.987 155.205 139.246
internal_count=174906 58480 24171 16122 1430 597 8049 7332 34309 19533 14776 12994 16912 15476
is_linear=0
shrinkage=0.05


Tree=175
num_leaves=15
num_cat=0
split_feature=42 44 46 29 23 7 45 39 37 14 36 44 33 13
split_gain=2.79985 2.22548 3.18659 7.37136 6.21752 5.11489 4.90472 4.57761 4.34512 5.51244 4.57697 4.22181 4.18238 5.56657
threshold=20.500000000000004 0.2525289803743363 0.27338738739490515 0.76388889551162731 0.32378090918064123 0.76533168554306041 0.98495811223983776 0.13392857462167743 -0.35464718937873835 0.18333333730697635 -0.33938296139240259 0.9959818720817567 0.92344322800636303 0.82843136787414562
decision_type=2 2 2 2 2 2 2 2 2 2 2 2 2 2
left_child=1 -1 3 4 8 -5 -6 11 -3 -10 -11 -4 13 -8
right_child=-2 2 7 5 6 -7 12 -9 9 10 -12 -13 -14 -15
leaf_value=-0.013439674444612169 -0.020207289330537524 0.007183111748765892 -0.005050419328537583 -4.7339752255808657e-06 0.020445262868612396 0.02330023205331223 0.012260627982858287 -0.0025662254836813659 0.0093989373359869063 -0.0013856614404738408 -0.040658496790179688 0.012765987112470385 0.01047011497424585 -0.030267376534575119
leaf_weight=18.284511937970819 6.7786056343102237 11.901981130125931 42.352992984764569 35.265108396532014 26.002117586234817 60.811526887817308 5.081736219115558 618.86401952961751 6.4690106932539484 11.102260894258505 17.864603189053017 93.829489227086015 15.830864836694671 12.237337781582026
leaf_count=3720 94006 249 10611 2086 573 6695 245 31910 139 450 598 22306 826 492
internal_value=4.64533e-05 0.000390673 0.000790913 0.00620052 -0.00284735 0.0155521 0.0074961 -0.000722473 -0.0148254 -0.0221715 -0.0298247 0.00725861 -0.00504525 -0.0178686
internal_weight=982.676 975.898 957.613 202.567 106.49 96.0766 59.1521 755.047 47.3379 35.4359 28.9669 136.182 33.1499 17.3191
internal_count=174906 80900 77180 12353 3572 8781 2136 64827 1436 1187 1048 32917 1563 737
is_linear=0
shrinkage=0.05


Tree=176
num_leaves=15
num_cat=0
split_feature=47 11 22 43 16 26 9 37 37 5 9 13 45 37
split_gain=2.76438 4.88046 2.94453 3.34665 2.81383 2.67426 4.08064 3.26264 8.50113 6.08236 7.27755 6.54391 5.74298 5.60092
threshold=-0.98893108963966359 0.48093420267105108 0.46467782557010656 5.5000000000000009 1.0000000180025095e-35 3.5114340782165532 3.6242519617080693 -0.35464718937873835 -0.38365557789802546 0.61250001192092907 1.4978661537170412 0.5419580638408662 0.99235120415687572 -0.29457275569438929
decision_type=2 2 2 2 2 2 2 2 2 2 2 2 2 2
left_child=1 2 -1 -4 5 6 7 8 9 -2 -11 -12 -10 -9
right_child=4 -3 3 -5 -6 -7 -8 13 12 10 11 -13 -14 -15
leaf_value=-0.02426183995971793 -0.013813667626342049 0.0088277523586077124 -0.011919924468229039 0.019578681085487881 0.017557687508923014 -0.016227813228489752 0.015831807952041536 -0.01740158553349783 0.043067437279858893 0.010209102850409098 -0.014321644309014307 0.020275455050900781 -0.0042335460988631255 -0.00059992064548012561
leaf_weight=30.083227554256155 43.878031782005564 19.384278742581955 11.046791734625002 4.0900033885991425 14.340902932737661 13.785272898800029 32.769566533504985 44.994422755589767 11.575007962557722 166.82269704898499 59.974355041529634 7.7716352598799849 6.7886215204489408 514.46653537610837
leaf_count=78681 20475 8564 338 271 1223 2398 4542 4686 2158 16337 6677 207 192 28157
internal_value=3.63016e-05 -0.00922344 -0.0171587 0.000994061 0.000780993 0.00032508 0.000759392 6.46967e-06 0.00416294 0.00145305 0.00475687 -0.00825534 0.0302537 -0.00223304
internal_weight=981.771 64.6043 45.22 15.1368 917.167 902.826 889.041 856.271 296.81 278.447 234.569 67.746 18.3636 559.461
internal_count=174906 87854 79290 609 87052 85829 83431 78889 46046 43696 23221 6884 2350 32843
is_linear=0
shrinkage=0.05


Tree=177
num_leaves=15
num_cat=0
split_feature=42 26 45 40 9 40 40 40 40 26 44 52 46 32
split_gain=2.65577 2.19477 2.90042 2.38384 3.34258 3.33887 8.44998 6.4609 7.85493 5.84798 5.53483 6.36052 7.51347 5.3133
threshold=20.500000000000004 2.9174053668975835 0.99612250924110424 0.8959288001060487 1.0000000180025095e-35 0.58540308475494396 0.50879037380218517 0.64166897535324108 0.66355451941490184 3.0677825212478642 0.9981810748577119 0.99897712469100963 0.92799752950668346 0.92346739768981945
decision_type=2 2 2 2 2 2 2 2 2 2 2 2 2 2
left_child=1 2 -1 5 -5 6 10 9 -9 -7 -3 -12 -13 -10
right_child=-2 3 -4 4 -6 7 -8 8 13 -11 11 12 -14 -15
leaf_value=0.017067178883991847 -0.0198090201383492 -0.0049569726942619817 -0.0031395015617942815 -0.012160809952290491 0.022103227504506811 0.0013796402678211044 0.015214619743304299 0.022025620175421493 -0.010960129545174075 -0.028994570096463609 0.010180410157942596 -0.029464591793953054 0.0088894758582229224 0.0036913221413430418
leaf_weight=32.800867514473794 6.5574077930250487 319.3147766380207 25.798921130495728 2.7087087219115373 14.684723115875384 23.1246982117882 84.875474657739687 22.540505216340534 121.63674522860674 34.9590296796232 147.89257710088714 15.778988720849155 18.35157401937613 109.54599779378623
leaf_count=1948 94006 37955 2286 165 3076 603 3881 551 3671 784 18306 137 3873 3664
internal_value=4.99972e-05 0.000383645 0.00901022 -0.000259978 0.0142758 -0.000695636 0.00152792 -0.00479361 -0.00107972 -0.0184753 -0.00104144 0.00572782 -0.0115008 -0.00415234
internal_weight=980.571 974.014 58.5998 915.414 17.3934 898.02 586.213 311.807 253.723 58.0837 501.338 182.023 34.1306 231.183
internal_count=174906 80900 4234 76666 3241 73425 64152 9273 7886 1387 60271 22316 4010 7335
is_linear=0
shrinkage=0.05


Tree=178
num_leaves=15
num_cat=0
split_feature=47 11 45 16 7 48 27 36 52 36 28 3 36 29
split_gain=2.62257 4.55961 2.88507 2.63221 2.56039 3.24234 2.54776 10.5841 6.3663 5.3205 4.87393 8.96414 6.77515 4.84929
threshold=-0.98893108963966359 0.48093420267105108 0.99849528074264537 1.0000000180025095e-35 0.72821971774101268 3.5000000000000004 0.42761905491352087 -0.75997346639633168 0.032285835593938834 -0.72227817773818959 0.45867486298084265 0.34479518234729772 -0.63887256383895863 0.58571431040763866
decision_type=2 2 2 2 2 2 2 2 2 2 2 2 2 2
left_child=1 2 -1 6 5 -3 8 -8 -2 -9 -11 -12 -13 -14
right_child=3 4 -4 -5 -6 -7 7 9 -10 10 11 12 13 -15
leaf_value=-0.021576133069179174 0.019657004523189418 -0.006445917729253227 0.0058796923239819035 0.017004701143158298 -0.0090894069380391199 0.029040108551863626 0.02170773571481386 -0.023801202679884483 -0.0091945239800280028 0.018937807964669554 -0.028562118489365657 0.023457140181441558 -0.0094188406451134153 0.0017204029500051687
leaf_weight=37.163941276641708 12.582995555898377 5.4749061753027508 7.4179576684837221 14.306865832601032 6.8842225316257091 7.2361803077001241 49.747353388280317 13.123537410428979 131.13906958942971 24.371340148187301 17.068593010961195 21.415931431947683 109.65946766229172 522.71226319925699
leaf_count=69976 2970 1988 9314 1223 3892 2684 7754 1511 14863 5327 1032 1662 14887 35823
internal_value=4.28208e-05 -0.00900385 -0.0167675 0.000766942 0.00835683 0.0176474 0.000325673 0.00149818 -0.00555413 -0.000203567 0.000573057 -0.000362459 0.000792956 -0.000327807
internal_weight=980.305 64.1772 44.5819 916.127 19.5953 12.7111 901.821 758.098 143.722 708.351 695.228 670.856 653.788 632.372
internal_count=174906 87854 79290 87052 8564 4672 85829 67996 17833 60242 58731 53404 52372 50710
is_linear=0
shrinkage=0.05


Tree=179
num_leaves=15
num_cat=0
split_feature=42 44 46 29 23 7 45 40 44 44 42 20 36 27
split_gain=2.53953 2.08806 2.88988 6.70265 5.7102 4.85077 4.62212 4.44971 5.96378 9.04892 5.19128 4.24224 4.16434 4.09825
threshold=20.500000000000004 0.2525289803743363 0.27338738739490515 0.76388889551162731 0.32378090918064123 0.76533168554306041 0.98495811223983776 0.43087665736675268 0.99820801615715038 0.99886575341224682 3.5000000000000004 0.51163646578788768 -0.16993208229541776 0.25320513546466833
decision_type=2 2 2 2 2 2 2 2 2 2 2 2 2 2
left_child=1 -1 3 4 -3 12 -6 8 10 13 -4 -9 -5 -10
right_child=-2 2 7 5 6 -7 -8 11 9 -11 -12 -13 -14 -15
leaf_value=-0.013075828633831785 -0.019474000429220938 -0.014061108063443673 0.015313874673020769 0.011846403266436028 0.019952203896591567 0.022577663244441132 -0.0048459840078849169 -0.004251178161014081 -0.0043784996005349266 -0.0026474238788797688 -0.0061595265728608753 0.014826971489795646 -0.015889404486679536 0.0324031263564446
leaf_weight=18.043783041212009 6.3758509745784968 47.824596820748411 26.29287063938682 21.340244647231884 25.691477027809015 59.643994325248059 33.211440691491589 501.87196984449838 6.3351645911752703 41.522686389063892 116.23908423519606 21.210370251210406 13.8194986237213 40.236052273437963
leaf_count=3720 94006 1436 349 1368 573 6695 1563 17922 920 8146 28070 264 718 9156
internal_value=5.45865e-05 0.000379265 0.000766257 0.00593214 -0.00265881 0.0149345 0.00729609 -0.00067462 0.00497906 0.0144747 -0.00145405 -0.00321396 -0.000159622 0.0275101
internal_weight=979.659 973.283 955.239 201.531 106.728 94.8037 58.9029 753.708 230.626 88.0939 142.532 523.082 35.1597 46.5712
internal_count=174906 80900 77180 12353 3572 8781 2136 64827 46641 18222 28419 18186 2086 10076
is_linear=0
shrinkage=0.05


Tree=180
num_leaves=15
num_cat=0
split_feature=11 37 9 29 27 36 12 35 53 14 36 26 20 44
split_gain=2.48292 6.81219 6.61941 6.48928 6.87389 6.4166 5.79144 6.06026 7.78644 8.58107 6.83468 6.55721 6.53686 5.62369
threshold=0.35724179446697241 -0.20088510960340497 2.8029010295867924 0.73214286565780651 0.93063354492187511 -0.22856511175632474 0.60434782505035411 0.25833334028720861 0.99407947063446056 0.47222222387790685 -0.12725819647312162 3.0677825212478642 0.46055197715759283 0.99841156601905834
decision_type=2 2 2 2 2 2 2 2 2 2 2 2 2 2
left_child=1 2 3 -1 -5 -6 7 -2 10 12 -9 -11 -10 -7
right_child=6 -3 -4 4 5 13 -8 8 9 11 -12 -13 -14 -15
leaf_value=-0.0089520838852413416 0.021755928584466799 -0.021838226396735591 -0.016033657365278214 0.023904431278626539 -0.012484541971862315 0.00025992842813160675 -0.0025093827789670919 0.016326605024771092 -0.028805174303817589 0.01916946244264971 -0.006271761526910064 -0.013420433393377985 0.015163522246496301 0.02111828157062719
leaf_weight=82.377645915326866 47.617742338050448 32.975438811470667 48.878888435021508 36.738480249132408 44.750969560707745 91.007028133350104 320.98944992590623 107.21408685652204 36.313059979042009 27.74846698958936 40.599376019483316 17.106525945826434 3.791332740278448 40.324403925184015
leaf_count=69676 9646 5621 24650 8203 9295 7522 14897 10090 7795 2303 905 1298 90 2915
internal_value=6.82159e-05 -0.00306622 -0.000701205 0.00227971 0.0068339 0.00217903 0.00205145 0.00717928 0.00342405 -0.00805707 0.0101155 0.00655978 -0.0224517 0.00770543
internal_weight=978.433 377.053 344.077 295.199 212.821 176.082 601.38 280.391 232.773 84.9594 147.813 44.855 40.1044 131.331
internal_count=174906 127882 122261 97611 27935 19732 47024 32127 22481 11486 10995 3601 7885 10437
is_linear=0
shrinkage=0.05


Tree=181
num_leaves=15
num_cat=0
split_feature=41 45 53 46 11 29 31 44 28 44 50 40 9 53
split_gain=2.45045 2.01796 2.44997 3.03966 4.62021 4.47251 11.8836 6.07992 3.61755 3.47001 3.44198 3.17479 6.68453 4.54854
threshold=4.9924110498977832e-05 0.010874516330659391 0.018562968820333484 0.11012570559978486 0.36793853342533117 0.58571431040763866 0.87007671594619762 0.96098020672798168 0.97014260292053234 0.99473574757576 3.5000000000000004 0.81538873910903942 1.7005987167358401 0.9766468107700349
decision_type=2 2 2 2 2 2 2 2 2 2 2 2 2 2
left_child=-1 -2 -3 4 8 6 -6 -7 10 -8 -4 -5 13 -13
right_child=1 2 3 11 5 7 9 -9 -10 -11 -12 12 -14 -15
leaf_value=-0.018500221710218014 -0.014547644695451693 0.015317666744675868 -0.030496752022142422 5.323834415401956e-05 0.017018172724279367 -0.0069812981443706764 0.0056030749804780247 0.02705261800663207 0.0087532799642891131 -0.034330169729941733 0.0055052448990104983 -0.0003066198324177543 0.017055853803184178 -0.02928348642056049
leaf_weight=7.4596233184420262 12.100771245161011 17.973155291474541 9.9690068371419311 751.22141856936651 29.681165244895965 12.564534414079388 3.8966990851331529 45.818829312047455 11.180587999333511 12.451846489100715 5.9947130096843475 21.907946774968877 8.6665162154240516 26.398181969532743
leaf_count=116426 2402 2710 466 40728 1588 161 112 8252 756 427 257 179 96 346
internal_value=6.74399e-05 0.000397611 0.00073482 0.000297573 0.00705982 0.0116674 -0.000314307 0.0197784 -0.00903329 -0.0262979 -0.020064 -0.000876014 -0.0113072 -0.0184483
internal_weight=977.285 969.825 957.725 939.751 131.557 104.413 46.0297 58.3834 27.1443 16.3485 15.9637 808.194 56.9726 48.3061
internal_count=174906 58480 56078 53368 12019 10540 2127 8413 1479 539 723 41349 621 525
is_linear=0
shrinkage=0.05


Tree=182
num_leaves=15
num_cat=0
split_feature=32 12 28 37 7 44 4 30 47 45 44 53 26 20
split_gain=2.40422 9.06389 7.49 4.49385 6.24139 8.78112 4.56779 4.54327 4.87331 4.44733 4.23183 4.08415 3.84476 8.5081
threshold=0.91693207621574413 0.58578431606292736 0.28035087883472448 -0.034045776352286332 0.93377193808555614 0.98477792739868175 0.27922078967094427 0.27953489124774938 -0.18000067025423047 0.72363483905792247 0.99393063783645641 0.15867115557193759 3.0677825212478642 0.075320910662412657
decision_type=2 2 2 2 2 2 2 2 2 2 2 2 2 2
left_child=12 2 -2 -3 5 9 7 -7 -9 -5 -6 -8 -1 -14
right_child=1 3 -4 4 10 6 11 8 -10 -11 -12 -13 13 -15
leaf_value=0.0021103078035404942 -0.0047201526763617566 -0.0087136612437899736 0.026814630306271642 -0.024313968442003311 0.0073319344506824619 0.014902207296427539 -0.0087477330918396112 -0.017531920025318695 0.015623268816873023 0.0083026646494675487 -0.022229784283118115 0.028260814618773861 0.00236954751510413 -0.013849597304284032
leaf_weight=302.93444247962907 23.321871000352985 106.15014519319811 51.500992686706013 18.182054611399511 12.716418150957905 36.69503472492579 3.9497598282177924 24.500330370272426 7.3614177229901534 10.290762503096628 23.886207002007723 46.112793282896746 158.4018822687176 150.04061327946329
leaf_count=65531 3268 5907 3969 427 294 473 48 1026 431 197 2264 2329 80740 8002
internal_value=4.58457e-05 0.00320892 0.0175877 -0.000965707 0.00373025 0.00833433 0.014197 0.00461124 -0.00796945 -0.0134316 -0.01259 0.0243707 -0.00186211 -0.00570735
internal_weight=976.045 364.668 74.8229 289.845 183.695 147.092 118.619 68.5568 31.8617 28.4728 36.6026 50.0626 611.377 308.442
internal_count=174906 20633 7237 13396 7489 4931 4307 1930 1457 624 2558 2377 154273 88742
is_linear=0
shrinkage=0.05


Tree=183
num_leaves=15
num_cat=0
split_feature=42 26 45 53 44 27 32 13 20 35 44 52 46 7
split_gain=2.37848 1.96687 2.70685 2.2295 3.16567 6.6131 7.23889 9.42754 4.77237 5.32806 4.93938 6.68293 5.26438 4.54327
threshold=20.500000000000004 2.9174053668975835 0.99612250924110424 0.99885290861129772 0.99632176756858837 0.12599206715822223 0.92113238573074352 0.8603896200656892 0.087176505476236357 0.38181819021701818 0.99816438555717479 0.99896749854087841 0.98533344268798839 0.83503401279449474
decision_type=2 2 2 2 2 2 2 2 2 2 2 2 2 2
left_child=1 2 -1 4 13 -6 8 -8 10 -10 -7 12 -12 -3
right_child=-2 3 -4 -5 5 6 7 -9 9 -11 11 -13 -14 -15
leaf_value=0.016350357728838288 -0.019000404629564687 -0.0081117556235960966 -0.003189286707778881 -0.0085628547306777995 -0.020637652110606423 -0.0040683490501085403 0.027074771869824977 0.0020784264038830914 0.009778269447678449 -0.011634762797759202 0.026547716662703103 -0.0096227754164470349 -0.0017586680259281296 0.0025268118067800147
leaf_weight=32.609475236731669 6.125860614636621 191.33572036499754 25.596190708532959 64.203554379273555 17.689350369750173 69.581377778471506 59.44682654395001 86.572917358073028 30.244226364171482 106.79033211736896 51.934314089710824 19.682945091550209 20.741497552029614 192.87833628424778
leaf_count=1948 94006 17804 2286 6853 1559 11153 3690 3605 1348 4230 364 3247 11212 11601
internal_value=4.64656e-05 0.000359628 0.00854993 -0.000250751 0.000471967 0.00322621 0.00460758 0.0133379 4.99862e-05 -0.00656518 0.00570404 0.0127446 0.0192336 -0.00284249
internal_weight=975.433 969.307 58.2057 911.101 846.898 462.684 444.994 146.02 298.975 137.035 161.94 92.3588 72.6758 384.214
internal_count=174906 80900 4234 76666 69813 40408 38849 7295 31554 5578 25976 14823 11576 29405
is_linear=0
shrinkage=0.05


Tree=184
num_leaves=15
num_cat=0
split_feature=47 11 22 43 26 9 26 41 37 37 39 44 31 45
split_gain=2.35488 4.20936 2.79582 3.18175 2.40169 3.77008 3.0801 3.20667 3.00402 7.86614 5.61671 10.2202 7.93365 5.43438
threshold=-0.98893108963966359 0.48093420267105108 0.46467782557010656 5.5000000000000009 3.5114340782165532 3.6242519617080693 3.4498615264892583 0.0059441470075398692 -0.35464718937873835 -0.38365557789802546 0.41666667163372045 0.99667659401893627 0.90645834803581249 0.99235120415687572
decision_type=2 2 2 2 2 2 2 2 2 2 2 2 2 2
left_child=1 2 -1 -4 5 8 7 -7 9 10 11 -2 -12 -11
right_child=4 -3 3 -5 -6 6 -8 -9 -10 13 12 -13 -14 -15
leaf_value=-0.02328890816602763 -0.015026334528846745 0.0079982946520392069 -0.011485885493696463 0.019267973556555219 -0.014884494467195523 -0.0089553216008376787 -0.0042524355389342598 0.0287449353485002 -0.0017164818709287457 0.041967011664499211 -0.015363753391385199 0.0061985307050287722 0.022399174729924393 -0.0041003974872374218
leaf_weight=28.657889927639189 82.048545812944212 19.729649709279329 10.837047049833926 4.1394142666686085 14.04010396830199 2.0690015863692706 10.594532864255596 20.038360891863704 567.5274827938556 11.57902258912509 10.553532569731031 138.34522619961353 47.826449060179584 6.7712502396316259
leaf_count=78681 28288 8564 338 271 2440 2449 1568 600 33667 2176 579 13350 1737 198
internal_value=4.25871e-05 -0.00857924 -0.0161686 0.00132548 0.00072862 0.00113426 0.0156385 0.0235263 0.000413168 0.00440439 0.00178637 -0.00201234 0.0143242 0.0295178
internal_weight=974.758 63.364 43.6344 14.9765 911.394 897.353 32.7019 22.1074 864.652 297.124 278.774 220.394 58.38 18.3503
internal_count=174906 87854 79290 609 87052 84612 4617 3049 79995 46328 43954 41638 2316 2374
is_linear=0
shrinkage=0.05


Tree=185
num_leaves=15
num_cat=0
split_feature=42 41 53 37 14 26 27 40 37 26 51 44 27 11
split_gain=2.25777 1.92529 2.22242 6.641 12.1561 5.15805 4.76102 6.67342 4.74319 5.02412 6.40034 6.05592 5.52725 4.72301
threshold=20.500000000000004 0.99238261580467235 0.99715062975883495 -0.63864290714263905 0.64583334326744091 3.0201274156570439 0.60943254828453075 0.83170276880264293 -0.84475931525230397 2.9700856208801274 2.5000000000000004 0.99681228399276745 0.71010184288024913 0.77799394726753246
decision_type=2 2 2 2 2 2 2 2 2 2 2 2 2 2
left_child=1 2 8 -4 -5 6 -6 -8 -1 10 12 -12 -10 -7
right_child=-2 -3 3 4 5 13 7 -9 9 -11 11 -13 -14 -15
leaf_value=-0.015808064440381867 -0.018618942213249279 0.016585466196539413 0.0093168954641545693 -0.019011931204563601 -0.02116655081410411 0.023865990281131146 0.022023865265386872 -0.022610115493744254 -0.0075086162535845345 0.00077290543573346217 -0.017361355849892228 0.014408184366335878 0.033344303001542945 -0.006563977438837694
leaf_weight=27.792602391997207 5.9299603854997249 7.9416361922631031 61.587451671566669 105.68010791403503 17.555424743957701 32.330353231693152 14.692632576254256 3.3189808493480077 6.3823239706616723 606.70992839710743 18.577284040347877 21.597134573185031 30.512134675071138 13.103753158502512
leaf_count=2821 94006 6880 7203 12447 785 1217 438 165 775 44507 1196 1441 747 278
internal_value=5.37386e-05 0.000357403 5.35056e-05 -0.00392729 -0.00854819 0.0056926 -0.00747404 0.00866368 0.00147759 0.00239791 0.0136324 -0.000814819 0.0261831 0.0154887
internal_weight=973.712 967.782 959.84 248.269 186.681 81.0011 35.567 18.0116 711.571 683.779 77.0689 40.1744 36.8945 45.4341
internal_count=174906 80900 74020 22533 15330 2883 1388 603 51487 48666 4159 2637 1522 1495
is_linear=0
shrinkage=0.05


Tree=186
num_leaves=15
num_cat=0
split_feature=11 37 9 12 9 44 42 52 7 29 27 39 42 44
split_gain=2.21796 6.09177 5.95334 5.74116 6.14634 7.29908 7.241 8.39896 8.06323 5.58728 6.44004 5.8223 8.7574 5.58674
threshold=0.35724179446697241 -0.20088510960340497 2.8029010295867924 0.37715516984462744 0.89587974548339855 0.9988488256931306 4.5000000000000009 0.99896749854087841 0.26953603327274328 0.73214286565780651 0.93063354492187511 0.41666667163372045 3.5000000000000004 0.99691244959831249
decision_type=2 2 2 2 2 2 2 2 2 2 2 2 2 2
left_child=1 2 9 -2 6 -6 -5 8 -8 -1 -11 12 -12 -13
right_child=3 -3 -4 4 5 -7 7 -9 -10 10 11 13 -14 -15
leaf_value=-0.0083443076181700312 0.014713090942070631 -0.020727027934356351 -0.015320416599867135 0.0014135327652614865 0.010119413819894597 -0.00970522565961595 0.014630661163887369 0.020373813882325807 -0.023322155221402161 0.022853657323566562 -0.026560271846934876 0.026127494708809058 0.0029168462417138818 -0.0053603052860511048
leaf_weight=81.403841975225077 66.699739769057487 32.735344332071691 48.147827056542155 178.96508138830541 194.33881319525972 51.445549411146203 9.3687662714546587 7.3794399754842734 90.059652411287971 36.841501031456573 22.38354836057988 28.70789649011931 106.64942162374064 17.574093382809224
leaf_count=69676 7472 5621 24650 5633 14654 4681 548 824 13212 8203 258 990 17683 801
internal_value=4.65461e-05 -0.00292673 -0.000680632 0.00192501 7.83131e-05 0.00575268 -0.00483153 -0.0145208 -0.0187358 0.00214608 0.00636564 0.0018545 -0.00373917 0.015343
internal_weight=972.701 374.443 341.708 598.257 531.557 245.784 285.773 106.808 99.4284 293.56 212.156 175.315 129.033 46.282
internal_count=174906 127882 122261 47024 39552 19335 20217 14584 13760 97611 27935 19732 17941 1791
is_linear=0
shrinkage=0.05


Tree=187
num_leaves=15
num_cat=0
split_feature=42 45 53 46 11 29 31 44 3 48 44 40 42 44
split_gain=2.16649 1.92426 2.32127 2.67364 4.21682 4.16152 11.0441 5.70759 3.64904 4.06609 3.19811 3.14741 4.27234 5.89187
threshold=20.500000000000004 0.010874516330659391 0.018562968820333484 0.11012570559978486 0.36793853342533117 0.58571431040763866 0.87007671594619762 0.96098020672798168 0.92787593603134166 3.5000000000000004 0.99473574757576 0.42926873266696935 3.5000000000000004 0.99820801615715038
decision_type=2 2 2 2 2 2 2 2 2 2 2 2 2 2
left_child=1 -1 -3 4 8 6 -6 -7 9 -4 -8 12 -5 -14
right_child=-2 2 3 11 5 7 10 -9 -10 -11 -12 -13 13 -15
leaf_value=-0.014281880404299794 -0.018330721362353478 0.014816251008914996 -0.029855087768995182 0.0185092736784854 0.01652903581381647 -0.0068136119766494408 0.0054789039185472151 0.026297096597858217 0.011178887944000503 0.0064392890248256554 -0.032732346238213965 -0.0027788975608856389 -0.0064291147400407592 0.010465453343146462
leaf_weight=12.007791619893394 5.7851414605465825 18.164510681195679 11.427718684368307 32.085275313525926 29.288069697518949 12.499801378231494 3.8656236467650187 44.213750188413542 8.2768477079771383 7.4060915816226034 12.833659365656784 582.80120517078467 110.38026431571416 80.404158256940718
leaf_count=3700 94006 4171 629 340 1621 160 112 8252 577 386 427 18147 25182 17196
internal_value=4.52768e-05 0.000342118 0.000672551 0.000244118 0.00663031 0.0110942 -0.000393605 0.019072 -0.00871256 -0.0182995 -0.0251479 -0.000853511 0.00408447 0.000857546
internal_weight=971.44 965.655 953.647 935.482 129.812 102.701 45.9874 56.7136 27.1107 18.8338 16.6993 805.671 222.87 190.784
internal_count=174906 80900 77200 73029 12164 10572 2160 8412 1592 1015 539 60865 42718 42378
is_linear=0
shrinkage=0.05


Tree=188
num_leaves=15
num_cat=0
split_feature=41 48 9 53 3 52 20 4 51 45 45 40 31 40
split_gain=2.10933 1.90935 6.0806 6.02213 5.58836 5.05468 4.11436 6.09535 5.49026 5.10323 7.31867 6.14033 4.83308 7.22895
threshold=4.9924110498977832e-05 3.5000000000000004 0.89587974548339855 0.99578100442886364 0.78532448410987865 0.99912944436073314 0.51163646578788768 0.61250001192092907 2.5000000000000004 0.68117520213127147 0.99689295887947094 0.72761943936347973 0.94185259938240062 0.43692533671855932
decision_type=2 2 2 2 2 2 2 2 2 2 2 2 2 2
left_child=-1 6 3 -3 -5 -4 7 12 -8 11 -11 -9 -2 -14
right_child=1 2 5 4 -6 -7 8 9 -10 10 -12 -13 13 -15
leaf_value=-0.017467563493694716 -0.0012853645754562987 0.0030745096661959521 0.0098859989401341858 -0.024427982501033813 0.0051875915909601429 -0.016203468618164834 0.024375710876251053 0.01298565123771514 -0.016814184254494297 -0.019770434247998715 0.011589377907144373 -0.017689320601071108 0.033449299802220098 -0.00087113390134460958
leaf_weight=6.9055165307254347 317.46448517470708 104.11039858948061 221.95459646319068 40.843667283341347 18.794158263648569 11.25555615655321 20.471759162552193 37.370982210719376 3.1464940313016987 106.16652142772364 15.332829895138273 15.046234692679716 16.894238756300183 34.580258280708222
leaf_count=116426 21834 4854 14048 2975 1334 960 1149 2025 750 5124 916 237 1171 1103
internal_value=4.3026e-05 0.000346689 0.00296563 -0.00426941 -0.0156903 0.00801237 -0.00150815 -0.00251627 0.015519 -0.00995549 -0.0152326 0.00275713 0.00116073 0.0140019
internal_weight=970.338 963.432 396.958 163.748 59.6378 233.21 566.474 542.856 23.6183 173.917 121.499 52.4172 368.939 51.4745
internal_count=174906 58480 24171 9163 4309 15008 34309 32410 1899 8302 6040 2262 24108 2274
is_linear=0
shrinkage=0.05


Tree=189
num_leaves=15
num_cat=0
split_feature=47 11 45 16 36 45 6 30 33 2 47 14 4 11
split_gain=2.10079 3.95547 2.70695 2.38046 2.57041 2.36832 3.43421 6.8584 3.22769 3.07307 2.87724 4.70027 2.75273 3.56176
threshold=-0.98893108963966359 0.48093420267105108 0.99849528074264537 1.0000000180025095e-35 -0.62496271729469288 0.3837027251720429 0.84028983116149913 0.75582656264305126 0.92344322800636303 0.75103306770324718 -0.018191113136708733 0.64583334326744091 0.94444444775581371 0.27910128235816961
decision_type=2 2 2 2 2 2 2 2 2 2 2 2 2 2
left_child=1 2 -1 5 -5 6 7 10 -9 -8 -2 -12 -7 -14
right_child=3 -3 -4 4 -6 12 9 8 -10 -11 11 -13 13 -15
leaf_value=-0.020464883794323485 -0.020876586777375156 0.0078225614036253246 0.0060471839412670489 -0.0046247585633715609 0.026541369207501372 0.00014448925332948223 -0.02940905841409365 0.028463049087705007 -0.0068374284616314869 -0.0022922637741300145 -0.012127457137924427 0.018209740037224316 0.0029060723833518702 0.025368303579109405
leaf_weight=35.431521137623349 17.88614437088836 19.787043676587928 7.340553004287357 6.5328200586700405 7.5852734620602842 704.40211584282588 14.131059850096788 14.165237676697872 4.3712335370946667 21.699211671566445 20.337940961784625 12.062148220957168 69.065304807223583 15.319569777755531
leaf_count=69976 8544 8564 9314 450 773 54497 2289 3192 80 2855 6555 472 3660 3685
internal_value=3.32428e-05 -0.00815719 -0.0156312 0.000680567 0.0161819 0.000259213 -0.00646406 0.000522825 0.0206597 -0.0170703 -0.00909567 0.000797732 0.00122099 0.00923966
internal_weight=970.117 62.5591 42.7721 907.558 14.1181 893.44 104.653 68.8227 18.5365 35.8303 50.2862 32.4001 788.787 84.3849
internal_count=174906 87854 79290 87052 1223 85829 23987 18843 3272 5144 15571 7027 61842 7345
is_linear=0
shrinkage=0.05


Tree=190
num_leaves=15
num_cat=0
split_feature=42 27 1 27 28 29 28 12 23 13 47 52 29 41
split_gain=2.01912 1.95684 7.08879 10.0692 7.80241 9.69557 8.51772 5.92288 8.91451 7.7925 5.50336 5.29286 4.62523 5.56766
threshold=20.500000000000004 0.95861870050430309 1.0000000180025095e-35 0.84028983116149913 0.71516755223274242 0.86607143282890331 0.86706829071044933 0.21583850681781772 0.28287054598331457 0.69615384936332714 -0.0037041604518890377 0.70166486501693737 0.61250001192092907 0.925937980413437
decision_type=2 2 2 2 2 2 2 2 2 2 2 2 2 2
left_child=1 2 3 7 -5 6 -6 -1 -9 -10 -11 -7 -3 -14
right_child=-2 12 -4 4 5 11 -8 8 9 10 -12 -13 13 -15
leaf_value=0.019394763510434204 -0.017838428099712988 -0.023549093010930566 -0.021788473453413802 0.035518544391934949 -0.01634379837490435 -0.0068839082218810112 0.010655291230442536 -0.018301665353811461 0.017308730292908088 -0.0053502017873009663 0.014929413185342057 0.027673248332109851 -0.0030194956103663842 0.01795474395657061
leaf_weight=22.397596142040129 5.5436569144258092 14.517186605473396 19.843681518355879 22.220153973452398 45.629985184521502 9.3674954797024821 51.817923895414424 65.521423503749247 48.798827360464202 240.43900406307148 28.843623704800848 49.476453701452556 319.43374317669804 25.030832015618216
leaf_count=7428 94006 1746 1527 1838 4047 558 2260 10441 10444 13042 1210 2524 17056 6779
internal_value=4.06242e-05 0.000325725 0.00205118 0.00321339 0.0127656 0.00758946 -0.00233152 -0.00119249 -0.00285674 0.000785617 -0.00272121 0.0219712 -0.00255598 -0.00103185
internal_weight=968.882 963.338 604.356 584.512 178.512 156.292 97.4479 406 383.603 318.081 269.283 58.8439 358.982 344.465
internal_count=174906 80900 55319 53792 11227 9389 6307 42565 35137 24696 14252 3082 25581 23835
is_linear=0
shrinkage=0.05


Tree=191
num_leaves=15
num_cat=0
split_feature=32 12 28 37 53 40 40 15 47 12 11 37 45 53
split_gain=2.03056 8.30575 6.46992 4.03314 3.69237 3.55734 8.00504 7.32669 5.42559 5.1163 6.71051 5.22161 6.13462 5.07039
threshold=0.91693207621574413 0.58578431606292736 0.28035087883472448 -0.034045776352286332 0.93642082810401928 0.58540308475494396 0.50879037380218517 1.0000000180025095e-35 -0.89796704053878773 0.58114033937454235 0.57906645536422741 -0.17864262312650678 0.99628967046737682 0.93642082810401928
decision_type=2 2 2 2 2 2 2 2 2 2 2 2 2 2
left_child=5 2 4 -3 -2 6 7 -1 -8 10 11 12 -7 -11
right_child=1 3 -4 -5 -6 9 8 -9 -10 13 -12 -13 -14 -15
leaf_value=0.00058083798526899178 0.013442573016471327 -0.0083939871616893983 0.025373031853322021 0.003441082572310507 -0.016275719830160396 0.0086998654637328032 -0.007483021828927904 -0.020497083526662227 0.023310664578999222 0.0031606211107096621 0.01944488509073429 -0.017265820118283072 -0.018317334795596624 -0.036472588823276801
leaf_weight=321.90959598915651 8.9408565445555741 105.39826517730398 51.094493264081393 181.87130092323059 14.082901116667925 63.868241482734447 13.728343587648849 37.201361953244486 46.957353668665746 9.6561173766385782 18.069856896647252 60.274776294187177 19.393189285125118 15.395104120427275
leaf_count=41657 921 5907 3969 7489 2347 1668 2802 102633 1301 82 659 1809 877 785
internal_value=5.36339e-05 0.00297369 0.0167954 -0.00103746 -0.00415921 -0.00170645 0.000873551 -0.00209884 0.0162714 -0.0072583 -0.0032825 -0.00722379 0.00111771 -0.0246525
internal_weight=967.842 361.388 74.1183 287.27 23.0238 606.454 419.797 359.111 60.6857 186.657 161.606 143.536 83.2614 25.0512
internal_count=174906 20633 7237 13396 3268 154273 148393 144290 4103 5880 5013 4354 2545 867
is_linear=0
shrinkage=0.05


Tree=192
num_leaves=15
num_cat=0
split_feature=45 6 22 47 7 14 7 4 37 39 53 15 39 35
split_gain=1.97879 3.90057 3.58488 2.83312 3.76253 6.81289 4.24389 3.92752 3.56795 3.35529 3.25572 11.7345 9.69214 9.64874
threshold=0.12699197977781299 0.83752354979515087 0.81585559248924266 -0.051536105573177331 0.68801230192184459 0.64583334326744091 0.92637759447097789 0.5634920895099641 -0.63578480482101429 0.41666667163372045 0.93039232492446911 1.0000000180025095e-35 0.75000000000000011 0.47222222387790685
decision_type=2 2 2 2 2 2 2 2 2 2 2 2 2 2
left_child=1 -1 -3 10 5 -5 -6 9 -9 -8 11 -2 13 -13
right_child=3 2 -4 4 6 -7 7 8 -10 -11 -12 12 -14 -15
leaf_value=0.0015587616368676468 -0.0033398612945004106 -0.029174379803110408 0.0072459319955941806 -0.027041119169010686 0.018686417875457943 0.012742056135792943 0.0065968879033007181 -0.013025741799451901 0.017129097188110936 -0.023238120955145072 -0.002489187917968305 -0.0069437785306252151 -0.00086276410354488005 0.048591586850758303
leaf_weight=42.896348405309254 138.34014162028325 16.26527574595821 4.567977742990478 11.611696337582543 60.96652172121685 12.882638524693903 9.7675728613976407 5.1732080621877676 26.993709314439911 13.779093963792546 565.17894175503534 7.2240035256654691 27.594347345155256 23.879202443997201
leaf_count=15361 8354 4504 64 193 3941 1211 494 92 4839 581 117587 11414 544 5727
internal_value=3.67517e-05 -0.00784301 -0.0214286 0.000672409 0.00692661 -0.0084893 0.0105775 0.000210756 0.0103405 -0.0125848 -0.000560665 0.00482412 0.0217505 0.0371417
internal_weight=967.121 63.7296 20.8333 903.391 141.174 24.4943 116.68 55.7136 32.1669 23.5467 762.217 197.038 58.6976 31.1032
internal_count=174906 19929 4568 154977 11351 1404 9947 6006 4931 1075 143626 26039 17685 17141
is_linear=0
shrinkage=0.05


Tree=193
num_leaves=15
num_cat=0
split_feature=23 13 3 7 5 40 28 5 3 27 6 26 53 34
split_gain=1.97616 5.87237 5.19051 4.17522 5.28011 4.2903 4.12597 8.41881 4.23211 4.0393 5.01634 3.84294 4.40313 4.3473
threshold=0.36205685138702398 0.70294117927551281 0.29643927514553076 0.51887464523315441 0.15476191043853763 0.40160702168941503 0.6900656819343568 0.61250001192092907 0.53837257623672496 0.83438816666603099 0.85127449035644542 3.0677825212478642 0.99407947063446056 0.9329243302345277
decision_type=2 2 2 2 2 2 2 2 2 2 2 2 2 2
left_child=2 -2 -1 5 -5 -4 11 8 -8 -3 -11 13 -13 -6
right_child=1 9 3 4 6 -7 7 -9 -10 10 -12 12 -14 -15
leaf_value=-0.017602866119123518 0.020232228978315794 -0.0019923746941032895 0.009012566716156396 0.025057467373383109 0.032735471074846825 -0.025429145632639556 0.007121943114954031 0.00035633912092547022 -0.028425533688077088 0.020691390360820912 -0.014600027880145286 0.010469132201004344 -0.021776538096427031 -0.0085591496902248775
leaf_weight=36.70734622890086 33.919072373781091 243.49019180130199 6.9596751444769351 11.470960995884523 16.580368852290125 20.220586896608438 6.2527558974834383 491.55927466721914 29.638113915480062 33.084264846962469 5.3728838226525104 20.564467471773245 6.2110161568998583 3.7890298173733745
leaf_count=38369 13805 17647 7569 1158 7768 1121 2375 64117 11357 1159 318 4857 3124 162
internal_value=3.8488e-05 0.0032239 -0.00153496 -0.000306174 0.000712693 -0.0165581 -0.000193631 -0.00154853 -0.0220302 0.000554831 0.0137653 0.0125831 -0.000898326 0.024765
internal_weight=965.82 315.866 649.954 613.246 586.066 27.1803 574.595 527.45 35.8909 281.947 38.4571 47.1449 26.7755 20.3694
internal_count=174906 32929 141977 103608 94918 8690 93760 77849 13732 19124 1477 15911 7981 7930
is_linear=0
shrinkage=0.05


Tree=194
num_leaves=15
num_cat=0
split_feature=42 39 41 52 39 8 37 45 27 23 6 47 53 36
split_gain=1.90428 1.99891 4.54839 4.94925 3.93784 7.07515 3.7503 3.79226 4.28504 4.13718 5.68107 4.93764 4.45252 4.61177
threshold=20.500000000000004 0.13392857462167743 0.43254797160625463 0.9900537133216859 0.18333333730697635 1.7005987167358401 -0.84475931525230397 0.12699197977781299 0.77459675073623668 0.065363585948944106 0.79205974936485302 -0.80407884716987599 0.99858573079109203 -0.21425617486238477
decision_type=2 2 2 2 2 2 2 2 2 2 2 2 2 2
left_child=1 2 -1 -4 5 -3 -6 8 -8 10 -9 -12 13 -11
right_child=-2 4 3 -5 6 -7 7 9 -10 12 11 -13 -14 -15
leaf_value=0.0088024817000362608 -0.017433488107753983 -0.017215069608454675 0.010525280535159182 -0.026529164064319644 -0.014227245975768821 0.022125850472323343 0.008405435008411467 0.028082359560579934 -0.01949169328888592 0.0048926032800555557 -0.0088153795596721627 0.010316391404022171 -0.012098652715427885 -0.0059891120441684749
leaf_weight=133.31685987178935 5.3505074088534448 59.379333510089054 8.2127284053713101 11.766129963099955 31.499689408788981 4.8109927336408864 13.509394071508721 22.216023502936878 32.631343007844407 324.49443138806237 41.22941066200292 92.707833554632089 56.329475548594928 127.85411111804933
leaf_count=34632 94006 9150 127 200 2008 988 982 2466 2549 10470 5535 4885 2645 4263
internal_value=3.98275e-05 0.000315949 0.00536328 -0.0128672 -0.00069716 -0.0116816 0.000395125 0.00123132 -0.0112815 0.00225404 0.00910406 0.00422384 1.62481e-05 0.00175393
internal_weight=965.308 959.958 153.296 19.9789 806.662 64.1903 742.472 710.972 46.1407 664.831 156.153 133.937 508.678 452.349
internal_count=174906 80900 34959 327 45941 10138 35803 33795 3531 30264 12886 10420 17378 14733
is_linear=0
shrinkage=0.05


Tree=195
num_leaves=15
num_cat=0
split_feature=7 45 45 37 40 44 31 46 46 33 33 45 13 33
split_gain=1.89792 6.51691 7.09706 6.90768 8.44906 6.06705 4.3624 4.28164 3.7954 3.2922 6.78792 4.48618 4.19551 3.78994
threshold=0.4803846031427384 0.99821266531944286 0.99455466866493236 -0.13014084100723264 0.46297284960746771 0.99889117479324352 0.21483516693115237 0.98967263102531444 0.99562713503837597 0.99794238805770885 0.97789987921714794 0.99702730774879467 0.93541666865348827 0.87106668949127208
decision_type=2 2 2 2 2 2 2 2 2 2 2 2 2 2
left_child=1 2 3 -1 6 8 -5 9 -4 10 13 -11 -12 -2
right_child=7 -3 5 4 -6 -7 -8 -9 -10 11 12 -13 -14 -15
leaf_value=-0.014024835896352721 0.0024831981211425225 -0.019985619604058105 0.04340586715068627 0.00056338668590145784 -0.0056140847490213849 -0.0074638832956139163 0.045055834206997832 -0.011100588997526889 -0.0041513903102377483 -0.020798983396915736 0.029451618701712742 0.012610896970098519 -0.0096009581921736448 -0.0053349722656135072
leaf_weight=32.091271803772543 499.2653785271832 11.669048097603079 18.108408411222634 8.0014034550185915 25.686891470759292 6.0744459769484811 9.7160195153446676 80.499622273360728 3.01021468484032 26.91897038283787 21.364048671697677 6.251952181919477 3.6214895746379616 212.84255472625591
leaf_count=10268 32649 2243 363 581 319 1223 1366 111240 4111 1270 839 573 139 7722
internal_value=2.25299e-05 0.00579621 0.0102395 0.00126078 0.0130722 0.0281257 0.0324151 -0.000811876 0.0374714 0.000391874 0.00116276 -0.0130395 0.0226649 0.000104898
internal_weight=965.122 114.358 102.689 75.4956 43.4043 27.1931 17.7174 850.764 21.1186 770.264 737.093 33.1709 24.9855 712.108
internal_count=174906 20474 18231 12534 2266 5697 1947 154432 4474 43192 41349 1843 978 40371
is_linear=0
shrinkage=0.05


Tree=196
num_leaves=15
num_cat=0
split_feature=32 12 28 6 27 27 27 36 33 23 52 40 39 44
split_gain=1.90559 7.68395 5.89559 3.59616 6.28025 6.20296 5.47558 5.14877 3.65888 3.84484 3.64795 3.32711 7.22619 7.21947
threshold=0.91693207621574413 0.58578431606292736 0.28035087883472448 0.83424907922744762 0.83438816666603099 0.96609193086624157 0.98076212406158458 -0.23527605086565015 0.87540850043296825 0.44186773896217352 0.013059555087238552 0.58540308475494396 0.41666667163372045 0.99824663996696483
decision_type=2 2 2 2 2 2 2 2 2 2 2 2 2 2
left_child=11 2 -2 4 10 -6 8 -7 -5 -10 -3 12 -1 -13
right_child=1 3 -4 6 5 7 -8 -9 9 -11 -12 13 -14 -15
leaf_value=-0.0025188770511049168 -0.0039013661732824074 0.017184080940552165 0.024360451606352532 0.0029268136316463193 0.0283367077843419 0.013151778765624487 0.0082763395763092284 -0.0210251932616764 -0.035399656845135789 0.0069292782511733353 -0.0049193346426675208 -0.00018469619684510912 0.013200487164793582 -0.020488772955145874
leaf_weight=335.00483565791728 22.916162830042595 10.969025110414803 51.01452033505484 9.4157473559607734 27.522062448668294 14.607300040544944 16.786183140298817 10.137900669127701 20.632358129718344 2.9972617042949414 173.46331456449116 129.92772064271048 82.813523034452373 56.171338273605215
leaf_count=144352 3268 483 3969 399 891 715 2787 359 902 155 6705 3555 4041 2325
internal_value=3.89656e-05 0.00287053 0.0161791 -0.000993155 0.00170772 0.0154733 -0.0119635 -0.00287158 -0.021779 -0.0295666 -0.00278855 -0.00167035 0.0008325 -0.00704549
internal_weight=964.379 360.462 73.9307 286.531 236.7 52.2673 49.8316 24.7452 33.0454 23.6296 184.432 603.917 417.818 186.099
internal_count=174906 20633 7237 13396 9153 1965 4243 1074 1456 1057 7188 154273 148393 5880
is_linear=0
shrinkage=0.05


Tree=197
num_leaves=15
num_cat=0
split_feature=45 43 53 6 44 46 42 7 7 40 33 37 37 28
split_gain=1.85146 2.22228 2.27914 2.561 2.18662 2.15734 4.68806 7.56975 5.73503 3.7477 4.62522 4.85156 6.62439 4.01647
threshold=0.010874516330659391 8.5000000000000018 0.018562968820333484 0.84028983116149913 0.62774014472961437 0.27338738739490515 4.5000000000000009 0.80810147523880016 0.91366460919380199 0.42926873266696935 0.9388999640941621 -0.21003264188766477 -0.2903179377317428 0.85584416985511791
decision_type=2 2 2 2 2 2 2 2 2 2 2 2 2 2
left_child=-1 2 3 4 -2 6 7 -4 -8 10 11 12 13 -7
right_child=1 -3 5 -5 -6 9 8 -9 -10 -11 -12 -13 -14 -15
leaf_value=-0.014247603327052247 -0.0071235973159601926 -0.016453271022362329 -0.0059221221741053215 -0.008997382447186595 0.026463092472047523 -0.0046832685267102049 0.0067113029913280029 0.016070983709231341 -0.023332161880746046 -0.0033037129980612611 0.023367176535051007 -0.0099984688328705051 0.030350404788285802 0.012883610045770414
leaf_weight=12.133343408364452 1.6137352412079078 9.2345125222054758 53.047383913421072 3.2408644748502402 13.299678568026136 82.060038759911549 26.550626652693609 104.14347277276102 20.064399711889564 511.52638130608466 18.329682594423502 53.772843791644846 14.391435651108621 40.524139864977769
leaf_count=8451 404 104695 2983 614 2126 18997 1224 8406 609 14723 1276 5295 2465 2638
internal_value=5.05367e-05 0.000379046 0.000714951 0.0147302 0.0214282 0.000285014 0.00469986 0.00873866 -0.00805732 -0.00101086 0.00449353 0.00160624 0.00653225 0.00165775
internal_weight=963.933 951.799 942.565 18.1543 14.9134 924.41 203.806 157.191 46.615 720.605 209.078 190.748 136.976 122.584
internal_count=174906 166455 61760 3144 2530 58616 13222 11389 1833 45394 30671 29395 24100 21635
is_linear=0
shrinkage=0.05


Tree=198
num_leaves=15
num_cat=0
split_feature=7 45 45 44 46 33 45 46 46 42 45 11 51 32
split_gain=1.8463 6.2198 6.52129 5.678 5.56982 5.82393 5.27387 3.95135 3.56819 3.44754 3.19252 3.03344 6.06708 5.04251
threshold=0.4803846031427384 0.99821266531944286 0.99455466866493236 0.99889117479324352 0.98603418469429027 0.87106668949127208 0.98806384205818187 0.98967263102531444 0.99562713503837597 5.5000000000000009 0.99849528074264537 0.77799394726753246 2.5000000000000004 0.93767654895782482
decision_type=2 2 2 2 2 2 2 2 2 2 2 2 2 2
left_child=1 2 4 8 5 -1 -6 11 -4 -7 -9 13 -13 -2
right_child=7 -3 3 -5 6 9 -8 10 -10 -11 -12 12 -14 -15
leaf_value=-0.018873117331689546 -0.00050845106885500009 -0.019507608336712286 0.041958197343883119 -0.0072514865837653153 0.035499593629454117 0.015821230144349621 -0.0087380696401674271 -0.01416734383848943 -0.0040888362732522292 -0.012695274262763746 0.010297149995247249 0.0034575358437466948 -0.019827962001331349 0.010295325299620503
leaf_weight=29.742711173188582 547.58147112670122 11.579466151040831 18.193326195589187 6.0515252331424554 8.8336961073364346 24.798664998961616 5.4445490706566479 71.143248501492053 2.992998648696811 6.6510538014772456 8.4872157495556149 55.618320358433266 41.665341446168895 124.28619246471499
leaf_count=3026 34134 2243 363 1223 5083 300 3797 102325 4111 328 8915 1410 2635 5013
internal_value=5.90334e-05 0.00575426 0.0100804 0.0272147 0.00143596 -0.00577169 0.0219799 -0.000765901 0.0362279 0.00818264 -0.0107019 0.000386929 -0.00743394 0.00161177
internal_weight=963.07 114.288 102.709 27.2379 75.4707 61.1924 14.2782 848.782 21.1863 31.4497 79.6305 769.151 97.2837 671.868
internal_count=174906 20474 18231 5697 12534 3654 8880 154432 4474 628 111240 43192 4045 39147
is_linear=0
shrinkage=0.05


Tree=199
num_leaves=15
num_cat=0
split_feature=48 20 27 45 7 45 53 41 11 53 46 31 29 11
split_gain=1.86506 4.74918 6.65347 7.72471 4.35861 6.60695 8.75549 6.30328 6.12133 4.23293 4.99213 4.3248 4.66677 4.07407
threshold=3.5000000000000004 0.17326695472002032 0.13446328043937686 0.99083778262138378 0.75219297409057628 0.99213761091232311 0.99704939126968395 0.0015194400912150743 0.28253819048404699 0.98366528749465953 0.020209848880767826 0.81530213356018078 0.73214286565780651 0.35724179446697241
decision_type=2 2 2 2 2 2 2 2 2 2 2 2 2 2
left_child=13 2 3 -2 5 -4 8 -6 -7 -3 -11 -12 -13 -1
right_child=1 9 4 -5 7 6 -8 -9 -10 10 11 12 -14 -15
leaf_value=-0.00690449803086141 0.01205639877924718 0.0083256973844624237 -0.016421528011389564 -0.032714424985737907 -0.014560716777698428 -0.0024210066273756144 -0.0071545626093274086 0.019311715776789175 0.037291320490898366 0.014990753980287342 0.0081407597094310512 -0.029629159342575657 -0.0062731605791459108 0.0016355730384021558
leaf_weight=221.56436168241271 10.087147531394296 43.783474610074336 25.573309044160851 11.855461919338266 8.2131812111074378 12.605617694047394 35.044043481200788 109.25125695287716 20.156235981194186 11.33563776523806 16.234144396359625 29.713917054377816 62.401412292085297 344.52582437874298
leaf_count=79046 485 720 5993 1682 28707 6395 12201 1823 3380 5296 326 454 1283 27115
internal_value=6.13649e-05 0.00265511 0.00711876 -0.0148019 0.009967 0.00158058 0.0096081 0.0159868 0.0250185 -0.00374528 -0.00846259 -0.0119756 -0.0159709 -0.00176879
internal_weight=962.345 396.255 232.786 21.9426 210.844 93.3792 67.8059 117.464 32.7619 163.469 119.685 108.349 92.1153 566.09
internal_count=174906 68745 60666 2167 58499 27969 21976 30530 9775 8079 7359 2063 1737 106161
is_linear=0
shrinkage=0.05


Tree=200
num_leaves=15
num_cat=0
split_feature=26 47 40 34 39 28 53 28 30 30 28 27 30 3
split_gain=1.85846 2.70579 5.00796 2.64948 4.00434 4.6179 3.19505 2.17235 8.26757 7.54713 5.45084 5.41506 11.4111 6.4536
threshold=2.9174053668975835 -0.73538130521774281 0.86282595992088329 0.97687783837318432 0.13392857462167743 0.9941176474094392 0.98429405689239513 0.68457102775573742 0.81173768639564525 0.68457102775573742 0.77694860100746166 0.56330129504203807 0.56440424919128429 0.49686090648174291
decision_type=2 2 2 2 2 2 2 2 2 2 2 2 2 2
left_child=1 3 -3 4 -1 6 -6 8 11 10 -9 -2 -13 -14
right_child=7 2 -4 -5 5 -7 -8 9 -10 -11 -12 12 13 -15
leaf_value=0.015280149337144725 -0.0042710799454282111 0.026396341718848429 -0.012839582121850711 0.014895634913447775 0.0075218405034198181 0.0090345799043066357 -0.034385927805938805 -0.033388583882569871 0.033746193956142409 -0.00056401943790125987 -0.00079980466372780242 0.026277825940904078 -0.01550989687210021 0.010082261623653284
leaf_weight=4.5167488591832834 204.94366867617646 20.392427163984397 4.3189489289070471 6.9894131317050769 1.8043175876700868 6.6593188713704867 12.92683297575786 22.006051577929611 10.061374376506135 521.80106663852712 22.256920738185727 44.154742452792561 40.077997470260016 39.01964075829892
leaf_count=3924 58374 741 736 554 74 240 1027 4701 762 72724 4414 10834 6657 9144
internal_value=5.08164e-05 0.00804972 0.0178155 -0.00172914 -0.00911355 -0.0174913 -0.028287 -0.000541205 0.00258299 -0.00242053 -0.0201691 0.000658055 0.00855965 -0.00317041
internal_weight=961.929 57.608 24.7114 32.8966 25.9072 21.3905 14.7312 904.321 338.257 566.064 44.263 328.196 123.252 79.0976
internal_count=174906 7296 1477 5819 5265 1341 1101 167610 85771 81839 9115 85009 26635 15801
is_linear=0
shrinkage=0.05


Tree=201
num_leaves=15
num_cat=0
split_feature=26 11 8 53 4 37 2 53 40 36 40 40 40 27
split_gain=1.79729 4.22325 3.99239 3.3105 2.86355 5.10497 4.69859 3.38247 2.78035 7.52968 5.38989 5.46579 7.94607 7.56296
threshold=3.4175922870635991 0.41272504627704626 2.2499048709869389 0.99704939126968395 0.94444444775581371 -0.71874341368675221 0.99479165673255932 0.99840953946113598 0.70066976547241222 -0.25924634933471674 0.64166897535324108 0.58540308475494396 0.50879037380218517 0.84561213850975048
decision_type=2 2 2 2 2 2 2 2 2 2 2 2 2 2
left_child=2 -2 4 -4 8 6 -6 -8 10 -10 11 12 -1 -14
right_child=1 -3 3 -5 5 -7 7 -9 9 -11 -12 -13 13 -15
leaf_value=-0.0019645463064471712 -0.020959898737668278 0.0062307195972138435 0.026584006017680146 -0.0063390064919229515 0.019517890346903634 0.017272614231236345 -0.021911084342210278 0.0084475414698475335 0.0058519646955366581 -0.013153900470616911 0.013864766579989357 -0.014982446883912003 -0.00023082324997391294 0.029225995818783237
leaf_weight=427.41564974930952 20.940897289576242 19.928775240776304 15.331646227914463 6.2895515635682377 4.6302101359979124 49.027656198933983 21.158103922767626 6.8059485427074824 77.656704657070804 124.28941600210965 59.34784500405658 51.502545806088165 43.060927026406716 33.79250910859264
leaf_count=137226 10163 1500 3185 2663 199 6064 1780 544 2545 4090 1446 1214 961 1326
internal_value=6.9366e-05 -0.00908282 0.000569066 0.0180308 -4.48449e-05 0.0083427 -0.00599114 -0.0142434 -0.00097347 -0.00591408 0.00071721 -0.000906991 0.000793959 0.0145951
internal_weight=961.178 40.8697 920.309 21.6212 898.688 81.6219 32.5943 27.9641 817.066 201.946 615.119 555.772 504.269 76.8534
internal_count=174906 11663 163243 5848 157395 8587 2523 2324 148808 6635 142173 140727 139513 2287
is_linear=0
shrinkage=0.05


Tree=202
num_leaves=15
num_cat=0
split_feature=44 53 45 46 42 7 7 34 11 53 40 33 37 37
split_gain=1.813 2.10968 2.66321 2.93276 4.38334 6.12757 5.75338 4.45881 3.80848 3.48911 3.20842 4.2267 4.19264 6.37683
threshold=0.2525289803743363 0.018562968820333484 0.034166395664215095 0.27338738739490515 4.5000000000000009 0.70412456989288341 0.91366460919380199 0.9329243302345277 0.87206584215164196 0.98698890209198009 0.42926873266696935 0.9388999640941621 -0.21003264188766477 -0.38365557789802546
decision_type=2 2 2 2 2 2 2 2 2 2 2 2 2 2
left_child=-1 -2 -3 4 5 7 -6 -4 -7 -10 11 12 13 -5
right_child=1 2 3 10 6 8 -8 -9 9 -11 -12 -13 -14 -15
leaf_value=-0.012532392067077762 0.013647546731995242 -0.015528572496775564 -0.022799855157659036 -0.00033561125934041414 0.0083332240126121563 0.017749909825368618 -0.021736458772463139 0.0089335563159302547 0.012699087513775492 -0.022347986348130733 -0.0031200858384823841 0.022002092228857628 -0.0095180764525260586 0.022939158475106049
leaf_weight=17.649004879982385 19.372916735901526 16.707802289325627 13.590064231422732 110.4749501045153 25.313762982172193 103.94351895654108 20.308916831581882 13.210080923105123 4.3472820625174773 5.6333336330135353 507.98973329195724 18.657338126507966 53.370356193765474 29.976752965496416
leaf_count=8483 9916 3961 504 84995 709 8286 483 987 124 1146 22978 2465 12632 17237
internal_value=9.03512e-05 0.000455661 3.57033e-05 0.000488717 0.00590933 0.0101165 -0.00655364 -0.00898098 0.0149713 -0.00836692 -0.00097501 0.00406311 0.00134154 0.00582646
internal_weight=960.546 942.897 923.524 906.816 186.347 140.724 45.6227 26.8001 113.924 9.98062 720.469 212.479 193.822 140.452
internal_count=174906 166423 156507 152546 12239 11047 1192 1491 9556 1270 140307 117329 114864 102232
is_linear=0
shrinkage=0.05


Tree=203
num_leaves=15
num_cat=0
split_feature=26 47 40 12 39 28 7 33 28 12 32 27 26 20
split_gain=1.76383 2.44356 4.84666 2.20457 4.34001 4.8096 2.12268 5.90062 4.75282 3.56719 7.7437 5.73036 3.89634 6.29883
threshold=2.9174053668975835 -0.67590606212615956 0.86282595992088329 0.65942031145095836 0.13392857462167743 0.92718276381492626 0.38935969769954687 0.91813588142395031 0.16064515709877017 0.62828946113586437 0.92346739768981945 0.63702240586280834 3.0677825212478642 0.075320910662412657
decision_type=2 2 2 2 2 2 2 2 2 2 2 2 2 2
left_child=1 3 -3 4 -1 -6 7 -2 -9 10 12 -12 -8 -14
right_child=6 2 -4 -5 5 -7 9 8 -10 -11 11 -13 13 -15
leaf_value=0.017076046029541197 -0.0043594175525207765 0.027133221144599953 -0.012303766870777512 0.014140766233298706 -0.028407537129820901 0.0077544857821855266 0.0033098719701797705 -0.0075353263388487279 0.03123669146390708 -0.0061629732214084632 -0.0028497950644795472 0.02564140816909561 0.0023315687980152433 -0.012293965875453424
leaf_weight=4.8368735346266503 42.169102063420723 17.483687575659136 4.2260831294115624 7.2340276997929314 14.15114470316985 9.2568083558762719 245.46824678606572 6.268998022900635 19.718413843143935 244.69296504920203 24.349896107978566 40.356017102618353 139.32277976738987 139.97675228548906
leaf_count=4123 9575 728 735 294 1122 294 55568 141 522 11945 4498 1742 75815 7804
internal_value=8.54446e-05 0.00790307 0.0179972 -0.000872722 -0.00740996 -0.0160665 -0.000491226 0.00739907 0.0223887 -0.00121592 0.000906167 0.0159734 -0.00121564 -0.00516991
internal_weight=959.512 57.1886 21.7098 35.4789 28.2448 23.408 902.323 68.1565 25.9874 834.167 589.474 64.7059 524.768 279.3
internal_count=174906 7296 1463 5833 5539 1416 167610 10238 663 157372 145427 6240 139187 83619
is_linear=0
shrinkage=0.05


Tree=204
num_leaves=15
num_cat=0
split_feature=41 40 43 44 45 30 7 46 20 27 7 41 37 30
split_gain=1.75703 1.81926 4.60801 6.33812 4.49126 4.41372 5.03913 3.38639 3.32402 3.42512 3.15938 3.01119 3.84426 3.78195
threshold=2.6785526642925109e-05 0.37308657169342047 5.5000000000000009 0.99691244959831249 0.98495811223983776 0.63373982906341564 0.36700680851936346 0.99539169669151317 0.01090965745970607 0.32466214895248419 0.97014260292053234 0.0022219362435862426 -0.2684220671653747 0.6820855736732484
decision_type=2 2 2 2 2 2 2 2 2 2 2 2 2 2
left_child=-1 2 4 -4 -2 6 -6 -8 9 -5 -7 12 -3 -13
right_child=1 11 3 8 5 10 7 -9 -10 -11 -12 13 -14 -15
leaf_value=-0.016830662645062357 0.010182199520623873 -0.027423392715238928 -0.0092325600794485284 -0.0041497596789763667 -0.015279857201225482 -0.021095555321303944 0.027123662615702551 -0.0053352472944347695 -0.0063971225939592844 0.048224843256601868 0.0052434694600676426 -0.005219014211754699 0.007051145648501911 0.0022675671019865323
leaf_weight=5.0737476470021639 64.062189015465265 12.05455385397727 6.5844083485717446 1.9418450870762161 9.0114339859355841 35.50975142569223 14.462054696152338 7.7651926205689952 1.4421031027923152 9.9085530986521899 10.64214499722584 233.36923012428451 7.4934332203047225 539.73670011520153
leaf_count=99906 5434 18651 9333 2042 1053 1435 777 3348 2689 6685 338 4123 3016 16076
internal_value=0.000109383 0.000373138 0.00504725 0.0229012 0.00119196 -0.00656352 0.00674674 0.0176471 0.0359487 0.0416711 -0.0151699 -0.000629218 -0.0162942 -3.01142e-05
internal_weight=959.057 953.984 161.33 19.8769 141.453 77.3906 31.2387 22.2272 13.2925 11.8504 46.1519 792.654 19.548 773.106
internal_count=174906 75000 33134 20749 12385 6951 5178 4125 11416 8727 1773 41866 21667 20199
is_linear=0
shrinkage=0.05


Tree=205
num_leaves=15
num_cat=0
split_feature=23 13 3 13 7 2 29 52 4 36 30 52 40 47
split_gain=1.7277 6.548 5.43137 4.32952 3.79718 4.88728 6.58556 7.12263 6.03068 5.1103 5.07893 4.47066 4.24352 4.1794
threshold=0.34615947306156164 0.69615384936332714 0.31349755823612219 0.87083333730697643 0.51887464523315441 0.35069781541824346 0.58571431040763866 0.86730638146400463 0.19090909510850909 -0.30764800310134882 0.86391696333885204 0.10106132924556734 0.40160702168941503 -0.39686341583728785
decision_type=2 2 2 2 2 2 2 2 2 2 2 2 2 2
left_child=2 -2 3 -1 12 -6 7 -7 -9 10 -10 -8 -4 -13
right_child=1 -3 4 -5 5 6 11 8 9 -11 -12 13 -14 -15
leaf_value=-0.02553531959551672 0.02033824003646674 0.0001970911354215955 0.0092200295446958434 0.0094932490840145631 0.018309537182608325 0.012877665953020232 -0.011392799063360699 0.014851300338013809 -0.019704496658860871 -0.037410201864866155 0.013927093166118393 -5.6177570328517941e-05 -0.025111639320714592 0.010250677985144523
leaf_weight=27.225111314128299 36.819514650745987 293.65915018155283 6.9104232017416534 5.8292542462986594 27.242184690199792 13.263023647723456 47.04135535360183 4.2484874878355177 15.572976776551512 27.407054845363749 10.788224861880733 283.39302416103237 19.064712750845501 140.54910345639291
leaf_count=36026 15102 20465 7501 466 14183 4224 7468 747 6571 7336 825 41418 1088 11486
internal_value=9.70174e-05 0.00297251 -0.00143777 -0.0185878 -0.000194523 0.000787168 -0.000408716 -0.0135656 -0.0206152 -0.0253071 -0.00589593 0.00182311 -0.015954 0.00351832
internal_weight=959.014 330.479 628.535 33.0544 595.481 569.505 542.263 71.2798 58.0167 53.7683 26.3612 470.983 25.9751 423.942
internal_count=174906 35567 139339 36492 102847 94258 80075 19703 15479 14732 7396 60372 8589 52904
is_linear=0
shrinkage=0.05


Tree=206
num_leaves=15
num_cat=0
split_feature=7 46 31 37 5 2 3 2 4 42 31 29 4 8
split_gain=1.69805 4.29675 6.65492 8.33226 3.83153 7.27709 10.4727 5.48492 10.7535 7.62905 5.3221 5.20914 4.44497 4.47977
threshold=0.4803846031427384 0.94623780250549328 0.2237871661782265 -0.2684220671653747 0.61250001192092907 0.43377923965454107 0.48339594900608068 0.18530782312154773 0.240384615957737 5.5000000000000009 0.18321678787469867 0.53571429848670971 0.19090909510850909 0.89587974548339855
decision_type=2 2 2 2 2 2 2 2 2 2 2 2 2 2
left_child=1 -1 -3 -4 5 6 7 8 9 -2 -11 -8 -7 -14
right_child=4 2 3 -5 -6 12 11 -9 -10 10 -12 -13 13 -15
leaf_value=-0.0030748383885593014 0.0021124889891710038 -0.005809907693515629 -0.0070382843054772664 0.040144390707359978 0.0014672583001037473 0.010613211444318323 0.028364421424524496 -0.022690608492060432 0.033824039146027489 0.015556907411891547 -0.024976678184139386 -0.0092993788911981661 -0.038934068278386198 0.0038567880430474318
leaf_weight=63.691004516673274 93.54486730730423 20.112626783193264 9.705236459685695 20.618750839254062 596.87865561114813 2.5690353633253862 26.321023735908966 33.531926804225805 8.4993352649653371 2.5900786127676829 46.879965971067577 6.8719470684081889 20.666322526863954 5.5413833755046644
leaf_count=2534 2273 3902 10529 3509 74271 406 9885 7995 488 559 49755 2827 4808 1165
internal_value=8.67452e-05 0.00555026 0.0151486 0.027043 -0.000708482 -0.00581838 -0.00216786 -0.00701432 -0.0023549 -0.006575 -0.0205954 0.0202192 -0.0258048 -0.03132
internal_weight=958.022 114.128 50.4366 30.324 843.895 247.016 218.239 185.046 151.514 143.015 49.47 33.193 28.7767 26.2077
internal_count=174906 20474 17940 14038 154432 80161 73782 61070 53075 52587 50314 12712 6379 5973
is_linear=0
shrinkage=0.05


Tree=207
num_leaves=15
num_cat=0
split_feature=26 9 11 53 9 52 9 28 12 8 27 52 6 3
split_gain=1.6992 5.54187 3.8298 2.31913 2.18413 6.45714 5.81214 5.21419 4.60922 3.21203 3.18995 2.89549 5.97702 5.31124
threshold=3.4175922870635991 3.6242519617080693 0.41272504627704626 0.21926872432231906 2.8029010295867924 0.92304357886314403 2.3502402305603032 0.054424287751317031 0.41277891397476202 2.2499048709869389 0.096006143838167204 0.9983179271221162 0.78086888790130626 0.92517584562301647
decision_type=2 2 2 2 2 2 2 2 2 2 2 2 2 2
left_child=1 4 -2 -4 6 8 7 -1 -6 10 -7 -9 -13 -14
right_child=2 -3 3 -5 5 9 -8 11 -10 -11 -12 12 13 -15
leaf_value=-0.026489157870465786 -0.020215228556241156 0.021845562711283968 -0.013770054003160895 0.012695985406627112 -0.011887157128013727 0.010805550526330799 0.02060878759894685 -0.0011726661133379607 0.024867994095619336 0.0069470403467443795 -0.022777436126509919 0.014762884045381753 -0.011591956757740374 0.012510972294862461
leaf_weight=8.4373883598891535 20.642669988261332 19.655572421805118 2.6266286486425114 17.303419483538164 6.0764127752700032 2.1540545837451637 25.013953662615677 621.77761812682002 13.119838195358168 8.5552850392377859 47.605309217331524 83.419955007408134 55.4714164692341 25.551818360730977
leaf_count=2626 10163 5640 212 1288 2840 126 4578 108025 727 2144 8672 20320 5873 1672
internal_value=9.35259e-05 0.000579553 -0.00883231 0.00577261 -0.000122016 -0.00763362 0.000671752 -0.000204138 0.0131469 -0.0153974 -0.0197587 0.000407085 0.0061051 -0.00345136
internal_weight=957.411 916.839 40.5727 19.93 897.183 77.5109 819.672 794.658 19.1963 58.3146 49.7594 786.221 164.443 81.0232
internal_count=174906 163243 11663 1500 157603 14509 143094 138516 3567 10942 8798 135890 27865 7545
is_linear=0
shrinkage=0.05


Tree=208
num_leaves=15
num_cat=0
split_feature=44 14 53 47 31 36 30 53 37 20 9 3 52 14
split_gain=1.68263 2.08752 1.97271 2.22985 3.65061 4.20971 3.40431 3.30802 5.49816 3.8528 2.52852 2.79048 2.44453 3.22645
threshold=0.2525289803743363 0.64583334326744091 0.018562968820333484 -0.98376023769378651 0.32466214895248419 -0.98910072445869435 0.23132664710283282 0.98641160130500805 -0.72130623459815968 0.10112117603421213 3.1567740440368657 0.78802707791328441 0.99910697340965282 0.64583334326744091
decision_type=2 2 2 2 2 2 2 2 2 2 2 2 2 2
left_child=1 -1 -2 4 5 -4 -7 9 10 -6 11 -9 -5 -14
right_child=2 -3 3 12 7 6 -8 8 -10 -11 -12 -13 13 -15
leaf_value=-0.018593227189777461 0.013166910715253763 0.0084592033290791686 -0.0076251310883310502 0.001368865343866453 -0.010220597638530962 -0.0058207424898111329 0.036943693770882059 -0.0073866737852671437 -0.029153928380306678 0.028036039081052788 -0.014669210639914108 0.023780842611001184 -0.020474444833492998 0.0083008859175860202
leaf_weight=13.960006654004248 19.539929998689331 3.4207911032754046 15.558901490108839 816.38649688611986 7.0134325390681607 3.4732119486943693 3.7564989994025382 6.0611624035518599 28.811657438785918 1.5178156583133384 3.853030681020754 7.1843947915367607 18.512328227814582 8.099813276974599
leaf_count=8099 9916 384 10196 60830 9799 1389 5424 15187 41220 371 5006 6078 584 423
internal_value=9.70801e-05 -0.012124 0.000448378 3.96742e-05 -0.00757509 0.00716413 0.0249448 -0.0138991 -0.0186854 0.0080419 0.00320341 0.0124764 0.000817917 -0.0118411
internal_weight=957.149 17.3808 939.769 920.229 77.2301 22.7886 7.22971 54.4415 45.9102 8.53125 17.0986 13.2456 842.999 26.6121
internal_count=174906 8483 166423 156507 94670 17009 6813 77661 67491 10170 26271 21265 61837 1007
is_linear=0
shrinkage=0.05


Tree=209
num_leaves=15
num_cat=0
split_feature=27 1 27 28 29 28 12 20 27 26 26 44 41 33
split_gain=1.68184 6.59674 9.41945 6.57749 8.64952 8.10421 5.25533 5.0973 9.97966 6.27033 5.23483 5.0553 4.71909 4.65396
threshold=0.95861870050430309 1.0000000180025095e-35 0.84028983116149913 0.71516755223274242 0.86607143282890331 0.85857143998146068 0.67424243688583385 0.090107943862676634 0.56330129504203807 3.0677825212478642 3.0677825212478642 0.997890204191208 0.10982540994882585 0.963188797235489
decision_type=2 2 2 2 2 2 2 2 2 2 2 2 2 2
left_child=1 2 7 -4 5 -5 -7 8 10 11 -1 12 -9 -12
right_child=-2 -3 3 4 -6 6 -8 9 -10 -11 13 -13 -14 -15
leaf_value=-0.01049657384479448 -0.0025926029769982742 -0.021358297365635378 0.033005375718488501 -0.016610243770650596 0.020916519253095178 0.01668616925518418 -0.01474282367504799 -0.026374667107818401 0.020315181978081631 -0.017501915775649395 -0.0013610115745239155 0.015964952772056614 0.0040466188750784169 0.019833817222700764
leaf_weight=95.510858573739824 354.97122368615965 19.667043513120007 22.242955543464632 42.196265983686317 58.279854941338272 45.109815463132691 9.0700606933096406 11.110795421107467 52.259522159125481 77.319357402058813 88.056560161028756 27.908033147428796 26.687930149957538 26.036948823802959
leaf_count=29290 46961 6083 7240 11811 5237 4372 407 608 26446 3285 30761 990 492 923
internal_value=9.43249e-05 0.00169658 0.00282368 0.0121124 0.00728555 -0.00214867 0.00994744 -0.00142876 0.00271682 -0.00870037 -0.00239617 0.00260045 -0.00854266 0.00468432
internal_weight=956.427 601.456 581.789 176.899 154.656 96.3761 54.1799 404.89 261.864 143.026 209.604 65.7068 37.7987 114.094
internal_count=174906 127945 121862 29067 21827 16590 4779 92795 87420 5375 60974 2090 1100 31684
is_linear=0
shrinkage=0.05


Tree=210
num_leaves=15
num_cat=0
split_feature=45 43 39 46 46 7 53 28 29 53 12 47 23 39
split_gain=1.66431 1.97926 1.91819 4.50912 3.83373 6.14034 4.32645 6.65367 7.82878 5.39618 4.44529 5.40333 4.41252 3.92024
threshold=0.010874516330659391 8.5000000000000018 0.13392857462167743 0.51271736621856701 0.39213618636131292 0.71010184288024913 0.9766468107700349 0.92718276381492626 0.61250001192092907 0.33672498166561132 0.4629120826721192 -0.072728812694549547 0.39849889278411871 0.18333333730697635
decision_type=2 2 2 2 2 2 2 2 2 2 2 2 2 2
left_child=-1 2 3 -2 5 -4 9 10 -9 -7 -8 12 -12 -6
right_child=1 -3 4 -5 13 6 7 8 -10 -11 11 -13 -14 -15
leaf_value=-0.013542224653436805 -0.010991231522167738 -0.01566749848278276 -0.0095046282042883772 0.0096909850411644721 -0.013936813865354789 -0.0090046081709442994 0.026347788505196569 -0.0394899010584501 0.001791141074320054 0.023056130776411648 -0.02470939305461026 0.016443190999984616 0.0069439924957218823 -0.00097829784490502045
leaf_weight=11.862032227909365 24.091950276058924 8.7841803607370803 48.287681488494854 121.91334022853334 56.337887339152076 10.432167697596013 20.125833704660181 7.1939882633741936 32.172497415391263 61.639776820578845 14.176901204511525 22.560381049348507 13.917911801487206 502.22626917915113
leaf_count=8451 1067 104695 2134 21376 7206 577 784 167 5839 1057 117 2366 147 18923
internal_value=9.91795e-05 0.000410794 0.000726017 0.00579248 -0.000272211 0.00502327 0.00916731 0.00245018 -0.0122239 0.0178837 0.0111144 0.00171602 -0.011322 -0.00250745
internal_weight=955.723 943.861 935.077 146.005 789.071 230.507 182.219 110.148 39.3665 72.0719 70.781 50.6552 28.0948 558.564
internal_count=174906 166455 61760 22443 39317 13188 11054 9420 6006 1634 3414 2630 264 26129
is_linear=0
shrinkage=0.05


Tree=211
num_leaves=15
num_cat=0
split_feature=48 9 53 3 33 11 31 37 33 40 11 40 44 28
split_gain=1.65042 5.53077 5.37056 4.83083 4.56696 7.32603 6.46071 5.8888 5.24105 6.71696 3.95309 3.92007 3.72068 3.79144
threshold=3.5000000000000004 0.89587974548339855 0.99474024772644054 0.78532448410987865 0.89296945929527294 0.39941260218620306 0.65030118823051464 -0.39078174531459803 0.97315317392349254 0.75324806571006786 0.72740042209625255 0.82284817099571239 0.99883729219436657 0.93643954396247875
decision_type=2 2 2 2 2 2 2 2 2 2 2 2 2 2
left_child=-1 2 -2 -4 5 7 -6 -3 9 -8 12 -10 13 -7
right_child=1 4 3 -5 6 10 8 -9 11 -11 -12 -13 -14 -15
leaf_value=-0.001660826186560542 0.0034881020406646018 0.0086777878563765003 -0.021410674624696195 0.0046197690787564624 0.015861926572595188 0.041344696419940888 -0.035066579412269129 -0.017071909992003437 0.022787140994069293 0.0038057338996881395 -0.0031743955118423706 -0.013996005158259082 0.0016356514400094836 0.0039520657740152332
leaf_weight=561.63220143553553 92.053902022962575 82.403603440339793 48.763306351906067 21.180757301986887 19.936324648155278 30.473028434578737 19.889048071981961 19.399236320939963 8.0980217041360429 14.85294707957655 9.5707926808354369 3.6189832701929836 11.842530233010619 10.88557315856451
leaf_count=106161 13147 26137 13423 2300 1756 3108 592 3390 343 1189 445 685 1574 656
internal_value=6.74264e-05 0.00251737 -0.00440784 -0.0139362 0.00735594 0.0116251 -0.00336257 0.00268292 -0.0129604 -0.0213116 0.0237659 0.0102128 0.0283478 0.0341887
internal_weight=954.6 392.968 161.998 69.9441 230.97 164.575 66.3953 101.803 46.459 34.742 62.7719 11.717 53.2011 41.3586
internal_count=174906 68745 28870 15723 39875 35310 4565 29527 2809 1781 5783 1028 5338 3764
is_linear=0
shrinkage=0.05


Tree=212
num_leaves=15
num_cat=0
split_feature=23 13 6 34 13 47 52 44 26 9 37 5 33 39
split_gain=1.6655 6.02192 4.85835 4.25337 5.02567 4.62748 3.97467 3.63304 3.56222 3.89117 3.64283 4.3361 3.89718 6.0467
threshold=0.34615947306156164 0.70294117927551281 0.68263989686965953 0.77442070841789257 0.82843136787414562 -0.97590652108192433 0.013059555087238552 0.99551925063133251 3.4811217784881596 1.0000000180025095e-35 -0.0110911070369184 0.81666666269302379 0.78415685892105114 0.41666667163372045
decision_type=2 2 2 2 2 2 2 2 2 2 2 2 2 2
left_child=2 -2 3 5 -5 -1 -4 -7 9 10 12 -12 13 -8
right_child=1 -3 6 4 -6 7 8 -9 -10 -11 11 -13 -14 -15
leaf_value=-0.017245178074249023 0.019200616431601036 0.00017152324474429927 -0.014133307478411039 -0.024868559352437019 0.0058039407852962296 -0.0076216913897096316 -0.014486682732487497 0.02259761124296443 -0.017855775145232979 0.0048822124472832368 0.024065800902563682 -0.010493851725298835 -0.023452917448988326 0.013972204531032187
leaf_weight=10.549003684187481 38.54284025132074 290.96755396346998 32.721650505591242 47.447680698485783 13.123165519227767 9.5794828065227211 31.104047832017386 16.65432483976474 12.312156513249645 383.105708054758 10.551448932732455 8.517623211722821 24.981782542388828 24.303429895131558
leaf_count=30946 15629 19938 5737 13038 974 10175 11841 5047 4835 54334 303 344 723 1042
internal_value=7.11948e-05 0.00289734 -0.00144107 -0.0111381 -0.0183424 0.00211026 0.000522139 0.0125048 0.00175191 0.00260453 -0.00581341 0.0103294 -0.0103618 -0.00177605
internal_weight=954.462 329.51 624.952 97.3537 60.5708 36.7828 527.598 26.2338 494.876 482.564 99.4583 19.0691 80.3893 55.4075
internal_count=174906 35567 139339 60180 14012 46168 79159 15222 73422 68587 14253 647 13606 12883
is_linear=0
shrinkage=0.05


Tree=213
num_leaves=15
num_cat=0
split_feature=6 2 27 12 13 53 49 45 40 34 52 28 7 52
split_gain=1.72699 6.69616 5.27417 4.07823 6.43255 6.06113 4.86237 4.85079 4.19551 3.93681 3.72937 7.97645 6.4805 7.06493
threshold=0.83424907922744762 0.70389267802238475 0.84028983116149913 0.67424243688583385 0.72474747896194469 0.98698890209198009 3.5000000000000004 0.99455466866493236 0.58540308475494396 0.97506219148635875 0.99424701929092418 0.078689370304346098 0.83503401279449474 0.38020487129688268
decision_type=2 2 2 2 2 2 2 2 2 2 2 2 2 2
left_child=1 10 -2 4 6 -5 -4 -8 -9 -6 12 -12 -1 -14
right_child=2 -3 3 5 9 -7 7 8 -10 -11 11 -13 13 -15
leaf_value=-0.0088633593000710924 -0.024076806080602309 0.029286887339141622 -0.0070409761777565257 0.0080464911915787956 0.025859034538575035 -0.028689074662309084 0.018631874074087267 0.0065863970902668286 -0.017275419297438217 -0.0021893099370138337 -0.018156427815746813 0.0072455473699223824 0.023911105812945449 -0.0021205831274126764
leaf_weight=182.18416605940729 16.66587274635458 11.214852873876223 170.7629224705197 12.556113610975446 27.177574074536096 19.033929141936824 36.398110829009966 40.004031640986796 19.422058067910257 16.660011838190258 25.135072779685288 269.81798363016424 27.827148751894129 79.294273258794419
leaf_count=45890 1274 839 23058 256 2044 2938 4316 8779 1146 407 2917 63354 5447 12241
internal_value=4.6554e-05 0.00168886 -0.00265182 -0.000953498 0.000985609 -0.0156638 -0.002123 0.00647821 -0.0025773 0.0167728 0.000675199 0.00455646 -0.00330186 0.00610591
internal_weight=954.154 595.473 358.681 342.015 310.425 31.59 266.587 95.8242 59.4261 43.8376 584.259 294.953 289.306 107.121
internal_count=174906 130688 44218 42944 39750 3194 37299 14241 9925 2451 129849 66271 63578 17688
is_linear=0
shrinkage=0.05


Tree=214
num_leaves=15
num_cat=0
split_feature=32 12 28 37 7 44 45 11 47 44 14 11 51 42
split_gain=1.65264 6.31066 4.94822 3.42814 5.51938 7.92332 4.07224 4.02834 3.87055 3.42486 3.37248 6.54872 4.74284 3.83237
threshold=0.91693207621574413 0.58578431606292736 0.28035087883472448 -0.034045776352286332 0.93377193808555614 0.98477792739868175 0.72363483905792247 0.68978881835937511 -0.18000067025423047 0.45130646228790289 0.81666666269302379 0.70839864015579235 3.5000000000000004 3.5000000000000004
decision_type=2 2 2 2 2 2 2 2 2 2 2 2 2 2
left_child=-1 2 -2 -3 5 6 9 -6 10 -5 11 -7 13 -12
right_child=1 3 -4 4 7 8 -8 -9 -10 -11 12 -13 -14 -15
leaf_value=-0.0015530332762924105 -0.0036332170827518642 -0.007645298968516373 0.022385658284279211 0.0061148275653604015 0.01337477889245094 -0.0091886901962335808 0.007921280674836214 -0.018525744619741599 0.026330351562731703 -0.031611623530955896 0.0098880157448621442 0.027742117896590368 0.015055122167191232 -0.020156929932373908
leaf_weight=596.56619888999558 22.6508337520645 104.03737230303523 50.248865370795102 4.2988886808962041 5.1648225241187893 12.351475835534073 10.036147243488811 31.016411366552347 30.730691860742809 13.467436479644673 8.1597228990867716 24.454516494191921 15.623765797659869 24.899920719282818
leaf_count=154273 3268 5907 3969 220 430 427 197 2128 2531 207 47 773 169 360
internal_value=5.00742e-05 0.00269726 0.0148382 -0.000815007 0.00332297 0.00772013 -0.0131128 -0.0120619 0.0133479 -0.0235684 0.00641242 0.0160334 -0.00235403 -0.0121671
internal_weight=953.707 357.141 72.8997 284.241 180.204 144.023 27.8025 36.1812 116.22 17.7663 85.4894 36.806 48.6834 33.0596
internal_count=174906 20633 7237 13396 7489 4931 624 2558 4307 427 1776 1200 576 407
is_linear=0
shrinkage=0.05


Tree=215
num_leaves=15
num_cat=0
split_feature=23 12 3 3 2 5 2 26 2 42 27 8 31 7
split_gain=1.62046 4.51245 4.0777 3.90387 5.18964 11.0317 5.35074 5.96086 4.54924 4.28088 4.18292 4.16401 3.36205 3.74135
threshold=0.36205685138702398 0.33854167163372045 0.29643927514553076 0.52808624505996715 0.23544810712337497 0.35416667163372045 1.0000000180025095e-35 3.0677825212478642 0.48404073715209966 3.5000000000000004 0.73401361703872692 1.7005987167358401 0.62115561962127697 0.51887464523315441
decision_type=2 2 2 2 2 2 2 2 2 2 2 2 2 2
left_child=2 -2 -1 4 5 6 7 -3 10 -7 -5 -8 -4 -14
right_child=1 3 12 8 -6 9 11 -9 -10 -11 -12 -13 13 -15
leaf_value=-0.015861895667293926 0.029709650546841861 -0.0079568406207604289 0.019536445436097519 -0.0080968183155558406 -0.016318524980991452 -0.0030544164926467592 -0.023422485673727157 0.0099903953476312285 -0.0079868975103840126 0.040401974516991138 0.025981373892942694 0.013322473285329321 -0.017056141257008269 1.5740486064733015e-06
leaf_weight=35.198338505771972 5.0615073094304526 75.75378145918512 10.691990366991375 6.3358363595325491 36.526760244629259 5.7347806799807612 29.808026012164191 90.942946391889564 14.051715435984077 13.369632211535643 33.641545388207305 2.7201307434188484 24.06999256589188 569.21159321782397
leaf_count=38369 2789 8324 5052 119 1129 98 7880 9725 592 571 965 737 7928 90628
internal_value=6.66173e-05 0.0029543 -0.0013754 0.00159795 -0.00113246 0.00201161 -0.00208775 0.00184571 0.0126427 0.0307898 0.020041 -0.0179396 -0.000286564 -0.000961725
internal_weight=953.119 313.947 639.172 308.885 254.856 218.329 199.225 166.697 54.0291 19.1044 39.9774 32.5282 603.974 593.282
internal_count=174906 32929 141977 30140 28464 27335 26666 18049 1676 669 1084 8617 103608 98556
is_linear=0
shrinkage=0.05


Tree=216
num_leaves=15
num_cat=0
split_feature=7 45 45 37 40 44 31 46 5 2 3 2 5 42
split_gain=1.63545 5.8362 5.55736 5.97902 7.5696 5.0713 3.70443 3.40328 3.3725 6.83849 9.1382 5.1067 9.22967 6.97682
threshold=0.4803846031427384 0.99821266531944286 0.99455466866493236 -0.13014084100723264 0.46297284960746771 0.99889117479324352 0.21483516693115237 0.99562713503837597 0.61250001192092907 0.43377923965454107 0.48339594900608068 0.18530782312154773 0.35416667163372045 5.5000000000000009
decision_type=2 2 2 2 2 2 2 2 2 2 2 2 2 2
left_child=1 2 3 -1 6 7 -5 -4 9 10 11 12 13 -2
right_child=8 -3 5 4 -6 -7 -8 -9 -10 -11 -12 -13 -14 -15
leaf_value=-0.012809403531040167 0.0022483338167511298 -0.019076075684384165 0.039525885892234262 0.00069295675453520233 -0.0053810062812542359 -0.0070850920224555247 0.041884075527671358 -0.0043556185450476523 0.0013409246173584086 -0.024935603971609717 0.019016152516706908 -0.021689982600302592 0.030951364848953274 -0.019652919755703924
leaf_weight=31.625571933120227 92.631771636471967 11.47274065577585 18.335310104164826 7.9438345593880539 25.483604289678624 5.9940240530086148 10.225861230352164 3.0533722278087216 593.89863329653235 28.581923480003752 32.876537332987937 33.216629790094885 9.0235047984169778 48.045036142197205
leaf_count=10268 2264 2243 363 581 319 1223 1366 4111 74271 6379 12712 7995 855 49956
internal_value=8.32545e-05 0.00544271 0.00963277 0.0015882 0.0124622 0.0254076 0.0305142 0.0338696 -0.000702017 -0.00552445 -0.00196295 -0.00652389 -0.00201127 -0.00603944
internal_weight=952.408 114.134 102.662 75.2789 43.6533 27.3827 18.1697 21.3887 838.274 244.375 215.793 182.917 149.7 140.677
internal_count=174906 20474 18231 12534 2266 5697 1947 4474 154432 80161 73782 61070 53075 52220
is_linear=0
shrinkage=0.05


Tree=217
num_leaves=15
num_cat=0
split_feature=28 30 30 26 31 5 27 30 52 4 47 46 33 53
split_gain=1.66639 7.39628 6.62168 5.08284 4.66448 10.7855 4.33768 9.7542 6.72452 3.90502 5.05725 4.34964 4.85954 4.63751
threshold=0.68457102775573742 0.81173768639564525 0.68457102775573742 3.0677825212478642 0.74133810400962841 0.61250001192092907 0.56330129504203807 0.56440424919128429 0.99650451540946972 0.48076923191547399 -0.0070785135030746451 0.27338738739490515 0.99794238805770885 0.26051202416419988
decision_type=2 2 2 2 2 2 2 2 2 2 2 2 2 2
left_child=1 6 3 -2 -4 -6 -1 -8 -9 10 -7 12 13 -11
right_child=2 -3 4 -5 5 9 7 8 -10 11 -12 -13 -14 -15
leaf_value=-0.0033725481031111632 0.0013197967347135882 0.032241308695574393 0.021200807658397547 -0.0291397152501374 -0.022298587430193605 0.025241192244428518 0.024363786905801439 -0.013514332942843306 0.012329153956247119 -0.014754786171362992 -0.014873055053088381 -0.0024127475210666987 -0.019342377082226341 0.014664141826655014
leaf_weight=209.92354252649238 20.767681325960439 10.143973776597702 15.189247847029035 25.990236619949428 42.805251059817238 22.225377091188424 44.70403582102881 48.318431243747909 34.561849208555941 7.1834049931421751 3.1434386212713425 364.45895781876607 5.2586810938082627 97.031599744339474
leaf_count=60912 3818 780 3682 5643 8798 6346 11283 10211 6399 2495 410 44963 1181 7985
internal_value=8.89551e-05 0.00280115 -0.0014922 -0.0177621 0.000161906 -0.000800903 0.00101399 0.00795202 -0.00257024 0.00144374 0.0174709 0.000242544 0.00854456 0.011522
internal_weight=951.706 347.652 604.054 46.7579 557.296 542.107 337.508 127.584 82.8803 499.301 25.3688 473.933 109.474 104.215
internal_count=174906 89585 85321 9461 75860 72178 88805 27893 16610 63380 6756 56624 11661 10480
is_linear=0
shrinkage=0.05


Tree=218
num_leaves=15
num_cat=0
split_feature=6 27 36 12 11 30 7 45 28 46 52 29 13 34
split_gain=1.63119 4.97122 4.87959 7.90666 5.58511 7.31885 4.52398 6.32155 5.38609 4.55477 5.88923 4.01582 3.95787 6.33706
threshold=0.83424907922744762 0.84028983116149913 -0.13041625171899793 0.45643940567970281 0.36376661062240606 0.80735492706298839 0.50352111458778392 0.99821266531944286 0.29190073907375341 0.208102822303772 0.9983179271221162 0.61250001192092907 0.82843136787414562 0.70205718278884899
decision_type=2 2 2 2 2 2 2 2 2 2 2 2 2 2
left_child=2 -2 4 11 12 6 7 8 -6 -8 -11 -4 13 -1
right_child=1 -3 3 -5 5 -7 9 -9 -10 10 -12 -13 -14 -15
leaf_value=-0.00065141716762412308 -0.023396832946683502 -0.0008875616036386184 -0.0080535092284572153 -0.0069364937561744644 0.0034620950742903518 0.023918557560917444 0.0088775198588041306 -0.017179940749801545 0.027357351383402458 -0.010105011868141138 0.0090417244559984813 0.032523699969782383 0.014387222574423379 -0.022163102132224596
leaf_weight=74.229496792984719 16.515227716947265 340.93821266229133 3.1452486809503162 21.847710118454415 59.741077208200295 28.408934545164811 58.605417092621792 10.791569514716683 33.069472303337534 166.83040021005218 43.501458485781768 29.074584379206499 9.0062887137137277 54.553896831101156
leaf_count=64833 1274 42944 2119 774 4525 906 3708 793 2630 19289 4808 3081 885 22337
internal_value=9.08188e-05 -0.00253597 0.00169053 0.0147356 0.000136655 0.00313208 0.000963135 0.00935299 0.0138091 -0.00248831 -0.00591439 0.0275933 -0.00820176 -0.0107043
internal_weight=950.259 357.453 592.806 54.0675 538.738 400.948 372.539 103.602 92.8105 268.937 210.332 32.2198 137.79 128.783
internal_count=174906 44218 130688 5974 124714 36659 35753 7948 7155 27805 24097 5200 88055 87170
is_linear=0
shrinkage=0.05


Tree=219
num_leaves=15
num_cat=0
split_feature=27 3 28 20 37 30 23 37 6 4 13 50 42 27
split_gain=1.72169 6.87103 6.74674 4.21196 10.2708 5.56401 4.87594 8.15605 6.53103 5.88087 6.11662 5.00036 5.76534 4.93868
threshold=0.95861870050430309 0.84252950549125682 0.98147514462471019 0.2728812992572785 -0.067956753075122819 0.88047617673873912 0.28287054598331457 -0.59859353303909291 0.80982521176338207 0.240384615957737 0.69615384936332714 5.5000000000000009 3.5000000000000004 0.8216732144355775
decision_type=2 2 2 2 2 2 2 2 2 2 2 2 2 2
left_child=1 3 -3 5 -5 6 7 8 -1 10 -8 12 -12 -9
right_child=-2 2 -4 4 -6 -7 9 13 -10 -11 11 -13 -14 -15
leaf_value=0.022038614716345276 -0.0026241550379873311 0.031386524167620715 -0.0060481094130880944 -0.025966281694669382 0.0041358602961091449 0.02023009464887484 0.01658724393465168 -0.023725925044581653 -0.014953820614862827 0.015875707356155708 0.0079157011444617367 0.020970467262743937 -0.011026255209773572 -0.0013684985234921716
leaf_weight=26.286745871278981 352.8076759400974 25.499978054511303 13.983146958300493 38.444872258362011 62.787527516891714 29.303699070747825 35.419087801616115 50.775659924689535 9.472351406595406 68.556128884800273 47.287950347847072 9.1255188739632995 135.66028440987066 43.794444256360293
leaf_count=31808 46961 1583 2374 1222 1838 2937 22852 26093 6119 2280 984 989 17210 9656
internal_value=0.000101381 0.0017304 0.0195858 0.000141362 -0.00860266 0.00222692 0.000554374 -0.00717636 0.0111131 0.00408095 7.72815e-06 -0.00371915 -0.00597369 -0.0144934
internal_weight=949.205 596.397 39.4831 556.914 101.232 455.682 426.378 130.329 35.7591 296.049 227.493 192.074 182.948 94.5701
internal_count=174906 127945 3957 123988 3060 120928 117991 73676 37927 44315 42035 19183 18194 35749
is_linear=0
shrinkage=0.05


Tree=220
num_leaves=15
num_cat=0
split_feature=28 30 30 28 30 52 28 2 5 30 2 27 3 2
split_gain=1.64185 6.85803 6.13717 4.95782 4.53364 7.03761 5.58531 4.90084 7.41814 4.61571 7.17352 7.08313 6.54317 5.80191
threshold=0.68457102775573742 0.81173768639564525 0.68457102775573742 0.77694860100746166 0.78830561041831981 0.99516433477401745 0.8207041621208192 0.43377923965454107 0.61250001192092907 0.86582550406456005 0.66054582595825206 0.94804319739341747 0.84252950549125682 0.7649616301059724
decision_type=2 2 2 2 2 2 2 2 2 2 2 2 2 2
left_child=1 -1 3 -2 5 -4 -7 -6 -9 10 -10 -12 -13 -11
right_child=2 -3 4 -5 7 6 -8 8 9 13 11 12 -14 -15
leaf_value=0.0010925317245925913 -0.029564500790176501 0.031215836906019503 -0.0027773106422642174 0.00034107399974069654 0.016927949348994869 0.0047236538649487562 0.035457125126094204 -0.026167626507051064 -0.021133894027633861 0.012084098049786112 0.028519828341246108 0.018543172063439983 -0.015150619292581137 -0.0030118499272887515
leaf_weight=336.22083108830338 23.184720930574258 10.080559118254312 67.40424578657985 23.409992860295461 21.164010386910377 35.250849851679959 20.995285729211901 23.737481922369625 55.14127104526051 84.37099709118047 9.3526665860445046 10.729954422433364 40.565607908043603 187.03182991895665
leaf_count=88805 4903 780 11025 4558 2123 6424 2915 3867 9319 9319 951 1328 4112 24477
internal_value=0.000123495 0.00282089 -0.00144806 -0.017134 0.000146698 0.0082138 0.0198163 -0.0022954 -0.0036641 -0.0016604 -0.00959106 0.00240959 -0.00622722 0.00194368
internal_weight=948.64 346.301 602.339 46.5947 555.744 123.65 56.2461 432.094 410.93 387.192 115.789 60.6482 51.2956 271.403
internal_count=174906 89585 85321 9461 75860 20364 9339 55496 53373 49506 15710 6391 5440 33796
is_linear=0
shrinkage=0.05


Tree=221
num_leaves=15
num_cat=0
split_feature=41 40 43 44 30 7 53 28 20 41 41 37 30 28
split_gain=1.58381 2.02095 4.24632 5.72278 4.24359 5.49237 4.74472 3.58551 3.56044 3.4907 3.17823 3.26376 3.06298 6.66739
threshold=2.6785526642925109e-05 0.37407495081424719 5.5000000000000009 0.99691244959831249 0.70064935088157665 0.34654632210731512 0.93642082810401928 0.85584416985511791 0.11935090646147729 0.00079143073526211094 0.0022219362435862426 -0.24996568262577054 0.6820855736732484 0.72046512365341198
decision_type=2 2 2 2 2 2 2 2 2 2 2 2 2 2
left_child=-1 2 4 -4 5 -2 -6 8 -8 -7 11 -3 -12 -14
right_child=1 10 3 -5 6 9 7 -9 -10 -11 12 -13 13 -15
leaf_value=-0.016114277171853198 -0.01455779517212772 -0.027051623135556077 -0.0087263811106226257 0.034537878475752931 0.010544799208417048 -0.0080464079185509942 -0.032317222309951883 0.0015763213247154924 0.007674090442936831 0.017516421682570747 -0.0047562506174649603 0.0058395930874090276 0.016382980976103526 -0.00011105786944209779
leaf_weight=4.7551152981395708 13.391830443699289 11.702181013311931 6.3575350090104648 13.597621984758005 15.384887563355731 10.176339617184565 19.456416330402138 15.945676602212187 2.7812304303370174 63.318586219917051 230.48623142240103 6.9784002927954125 60.350818071397953 473.60297048205393
leaf_count=99906 1612 18770 9364 11460 665 6757 1011 516 76 1818 4109 2769 1449 14624
internal_value=0.00014371 0.000393782 0.00533055 0.0224425 0.00156931 0.00806507 -0.008578 -0.0168724 -0.0264866 0.0134371 -0.000671899 -0.0170126 -5.80608e-05 0.00202011
internal_weight=948.286 943.531 160.41 19.9552 140.455 86.8868 53.5682 38.1833 22.2376 73.4949 783.121 18.6806 764.44 533.954
internal_count=174906 75000 33279 20824 12455 10187 2268 1603 1087 8575 41721 21539 20182 16073
is_linear=0
shrinkage=0.05


Tree=222
num_leaves=15
num_cat=0
split_feature=26 45 36 31 31 7 33 11 53 12 32 27 26 32
split_gain=1.58948 2.59106 2.31138 2.25346 2.68948 5.28319 4.97027 4.61731 3.7426 3.62501 7.45402 4.00646 3.93983 3.17674
threshold=2.9174053668975835 0.99612250924110424 -0.2962783128023147 0.18321678787469867 0.20864427834749225 0.38935969769954687 0.81505072116851818 0.54414361715316784 0.82172682881355297 0.62828946113586437 0.92346739768981945 0.63702240586280834 3.1567740440368657 0.88249102234840404
decision_type=2 2 2 2 2 2 2 2 2 2 2 2 2 2
left_child=1 2 -1 -2 -5 6 8 -8 -6 10 13 12 -12 -7
right_child=3 -3 -4 4 5 9 7 -9 -10 -11 11 -13 -14 -15
leaf_value=0.023765804602579675 0.011244231576012573 -0.0038544752066583736 -0.00070901882800521784 -0.01653290786890375 0.017095940665608943 0.00029767215350221378 -0.0096320523381740655 0.033116094711716802 -0.016903747362112417 -0.0065404265060710889 -0.015200550301348845 0.023710922773080009 0.015383756918456696 -0.010555883577126769
leaf_weight=17.539119327457232 29.624272582008416 24.745954578505916 13.979759079611538 16.84291021017998 3.435588472057133 443.44324163185411 3.1887875443026159 20.822585345940752 11.526935046513243 231.6842463044668 12.621763190749336 39.771516640663322 9.7433021155557054 69.400644916593592
leaf_count=2573 2994 3916 807 1635 1363 130547 703 660 4562 11808 2678 1742 1712 7206
internal_value=0.000126169 0.0075992 0.0153542 -0.000424167 -0.000949232 -0.000449251 0.0155082 0.0262762 -0.00537573 -0.00140069 0.000746734 0.0158032 -0.00124014 -0.00134489
internal_weight=948.371 56.2648 31.5189 892.106 862.482 845.639 38.9739 24.0114 14.9625 806.665 574.98 62.1366 22.3651 512.844
internal_count=174906 7296 3380 167610 164616 162981 7288 1363 5925 155693 143885 6132 4390 137753
is_linear=0
shrinkage=0.05


Tree=223
num_leaves=15
num_cat=0
split_feature=35 35 12 39 9 12 53 53 14 45 14 39 36 30
split_gain=1.57361 6.96724 4.90573 4.95777 7.70213 5.88312 6.15676 4.14554 9.98669 8.48087 8.3906 8.49526 5.85134 5.67978
threshold=0.25833334028720861 0.19090909510850909 0.81534090638160717 0.22500000149011615 1.2424533367156985 0.58114033937454235 0.99309659004211437 0.93642082810401928 0.29285715520381933 0.72363483905792247 0.35416667163372045 0.75000000000000011 -0.056562144309282296 0.80735492706298839
decision_type=2 2 2 2 2 2 2 2 2 2 2 2 2 2
left_child=1 2 3 -1 5 6 -5 9 -9 -2 11 12 -11 -12
right_child=7 -3 -4 4 -6 -7 -8 8 -10 10 13 -13 -14 -15
leaf_value=0.0071599247837964841 -0.0065630360763680798 0.035906446628057261 0.0246384032512241 -0.0031121226801712198 -0.01810890757308992 -0.017436258717925299 0.020810322842766321 -0.018698766352085446 -0.00014237879986482609 0.045161159226985818 -0.0095818072138495209 0.0033508888297165483 -0.0042785715778635913 0.022023391905285492
leaf_weight=120.52669110593342 96.055344575637719 5.3247326791133665 11.044461775789385 54.716560032895359 63.945838534855284 19.580059779680596 39.005302323130309 82.702262515413167 333.52730955530933 27.486723666948819 46.75237604765789 33.36528414093118 5.1872585396013156 9.0215436764374299
leaf_count=46200 14496 9090 308 2273 2135 474 1651 59407 26639 8448 1764 504 1411 106
internal_value=0.000142884 0.00298289 0.00130679 -0.000330997 -0.00553509 0.0024545 0.00789043 -0.00128858 -0.00418162 0.00417943 0.0125056 0.0233205 0.0381489 -0.00189849
internal_weight=948.242 314.144 308.819 297.774 177.248 113.302 93.7219 634.098 416.23 217.869 121.813 66.0393 32.674 55.7739
internal_count=174906 62131 53041 52733 6533 4398 3924 112775 86046 26729 12233 10363 9859 1870
is_linear=0
shrinkage=0.05


Tree=224
num_leaves=15
num_cat=0
split_feature=41 40 43 30 8 7 41 3 27 20 41 37 45 30
split_gain=1.54646 1.72763 3.94451 3.97342 6.2906 5.1115 3.24272 3.14312 3.13459 3.94125 3.04993 3.18188 2.85513 2.79955
threshold=2.6785526642925109e-05 0.37407495081424719 5.5000000000000009 0.70064935088157665 1.0000000180025095e-35 0.34654632210731512 0.00079143073526211094 0.74823525547981273 0.32466214895248419 0.018605699762701992 0.0022219362435862426 -0.12517322599887845 0.9977191984653474 0.6820855736732484
decision_type=2 2 2 2 2 2 2 2 2 2 2 2 2 2
left_child=-1 2 3 5 7 -2 -7 -5 -4 -10 11 -3 -8 -12
right_child=1 10 8 4 -6 6 12 -9 9 -11 13 -13 -14 -15
leaf_value=-0.01593211160075857 -0.014253013148072178 -0.024930897798582305 -0.0081015686096337219 -0.0049714111911631819 -0.020330403843293932 -0.0079148301924321512 0.019862796423350492 0.023973290606443695 0.034347521694089028 -0.009035456020147381 -0.0044641674521379874 0.0083557759496445377 -0.0074343232496129931 0.0020184178862344684
leaf_weight=4.6762288770241858 13.252432371442408 13.838454129458116 3.0595677692872441 13.921970938077722 31.733095211344335 10.113526417146202 57.977153366489802 7.9140419489704064 15.142830188528025 2.1640061376892836 230.13577396201435 4.5408802366619048 5.8751681983703739 533.46069516320131
leaf_count=99906 1612 20082 3819 881 1139 6757 1601 248 12748 4257 4109 1457 217 16073
internal_value=0.000177318 0.000423509 0.00497534 0.00135068 -0.00846194 0.00762802 0.012779 0.00975413 0.0213355 0.0276007 -0.000565534 -0.0166605 0.0166846 3.2219e-05
internal_weight=947.806 943.13 161.154 140.787 53.5691 87.2183 73.9658 21.836 20.3664 17.3068 781.976 18.3793 63.8523 763.596
internal_count=174906 75000 33279 12455 2268 10187 8575 1129 20824 17005 41721 21539 1818 20182
is_linear=0
shrinkage=0.05


Tree=225
num_leaves=15
num_cat=0
split_feature=45 8 43 46 20 53 6 33 52 40 30 43 37 52
split_gain=1.53487 1.93476 1.90074 2.82142 2.70793 2.04289 2.30589 2.11937 1.95469 2.9732 2.40948 2.05772 6.06918 4.73054
threshold=0.010874516330659391 2.1383330821990971 6.5000000000000009 0.99695417284965526 1.0000000180025095e-35 0.018562968820333484 0.84028983116149913 0.82970842719078075 0.99910697340965282 0.55558907985687267 0.28730159997940069 3.5000000000000004 -0.84475931525230397 0.99895280599594127
decision_type=2 2 2 2 2 2 2 2 2 2 2 2 2 2
left_child=1 -1 5 -4 -5 6 7 -2 11 10 -10 12 -7 -13
right_child=2 -3 3 4 -6 8 -8 -9 9 -11 -12 13 -14 -15
leaf_value=-0.019360916180404534 0.028473335507760624 0.0092269536979654159 -0.023192723916176636 0.018573050608335234 -0.012768984054391745 -0.01965439757622044 -0.0086324588674919003 -0.0022996728836931239 0.007479512546328438 0.007123704045162953 -0.024380554936009026 0.0027287601904749971 0.00072328196833613024 0.029318144878517388
leaf_weight=10.057142280296828 9.2434979139725346 1.5686887896226824 9.8655456739124947 5.2014205329669476 3.4178733106618893 28.694986842638173 3.1214606005487431 5.9253635934510376 2.6260083352754071 10.555096289084757 16.970888072974049 184.58137772959526 647.229812276757 8.757846125015929
leaf_count=7462 1476 989 51133 28596 40406 476 474 408 186 472 968 20265 20692 903
internal_value=0.000152186 -0.0130206 0.00045165 -0.0122778 0.00596178 0.000837635 0.0140696 0.0203149 0.000416802 -0.0103781 -0.0190266 0.000905015 -0.000415737 0.0053158
internal_weight=947.817 11.6258 936.191 18.4848 8.61929 917.706 18.2903 15.1689 899.416 30.152 19.5969 869.264 675.925 193.339
internal_count=174906 8451 166455 120135 69002 46320 2358 1884 43962 1626 1154 42336 21168 21168
is_linear=0
shrinkage=0.05


Tree=226
num_leaves=15
num_cat=0
split_feature=26 9 33 40 40 8 40 45 33 40 40 27 26 34
split_gain=1.52724 4.97005 3.18859 3.42913 2.13509 7.38374 4.94314 6.66251 7.13731 5.58688 6.85417 5.75108 4.95824 4.66376
threshold=3.4175922870635991 3.6242519617080693 0.91813588142395031 0.69183745980262767 0.70066976547241222 1.0000000180025095e-35 0.64166897535324108 0.99519836902618419 0.69399762153625499 0.58540308475494396 0.50879037380218517 0.84561213850975048 3.0677825212478642 0.93861854076385509
decision_type=2 2 2 2 2 2 2 2 2 2 2 2 2 2
left_child=1 4 3 -2 6 -6 9 8 -8 10 -1 -12 13 -11
right_child=2 -3 -4 -5 5 -7 7 -9 -10 12 11 -13 -14 -15
leaf_value=-0.00089871067052407641 -0.021273755693072556 0.020741800961208288 0.010936667016560804 0.0098121904679509819 -0.012331462930415975 0.0056905138251038753 -0.011042544564116713 -0.0086631993121655954 0.030783167041397903 -0.011984053483341056 0.00066816725294238275 0.026281503503102079 -0.02562170002764428 0.020247224332180812
leaf_weight=481.69955841450792 26.176964667272845 19.644064558342507 8.4430836116480332 5.2668695774627841 116.41006439668126 95.104785849631298 7.5477170397643922 18.051987257844303 36.19617170013953 16.858146554830459 42.285286490310682 36.725100238043524 28.170192477904493 9.3636248101247457
leaf_count=141211 10955 5640 467 241 4101 6148 169 667 826 456 983 2156 651 235
internal_value=0.000140469 0.000602004 -0.00838121 -0.0149556 -6.92301e-05 -0.00433705 0.00130809 0.0137233 0.0228546 -0.000138777 0.00143864 0.0141887 -0.014098 0.00193779
internal_weight=947.944 908.057 39.8869 31.4438 888.413 211.515 676.898 61.7959 43.7439 615.102 560.71 79.0104 54.392 26.2218
internal_count=174906 163243 11663 11196 157603 10249 147354 1662 995 145692 144350 3139 1342 691
is_linear=0
shrinkage=0.05


Tree=227
num_leaves=15
num_cat=0
split_feature=35 35 12 11 11 8 45 40 48 3 6 42 52 53
split_gain=1.52397 6.69527 4.67053 4.98442 6.8535 6.8204 5.72837 5.20461 8.94867 5.90568 5.44021 4.9409 4.12181 4.05845
threshold=0.25833334028720861 0.19090909510850909 0.81534090638160717 0.60025125741958629 0.35724179446697241 0.89587974548339855 0.99321579933166515 0.41576759517192846 3.5000000000000004 0.78532448410987865 0.7897985875606538 4.5000000000000009 0.99692803621292125 0.99858573079109203
decision_type=2 2 2 2 2 2 2 2 2 2 2 2 2 2
left_child=1 2 3 4 5 7 -7 9 -9 10 -1 -5 -8 -2
right_child=13 -3 -4 11 -6 6 12 8 -10 -11 -12 -13 -14 -15
leaf_value=0.013165443363701743 0.00023208583939852837 0.035139535912071133 0.024091802571713075 0.0023561992762896702 0.019452746831862645 -0.026445128891316901 0.0136294334593658 -0.014943484333323707 0.013942144294761927 0.030285845781626547 -0.017398608854571111 -0.030618779913114805 -0.012255609644389695 -0.011802456332565348
leaf_weight=27.364002757536582 563.36998624109947 5.3969416525142142 10.994770638437329 18.456315288116457 37.62497910086131 30.570723317410739 19.125600271985604 54.392675460418104 36.261056469884352 22.817477454627806 13.906690979361882 14.912301103253411 22.584674968133186 69.946258351621509
leaf_count=21494 95291 9090 308 436 8164 5530 2874 2041 1228 2245 3785 1356 3580 17484
internal_value=0.000150752 0.00294342 0.00129722 -0.000298599 0.00219831 -0.00136137 -0.0130684 0.00456838 -0.00315212 0.0144406 0.00148175 -0.0160424 -4.60184e-05 -0.00125986
internal_weight=947.724 314.408 309.011 298.016 264.648 227.023 72.281 154.742 90.6537 64.0882 41.2707 33.3686 41.7103 633.316
internal_count=174906 62131 53041 52733 50941 42777 11984 30793 3269 27524 25279 1792 6454 112775
is_linear=0
shrinkage=0.05


Tree=228
num_leaves=15
num_cat=0
split_feature=32 12 11 53 41 37 7 44 46 11 47 6 28 4
split_gain=1.49975 5.26009 4.64643 4.12241 3.01505 2.99822 4.99216 7.29808 3.96108 3.73794 3.57599 3.22767 3.92007 4.75457
threshold=0.91693207621574413 0.58578431606292736 0.51286783814430248 0.084008328616619124 0.0079612196423113363 -0.034045776352286332 0.93377193808555614 0.98477792739868175 0.46716181933879858 0.68978881835937511 -0.18000067025423047 0.11852502077817918 0.24283374845981601 0.27922078967094427
decision_type=2 2 2 2 2 2 2 2 2 2 2 2 2 2
left_child=-1 2 4 -4 -2 -3 7 8 -7 -8 11 -9 -13 -14
right_child=1 5 3 -5 -6 6 9 10 -10 -11 -12 12 13 -15
leaf_value=-0.0013689004217669518 -0.017208410703437364 -0.0069537794788193281 -0.010250470845593405 0.027765815863986121 0.0080802661934376192 0.0049503300166678114 0.013146326567407272 -0.01364758020626706 -0.02566442888323462 -0.017551526756357468 0.025581124118187526 0.024950795138176621 -0.010492760571526809 0.014283515428371644
leaf_weight=593.25671045275521 7.9728255144764253 103.17164992010657 3.1462113582783777 36.990958095724636 24.303893704840448 14.523635410270801 5.0917114184376251 8.5593031820426386 13.066205663555591 31.006525724071253 30.087910132722754 18.760118757414602 29.428762865212775 28.260399201259133
leaf_count=154273 3684 5907 264 2670 619 382 430 138 242 2128 2531 277 1028 333
internal_value=0.000162673 0.00269391 0.013807 0.0233357 -0.000759264 -0.000535387 0.00334064 0.0075448 -0.0125188 -0.011309 0.0129705 0.00628443 0.00983657 0.00196156
internal_weight=947.627 354.37 72.4139 40.1372 32.2767 281.956 178.785 142.686 27.5898 36.0982 115.096 85.0086 76.4493 57.6892
internal_count=174906 20633 7237 2934 4303 13396 7489 4931 624 2558 4307 1776 1638 1361
is_linear=0
shrinkage=0.05


Tree=229
num_leaves=15
num_cat=0
split_feature=42 39 46 6 52 31 46 51 47 44 3 9 49 6
split_gain=1.48988 1.62535 3.67115 3.73458 3.55339 3.47702 3.17978 6.23775 2.91788 4.77455 3.79956 2.91115 2.67267 2.94887
threshold=20.500000000000004 0.13392857462167743 0.85789737105369579 0.93127068877220165 0.9966702163219453 0.2237871661782265 0.96737965941429149 2.5000000000000004 -0.98376023769378651 0.99774909019470226 0.011212743353098633 3.2384861707687382 2.5000000000000004 0.78086888790130626
decision_type=2 2 2 2 2 2 2 2 2 2 2 2 2 2
left_child=1 2 4 5 11 -4 -3 12 10 -10 -7 -1 -8 -14
right_child=-2 6 3 -5 -6 8 7 -9 9 -11 -12 -13 13 -15
leaf_value=-0.0079399259733112255 -0.015703830228811846 0.00076583553775543423 -0.0050235040961085229 -0.010846523384464898 -0.022928567641769121 -0.01220904542773287 -0.0038590418032742463 -0.019639957947648223 0.0073389953066052942 0.039137451668385073 0.014461584634690295 0.017550614647477796 0.02518589346657768 -0.0074879588246841797
leaf_weight=16.933423770420635 4.5760908715255928 683.0231688628628 18.727710563991423 12.46857031366744 10.848822269937953 13.494914477934797 42.327801617801015 48.941874058484245 31.409545577698736 17.174858773734741 21.863047241626191 9.6319653788123087 10.597345731053791 4.8530114874010897
leaf_count=2523 94006 19374 3931 1356 147 10816 9208 13952 6367 2281 7090 448 1881 1526
internal_value=0.000162909 0.000404059 0.00495869 0.00921681 -0.00732544 0.0123998 -0.000526751 -0.00815633 0.0164079 0.0233417 0.00383482 0.00357452 0.00303355 0.0160133
internal_weight=946.872 942.296 152.553 115.139 37.4142 102.67 789.743 106.72 83.9424 48.5844 35.358 26.5654 57.7782 15.4504
internal_count=174906 80900 34959 31841 3118 30485 45941 26567 26554 8648 17906 2971 12615 3407
is_linear=0
shrinkage=0.05


Tree=230
num_leaves=15
num_cat=0
split_feature=28 30 30 28 31 5 27 30 52 3 2 42 14 47
split_gain=1.49271 6.35855 5.61515 4.72151 4.27122 9.82445 3.68303 8.93064 6.07224 4.83472 3.52378 4.07488 7.74768 3.61127
threshold=0.68457102775573742 0.81173768639564525 0.68457102775573742 0.77694860100746166 0.74133810400962841 0.61250001192092907 0.56330129504203807 0.56440424919128429 0.99650451540946972 0.48339594900608068 1.0000000180025095e-35 3.5000000000000004 0.64583334326744091 -0.86241886019706715
decision_type=2 2 2 2 2 2 2 2 2 2 2 2 2 2
left_child=1 6 3 -2 -4 -6 10 -8 -9 -10 11 12 -1 -13
right_child=2 -3 4 -5 5 -7 7 8 9 -11 -12 13 -14 -15
leaf_value=-0.013252193621085149 -0.028497246829618572 0.030063480560976089 0.020394443015042011 0.00059704331751050499 -0.02132238202922945 0.0014039191026858312 0.023156360271838202 -0.01302982849783278 -0.00740080479351868 0.023764399215726976 -0.017992891931221527 0.0022338509923600695 0.023533873799265068 -0.013085918968570595
leaf_weight=14.284703049692324 23.153495387779913 10.082273746269491 14.984830424575192 23.373748300038642 42.49669587988501 496.30944910230937 44.668439373388537 48.135786114869916 15.118309058218072 19.492407490182813 23.253067390391152 83.061979530735698 30.143370062636677 57.972931658805464
leaf_count=267 4903 780 3682 4558 8798 63380 11283 10211 2321 4078 19033 31845 415 9352
internal_value=0.000152927 0.00272343 -0.00134986 -0.0163613 0.00017917 -0.000744411 0.0010585 0.00744749 -0.00261493 0.0115437 -0.00300397 -0.000300304 0.0114445 -0.00451288
internal_weight=946.531 346.213 600.318 46.5272 553.791 538.806 336.131 127.415 82.7465 34.6107 208.716 185.463 44.4281 141.035
internal_count=174906 89585 85321 9461 75860 72178 88805 27893 16610 6399 60912 41879 682 41197
is_linear=0
shrinkage=0.05


Tree=231
num_leaves=15
num_cat=0
split_feature=16 23 33 13 40 7 40 35 35 39 9 20 47 53
split_gain=1.48023 2.11001 1.89815 4.92084 4.47767 4.01414 2.47023 2.90911 6.59126 3.95682 5.75232 4.69957 4.6397 7.52399
threshold=1.0000000180025095e-35 0.60379847884178173 0.97789987921714794 0.93541666865348827 0.49999998509883886 0.70871210098266613 0.8959288001060487 0.25833334028720861 0.19090909510850909 0.22500000149011615 1.2424533367156985 0.20695806294679644 -0.92391449213027943 0.99628382921218883
decision_type=2 2 2 2 2 2 2 2 2 2 2 2 2 2
left_child=2 -2 6 -4 5 -5 7 8 9 12 -11 -12 13 -1
right_child=1 -3 3 4 -6 -7 -8 -9 -10 10 11 -13 -14 -15
leaf_value=-0.015093343534522786 0.021266715735631537 -0.0058902487310664936 0.018432264749207949 0.028853404998767734 -0.012204612291104606 -0.010431540913158337 0.014999747388513139 -0.0035181632825148218 0.03436593365186718 0.003113416022585299 -0.020322551745875831 0.0090230693650033746 0.018171518646460501 0.013254211755020957
leaf_weight=35.930403996468158 8.6082052533674851 5.9929534582552142 35.538463370805403 6.5740033532492799 35.707753841590602 4.109350751459715 13.832995812234001 535.67044590071782 5.476548301652655 109.71644245073549 53.06716831733138 11.173452270712003 47.141545553306059 37.758698820700374
leaf_count=18254 1876 185 1543 174 1616 174 2558 105283 9090 4280 1807 282 11812 15972
internal_value=0.000150472 0.0122569 -0.000167397 0.00666342 -0.00402211 0.0160049 -0.000895827 -0.00133307 0.00255288 0.000853709 -0.00390259 -0.0146906 0.00747615 -0.000719801
internal_weight=946.298 14.6012 931.697 81.9296 46.3911 10.6834 849.768 835.935 300.264 294.788 173.957 64.2406 120.831 73.6891
internal_count=174906 2061 172845 3507 1964 348 169338 166780 61497 52407 6369 2089 46038 34226
is_linear=0
shrinkage=0.05


Tree=232
num_leaves=15
num_cat=0
split_feature=4 37 2 53 52 9 23 12 47 37 36 32 49 27
split_gain=1.50099 4.28509 4.89659 2.61318 3.1844 2.79006 2.4157 5.21506 4.34661 5.39137 4.56689 4.50453 6.66536 6.71516
threshold=0.94444444775581371 -0.55329057574272145 0.99479165673255932 0.99739104509353649 0.99620085954666149 1.2424533367156985 0.34615947306156164 0.33854167163372045 -0.92391449213027943 -0.57840463519096363 -0.14661870151758191 0.74311000108718883 3.5000000000000004 0.97182539105415355
decision_type=2 2 2 2 2 2 2 2 2 2 2 2 2 2
left_child=6 2 -2 5 -5 -4 8 -8 9 -1 -11 12 13 -10
right_child=1 -3 3 4 -6 -7 7 -9 11 10 -12 -13 -14 -15
leaf_value=0.0007633692432054153 0.021328069663297526 0.017629632582502983 0.0047227370127246038 0.018520004621546647 -0.010628912436852015 -0.022234260207446951 0.030258851489908357 0.0013723100790074725 0.012790554446862043 -0.025194150383323663 0.0041608808390751336 -0.0036963466080454283 0.022475120106848115 -0.011360793610403343
leaf_weight=59.358588428936855 7.3605292344400359 34.552200891590473 9.0734962279966549 8.7038971285328461 9.6206606621235533 24.788347870315192 6.5029596824679166 320.31769658232588 43.030564101480195 51.234385352448953 13.645503333407758 267.21214929674534 37.75925867883052 52.951703928687493
leaf_count=52039 330 7004 252 1484 1826 5622 3591 31938 20012 32073 2393 10063 690 5589
internal_value=0.000191626 0.00586116 -0.00252056 -0.00877304 0.0048668 -0.0155811 -0.000495265 0.00282839 -0.00257774 -0.0103653 -0.0192891 2.87913e-05 0.00721089 -0.000348087
internal_weight=946.112 94.0991 59.5469 52.1864 18.3246 33.8618 852.013 326.821 525.192 124.238 64.8799 400.954 133.742 95.9823
internal_count=174906 16518 9514 9184 3310 5874 158388 35529 122859 86505 34466 36354 26291 25601
is_linear=0
shrinkage=0.05


Tree=233
num_leaves=15
num_cat=0
split_feature=45 43 46 20 53 6 33 52 40 30 45 40 40 45
split_gain=1.4717 1.80595 2.72283 2.57742 1.93089 2.18096 1.95358 1.78906 2.78615 2.29075 2.00642 1.93304 5.88357 5.71728
threshold=0.010874516330659391 6.5000000000000009 0.99695417284965526 1.0000000180025095e-35 0.018562968820333484 0.84028983116149913 0.82970842719078075 0.99910697340965282 0.55558907985687267 0.28730159997940069 0.99566739797592174 0.58540308475494396 0.52062177658081066 0.99628967046737682
decision_type=2 2 2 2 2 2 2 2 2 2 2 2 2 2
left_child=-1 4 -3 -4 5 6 -2 11 9 -9 -10 12 -6 -13
right_child=1 2 3 -5 7 -7 -8 8 10 -11 -12 13 -14 -15
leaf_value=-0.012719956372186675 0.027466000137253827 -0.022811306146104191 0.018069599980047157 -0.012525187882010109 0.00064508398668776672 -0.0084419688379254575 -0.0021650473788979224 0.0073724764940860266 -0.010600184603724094 -0.023598622260189085 0.016164030128416194 0.0014504122009590763 0.015531997844506457 -0.013882834855266719
leaf_weight=11.515281133146344 9.4548974995741464 9.6049011903905939 5.3016983112756844 3.3303646180411306 467.30901081473712 3.0676290648916611 5.8792426345826234 2.6305375351512401 3.0448378502624092 16.760454743987793 7.4470525335636921 263.5427959333756 67.550254030349606 68.446451325144153
leaf_count=8451 1476 51133 28596 40406 26906 474 408 186 79 968 393 8629 1991 4810
internal_value=0.000213373 0.000506079 -0.0119589 0.00587859 0.000881066 0.0137193 0.019735 0.000469214 -0.00989534 -0.0183182 0.00701434 0.000935288 0.00277579 -0.00202436
internal_weight=944.885 933.37 18.237 8.63206 915.133 18.4018 15.3341 896.731 29.8829 19.391 10.4919 866.849 534.859 331.989
internal_count=174906 166455 120135 69002 46320 2358 1884 43962 1626 1154 472 42336 28897 13439
is_linear=0
shrinkage=0.05


Tree=234
num_leaves=15
num_cat=0
split_feature=45 6 30 33 22 47 7 52 53 37 45 7 44 43
split_gain=1.45248 3.81956 4.09446 3.95825 2.70426 2.17243 4.63909 6.9241 9.38032 5.89213 5.23128 4.95524 4.85573 4.28917
threshold=0.17383895069360736 0.83752354979515087 0.75582656264305126 0.89672946929931652 0.81585559248924266 -0.61178082227706898 0.73401361703872692 0.99413567781448375 0.99709993600845348 -0.63281443715095509 0.79871714115142833 0.99019607901573192 0.99774909019470226 3.5000000000000004
decision_type=2 2 2 2 2 2 2 2 2 2 2 2 2 2
left_child=1 2 -1 -4 -3 6 7 -2 -9 12 -11 -12 -8 -14
right_child=5 4 3 -5 -6 -7 9 8 -10 10 11 -13 13 -15
leaf_value=-0.0063986041285585792 -0.0069519657362060398 -0.024937944162470138 0.029585516664164809 -0.0098840360512939887 0.006132317083733442 0.0035401822583692785 -0.0083035739988216693 0.019287157508651769 -0.0094942463134854507 0.017699653389297146 -0.015351795966121183 0.0044210511945836006 -0.0020133542292954973 0.024472110919737385
leaf_weight=38.204087481113675 75.974235076348123 19.841339389309727 9.5802490119967825 3.5600143469637251 4.7535688166972241 387.06176465828685 32.586140966785024 88.523626607598999 32.654161546050091 7.477351432768045 159.54873598794802 34.244176493119085 23.458789027827152 27.417724142587758
leaf_count=13852 24151 4755 2578 92 69 20477 15881 22055 12798 1592 31387 6376 551 18292
internal_value=0.000191803 -0.00601451 0.00223045 0.019242 -0.0188961 0.000796445 -0.00143456 0.00433296 0.0113988 -0.00543957 -0.00993007 -0.0118123 0.00529312 0.0139352
internal_weight=944.886 75.9393 51.3444 13.1403 24.5949 868.947 481.885 197.152 121.178 284.733 201.27 193.793 83.4627 50.8765
internal_count=174906 21346 16522 2670 4824 153560 133083 59004 34853 74079 39355 37763 34724 18843
is_linear=0
shrinkage=0.05


Tree=235
num_leaves=15
num_cat=0
split_feature=47 47 31 37 33 52 20 44 37 37 37 32 11 39
split_gain=1.43386 3.34482 2.71014 2.97537 2.66191 2.58304 2.5405 2.40056 2.15131 8.18309 4.98763 5.6745 7.04389 4.79775
threshold=-0.98893108963966359 -0.99218833446502674 0.27639257907867437 -0.79441002011299122 0.69852143526077282 0.99903082847595226 0.11935090646147729 0.99897435307502758 -0.35464718937873835 -0.38365557789802546 -0.29457275569438929 0.73186674714088451 0.35724179446697241 0.41666667163372045
decision_type=2 2 2 2 2 2 2 2 2 2 2 2 2 2
left_child=1 2 4 -4 -1 -3 -5 -6 9 13 -10 -12 -13 -2
right_child=8 5 3 6 7 -7 -8 -9 10 -11 11 12 -14 -15
leaf_value=-0.0094022865442088509 -0.0020227662408114559 -0.02529452910444176 0.012388769119007104 -0.019042419495105219 0.03171994457960145 0.0089535792539758973 0.010701136830905844 -0.0057192862369223173 -0.015202836971699642 0.029141238495462508 0.020530473744262111 -0.020917595202592867 0.0008140926342065732 0.013009742304156467
leaf_weight=2.2922371948880018 225.70948980883441 16.351068496094744 7.1753121232704862 20.927443281592794 6.5467120698795025 1.5941058751413937 2.3367269594855307 2.2013357842643018 46.390264482208295 19.507214521167043 22.987013175159518 30.374872157046411 480.27000193073764 58.646629275819578
leaf_count=3423 46039 11771 15644 51711 2954 381 1199 771 5107 2583 4516 2858 23446 2503
internal_value=0.000192311 -0.0067319 0.00185252 -0.00603705 0.0161358 -0.0201369 -0.013736 0.0242733 0.000727938 0.00406599 -0.00106008 0.000426426 -0.000855516 0.00141424
internal_weight=943.31 59.4249 41.4798 30.4395 11.0403 17.9452 23.2642 8.74805 883.885 303.863 580.022 533.632 510.645 284.356
internal_count=174906 87854 75702 68554 7148 12152 52910 3725 87052 51125 35927 30820 26304 48542
is_linear=0
shrinkage=0.05


Tree=236
num_leaves=15
num_cat=0
split_feature=36 5 30 31 26 27 33 45 28 7 43 9 45 31
split_gain=1.44191 6.45193 3.85326 3.7733 7.33461 6.28553 4.77772 4.58129 5.92869 8.38315 4.48884 4.73718 4.4329 4.37224
threshold=-0.57141563296318043 0.61250001192092907 0.77723839879035961 0.60922586917877208 3.113268375396729 0.60943254828453075 0.67873525619506847 0.99417096376419078 0.20734438300132754 0.39415280520915991 2.5000000000000004 1.4978661537170412 0.99083778262138378 0.20864427834749225
decision_type=2 2 2 2 2 2 2 2 2 2 2 2 2 2
left_child=2 -2 3 5 -5 6 -1 8 10 13 -8 -12 -6 -10
right_child=1 -3 -4 4 12 -7 7 -9 9 -11 11 -13 -14 -15
leaf_value=-0.018593423623610422 -0.013705821586493794 0.00081364398051055747 0.020397569408849028 0.0071864476244812778 -0.0024191134465850967 0.025496552078575853 0.023160903755429806 0.015415516558030487 -0.013487754650472758 -0.023935819455338469 -0.017959862029379499 0.016357634233207859 -0.031598158064915997 0.02203153723815568
leaf_weight=16.422775110315342 78.250711798678822 568.55810424697484 18.961513938815187 44.037335106249884 25.522430781515141 21.890024275860924 20.793923586417804 49.148469493209632 5.3173670767828325 36.372068594626398 14.3633674115099 7.5457265664954312 21.045398062435197 14.288677077456667
leaf_count=22746 23312 72807 1837 8658 2462 4404 310 14260 274 14909 2778 1273 3507 1369
internal_value=0.000197569 -0.00112485 0.00303228 0.00117264 -0.00674492 0.00517392 0.00115775 0.004391 -0.00201299 -0.0118438 0.010676 -0.00471828 -0.0188607 0.0110964
internal_weight=942.518 646.809 295.709 276.748 90.6052 186.142 164.252 147.83 98.6811 55.9781 42.703 21.9091 46.5678 19.606
internal_count=174906 96119 78787 76950 14627 62323 57919 35173 20913 16552 4361 4051 5969 1643
is_linear=0
shrinkage=0.05


Tree=237
num_leaves=15
num_cat=0
split_feature=27 1 3 2 27 28 28 41 1 11 44 8 45 47
split_gain=1.46379 6.34568 13.2979 5.50335 4.68922 4.48923 5.38205 4.40838 4.07268 5.33938 4.24092 4.0739 3.89925 3.97544
threshold=0.95861870050430309 1.0000000180025095e-35 0.78532448410987865 0.53876203298568737 0.84028983116149913 0.72850123047828685 0.85857143998146068 0.0079612196423113363 1.0000000180025095e-35 0.57906645536422741 0.99904748797416698 1.2424533367156985 0.5520123839378358 -0.018191113136708733
decision_type=2 2 2 2 2 2 2 2 2 2 2 2 2 2
left_child=1 2 3 4 -1 7 -7 -6 10 -10 11 12 13 -2
right_child=8 -3 -4 -5 5 6 -8 -9 9 -11 -12 -13 -14 -15
leaf_value=-0.00052894024630180587 0.022745031749648092 -0.021093781206356587 0.022200677771635258 -0.013215235222198916 -0.0083482195428419836 -0.0087936053335579949 0.018407916091999797 0.035666863721799717 -0.0011902156079988233 0.019992093674032083 0.0142951266715017 0.0095623169814512757 -0.01677046737561742 -0.0095505170960657523
leaf_weight=371.70773601431392 6.4954927571525358 19.203277941171109 66.780409213117309 59.668065372750789 3.0945270347820069 32.577788817588953 22.144744935987546 16.583871503302362 166.79747125332506 25.961928850330878 10.660769022293605 15.232085980907867 111.32921396398524 13.589927929799158
leaf_count=91010 1664 6083 5050 9077 6724 7566 2147 288 23817 3437 1576 1312 14138 1017
internal_value=0.000191675 0.00169859 0.002812 -0.000128791 0.00187291 0.0125135 0.00335749 0.0282646 -0.00233207 0.00250803 -0.00805838 -0.0104922 -0.0133286 0.0049823
internal_weight=941.827 591.76 572.557 505.777 446.109 74.4009 54.7225 19.6784 350.067 192.759 157.307 146.647 131.415 20.0854
internal_count=174906 127945 121862 116812 107735 16725 9713 7012 46961 27254 19707 18131 16819 2681
is_linear=0
shrinkage=0.05


Tree=238
num_leaves=15
num_cat=0
split_feature=41 40 43 44 30 8 7 44 26 46 27 3 41 37
split_gain=1.40426 1.62647 3.55085 4.84462 3.51821 5.68827 4.83046 3.02512 4.01182 3.24935 3.37485 2.8748 2.71432 3.16987
threshold=2.6785526642925109e-05 0.37407495081424719 5.5000000000000009 0.99691244959831249 0.70064935088157665 1.0000000180025095e-35 0.34654632210731512 0.99590343236923229 3.1567740440368657 0.99578455090522777 0.12599206715822223 0.74823525547981273 0.0022219362435862426 -0.24996568262577054
decision_type=2 2 2 2 2 2 2 2 2 2 2 2 2 2
left_child=-1 2 4 -4 6 11 -2 8 -8 10 -9 -6 13 -3
right_child=1 12 3 -5 5 -7 7 9 -10 -11 -12 -13 -14 -15
leaf_value=-0.015283317731100525 -0.014038479704413293 -0.026136862813416678 -0.0084549814860047905 0.031048079248005823 -0.0047936742291054659 -0.019319372704521366 -0.016226710810227078 -0.0013420092346700697 0.012368517909256652 -0.0027309290379612136 0.03239901126011914 0.022866306488902321 4.4276948419762621e-05 0.0062431333114763687
leaf_weight=4.401989151041561 13.109305566453257 10.877524080971854 6.2133390567505584 14.467211741135541 13.843747941136828 31.195575847243163 12.061864488889116 8.4320350291673076 17.632073349690472 10.961916894386375 24.865917390794493 8.0165159144198679 758.10160121173249 6.8563206111357422
leaf_count=99906 1612 18770 9364 11460 881 1139 2184 186 1183 4614 408 248 20182 2769
internal_value=0.00021538 0.0004489 0.00486753 0.0202922 0.00139087 -0.00790094 0.00728389 0.0122855 -0.00040872 0.0193078 0.0255182 0.00934305 -0.000517192 -0.0158808
internal_weight=941.037 936.635 160.8 20.6806 140.119 53.0558 87.0631 73.9538 29.6939 44.2599 33.298 21.8603 775.835 17.7338
internal_count=174906 75000 33279 20824 12455 2268 10187 8575 3367 5208 594 1129 41721 21539
is_linear=0
shrinkage=0.05


Tree=239
num_leaves=15
num_cat=0
split_feature=35 35 12 11 11 9 7 43 44 40 39 3 3 6
split_gain=1.38442 6.21112 4.45292 4.77902 6.16309 6.22116 3.7422 3.23486 7.64879 4.90184 4.53963 3.24386 3.0962 3.06585
threshold=0.25833334028720861 0.19090909510850909 0.81534090638160717 0.60025125741958629 0.35724179446697241 2.8029010295867924 0.47114317119121557 3.5000000000000004 0.99645903706550609 0.41576759517192846 0.29166667163372045 0.78532448410987865 0.90063387155532848 0.78319624066352855
decision_type=2 2 2 2 2 2 2 2 2 2 2 2 2 2
left_child=1 2 3 4 5 7 -6 9 -9 11 12 13 -11 -1
right_child=-2 -3 -4 -5 6 -7 -8 8 -10 10 -12 -13 -14 -15
leaf_value=0.0099091313146037405 -0.0011496471612255528 0.033738829438878251 0.023574527972731595 -0.015766994769992094 -0.01036571983032885 -0.020034117579219236 0.02357275383240981 -0.01571163272508001 0.020469452238850341 -0.031020041242424409 0.0015104265658924269 0.023361724488507964 -0.0044089259063094495 -0.015725430001716098
leaf_weight=18.219596647006259 628.35006141239683 5.5270718274987294 10.898665621843973 33.071460284405475 3.9925202072372477 27.194079171702469 33.488434946159032 11.839812103544316 43.110727033174044 15.995172721253764 57.837373918235244 15.857756100398545 25.703712001064559 9.9080337783670966
leaf_count=925 112775 9090 308 1792 1412 8095 6752 13093 18986 225 730 231 218 274
internal_value=0.000201728 0.00286916 0.00126721 -0.000296592 0.00215373 -0.00123825 0.0185358 0.00217457 0.011455 -0.00189336 -0.00786336 0.0105705 -0.0186423 -0.00087681
internal_weight=940.994 312.644 307.117 296.219 263.147 225.666 37.481 198.472 54.9505 143.522 99.5363 43.9854 41.6989 28.1276
internal_count=174906 62131 53041 52733 50941 42777 8164 34682 32079 2603 1173 1430 443 1199
is_linear=0
shrinkage=0.05


Tree=240
num_leaves=15
num_cat=0
split_feature=37 43 26 22 53 14 26 26 45 12 53 35 51 44
split_gain=1.39662 5.98475 3.25729 2.81974 3.12449 9.81854 5.4241 5.36305 5.44076 5.56459 6.02315 5.16632 4.83596 5.79668
threshold=-0.84475931525230397 3.5000000000000004 3.113268375396729 0.78660714626312267 0.99715062975883495 0.64583334326744091 3.0201274156570439 2.9700856208801274 0.99553027749061596 0.60434782505035411 0.99670207500457775 0.34313726425170904 2.5000000000000004 0.99677482247352611
decision_type=2 2 2 2 2 2 2 2 2 2 2 2 2 2
left_child=1 2 -1 4 7 11 -7 12 -9 10 -10 -6 -2 -14
right_child=3 -3 -4 -5 5 6 -8 8 9 -11 -12 -13 13 -15
leaf_value=-0.02790266540314745 0.024755725008960377 0.0098015511434733169 0.0028335793507915617 0.010015155168145636 -0.0016175647480263775 -0.0066088078927386135 0.016734930578910536 -0.0023156154653223506 0.024517556728636439 -0.0055482924313523972 -0.013756392759808583 -0.022593244088880918 -0.016732137716016577 0.015271597864098794
leaf_weight=19.352914756673275 34.289435639160729 23.108216755870671 9.7945192367114924 64.537250176887028 50.593320599893559 36.053823922629817 48.271001371949751 467.1679644793312 49.604739029100529 29.715109074040811 5.7072619144946648 65.819666731902544 16.830824051899981 19.934916827445704
leaf_count=285 2794 18697 226 603 21946 3605 3970 81896 12968 1387 2415 19058 2143 2913
internal_value=0.00020245 -0.00704231 -0.0194888 0.000702161 -0.000138602 -0.00541064 0.0071116 0.00161805 -0.000142302 0.0107857 0.0190667 -0.0143263 0.0136282 0.000175705
internal_weight=940.781 52.2557 29.1474 888.525 823.988 200.738 84.3248 623.25 552.195 85.0271 55.312 116.413 71.0552 36.7657
internal_count=174906 19208 511 155698 155095 48579 7575 106516 98666 16770 15383 41004 7850 5056
is_linear=0
shrinkage=0.05


Tree=241
num_leaves=15
num_cat=0
split_feature=16 36 28 36 5 30 52 6 45 44 50 7 31 6
split_gain=1.39065 3.15572 1.94006 1.75051 7.02607 3.41127 3.50811 4.69316 4.78994 6.27496 5.59986 5.34776 4.6105 4.32059
threshold=1.0000000180025095e-35 -0.62496271729469288 0.23606811463832858 -0.57141563296318043 0.61250001192092907 0.77723839879035961 0.0064675216563045987 0.11852502077817918 0.99396035075187694 0.99883729219436657 2.5000000000000004 0.31311275064945226 0.20864427834749225 0.18301435559988025
decision_type=2 2 2 2 2 2 2 2 2 2 2 2 2 2
left_child=3 2 -2 5 -5 6 -1 -8 11 10 -10 12 -9 -13
right_child=1 -3 -4 4 -6 -7 7 8 9 -11 -12 13 -14 -15
leaf_value=0.021149966515630458 0.010126496081418707 0.024642048137119416 -0.017571907608133441 -0.014888457320928286 0.00045595689458726861 0.019517808828200634 -0.012126474326481465 -0.0074846104247032379 -0.010271771251609829 -0.00499200878931915 0.026808624461818684 0.012939694350746288 0.029243325251418369 -0.012048881891497932
leaf_weight=10.556562067351477 2.6293054322504759 7.1491066138732986 4.6762522949848062 75.904607217666126 563.01555556549283 18.537010529298641 54.370950269289096 8.83604998957526 6.9118053241363659 31.633475223210553 45.463948193384567 12.457954298624825 11.084945024886109 87.260625812181388
leaf_count=4073 207 815 1039 23170 72176 1815 6077 882 2836 10703 17825 716 1247 31325
internal_value=0.0001954 0.0119646 -0.00751199 -0.000114168 -0.00156832 0.00306567 0.00127029 -0.000301839 0.00327497 0.011758 0.021053 -0.00312921 0.0158956 -0.00803221
internal_weight=940.488 14.4547 7.30556 926.033 638.92 287.113 268.576 258.02 203.649 84.0092 52.3758 119.64 19.921 99.7186
internal_count=174906 2061 1246 172845 95346 77499 75684 71611 65534 31364 20661 34170 2129 32041
is_linear=0
shrinkage=0.05


Tree=242
num_leaves=15
num_cat=0
split_feature=47 11 45 37 37 37 32 11 45 9 29 48 37 47
split_gain=1.47703 3.15493 2.23742 2.04198 7.61038 4.65929 5.29166 6.42109 4.61984 3.89179 6.14959 5.86834 7.02296 3.81917
threshold=-0.98893108963966359 0.48093420267105108 0.99849528074264537 -0.35464718937873835 -0.38365557789802546 -0.29457275569438929 0.73186674714088451 0.35724179446697241 0.99235120415687572 1.4978661537170412 0.76388889551162731 3.5000000000000004 -0.71874341368675221 -0.73538130521774281
decision_type=2 2 2 2 2 2 2 2 2 2 2 2 2 2
left_child=1 2 -1 4 9 -5 -7 -8 -6 10 13 -11 -13 -2
right_child=3 -3 -4 5 8 6 7 -9 -10 11 -12 12 -14 -15
leaf_value=-0.018528981066244631 -0.015571408984511079 0.007298784650175901 0.005652993670545569 -0.014683898572152751 0.039076719521901643 0.019882467573894957 -0.020003201914749781 0.00080786385757535082 -0.0034634314165635539 -0.016538851406207405 0.011419205432279577 -0.01326463232749797 0.021820204778530597 0.0061901464077874077
leaf_weight=32.433994059036195 36.529435309792461 19.602475248837436 7.3064000470676538 46.124537406312811 12.801899101159508 22.94017700540644 30.122148736711097 478.80120996226105 6.76135594327934 51.144866243275828 128.49365267741814 16.817910789317466 22.027647914808767 28.13734658451358
leaf_count=69976 15827 8564 9314 5107 2376 4516 2858 23446 207 11501 8425 1190 1336 10263
internal_value=0.000219584 -0.006812 -0.0138404 0.000764541 0.0040224 -0.000981111 0.000456287 -0.000785639 0.0281759 0.00144939 0.00538015 -0.0066821 0.00702459 -0.00654177
internal_weight=940.045 59.3429 39.7404 880.702 302.714 577.988 531.864 508.923 19.5633 283.151 193.16 89.9904 38.8456 64.6668
internal_count=174906 87854 79290 87052 51125 35927 30820 26304 2583 48542 34515 14027 2526 26090
is_linear=0
shrinkage=0.05


Tree=243
num_leaves=15
num_cat=0
split_feature=28 30 30 26 31 5 34 11 13 33 26 45 28 33
split_gain=1.4257 5.93467 5.18136 4.60237 4.14773 8.46374 3.31198 5.5085 7.19449 4.07063 3.62167 6.17275 4.87719 4.52377
threshold=0.68457102775573742 0.84273937344551098 0.68457102775573742 3.0677825212478642 0.74133810400962841 0.61250001192092907 0.26709130406379705 0.36376661062240606 0.67543861269950878 0.74007874727249157 3.0201274156570439 0.99144393205642711 0.25143678486347204 0.963188797235489
decision_type=2 2 2 2 2 2 2 2 2 2 2 2 2 2
left_child=1 6 3 -2 -4 -6 -1 9 -9 -8 11 -10 -13 -12
right_child=2 -3 4 -5 5 -7 7 8 10 -11 13 12 -14 -15
leaf_value=0.023978387872415029 0.002123996675269376 0.033172798125111633 0.020198981862095761 -0.026649252043643903 -0.019871426161348679 0.0013005237384043997 -0.021399425872054602 0.019839065998710215 -0.023408648862162942 0.0044831175034209083 -0.0018952740579844087 -0.013121863221242215 0.016794558933395255 0.014983602693286939
leaf_weight=5.4080403872376328 20.552839594723991 5.3366265847580499 14.817835069576175 25.570398169233158 42.115274405550736 492.14001268102402 34.740036774883265 42.912459595663677 29.656114573268496 18.499195693571892 124.11761967681196 14.834739883368455 21.003729831054443 47.128648372661701
leaf_count=2261 3818 368 3682 5643 8798 63380 46413 14175 1725 7373 12356 975 2414 1525
internal_value=0.000213246 0.00273339 -0.00126289 -0.0157338 0.000212379 -0.000702905 0.00131459 0.000257839 0.0031695 -0.0131192 -0.000533664 -0.00971567 0.00425005 0.00332036
internal_weight=938.834 343.637 595.196 46.1232 549.073 534.255 338.301 332.893 279.653 53.2392 236.741 65.4946 35.8385 171.246
internal_count=174906 89585 85321 9461 75860 72178 89217 86956 33170 53786 18995 5114 3389 13881
is_linear=0
shrinkage=0.05


Tree=244
num_leaves=15
num_cat=0
split_feature=27 1 3 2 27 2 5 3 1 11 44 8 45 22
split_gain=1.44827 5.9626 11.7973 5.02639 4.58014 4.14895 5.42772 3.90329 3.75683 5.03175 3.93003 3.8666 3.65102 3.78613
threshold=0.95861870050430309 1.0000000180025095e-35 0.78532448410987865 0.53876203298568737 0.84028983116149913 0.42905081808567053 0.61250001192092907 0.86487466096878063 1.0000000180025095e-35 0.57906645536422741 0.99904748797416698 1.2424533367156985 0.5520123839378358 0.88273492455482494
decision_type=2 2 2 2 2 2 2 2 2 2 2 2 2 2
left_child=1 2 3 4 -1 -6 -7 -3 10 -10 11 12 -2 -14
right_child=8 7 -4 -5 5 6 -8 -9 9 -11 -12 -13 13 -15
leaf_value=-0.00044904756987340709 0.0047888661985681907 -0.032468598444146235 0.021058019996411367 -0.012516872787473932 0.023684959341013143 -0.018955013545488272 0.011902814979326206 0.003944030300508947 -0.0012260207163771037 0.019388829075598617 0.013725394299570355 0.0093957027616452526 -0.018265939832282092 0.01291503367870123
leaf_weight=370.78845967930647 20.142637280630879 10.499607527730406 66.745264178664002 59.420266423971043 31.649220918188803 12.075527238241191 30.29775528042228 8.4502465638124686 165.86543811271804 25.773202537180623 10.665095391610519 15.183453572970391 107.33867949971864 3.671631943434476
leaf_count=91010 2681 4652 5050 9077 7721 2893 6111 1431 23817 3437 1576 1312 14119 19
internal_value=0.00021811 0.0017186 0.00279506 1.50869e-05 0.00192758 0.012469 0.00116882 -0.0204777 -0.00229797 0.00237051 -0.00779711 -0.0101433 -0.0129107 -0.0162526
internal_weight=938.566 589.926 570.976 504.231 444.811 74.0225 42.3733 18.9499 348.64 191.639 157.001 146.336 131.153 111.01
internal_count=174906 127945 121862 116812 107735 16725 9004 6083 46961 27254 19707 18131 16819 14138
is_linear=0
shrinkage=0.05


Tree=245
num_leaves=15
num_cat=0
split_feature=44 14 53 45 47 7 7 4 23 9 39 39 37 8
split_gain=1.40214 1.93374 1.78237 2.26707 2.24128 2.66519 4.73754 4.72146 4.12283 5.61631 3.96723 3.57699 3.10473 3.02978
threshold=0.2525289803743363 0.64583334326744091 0.018562968820333484 0.034166395664215095 -0.040340011939406388 0.82426470518112194 0.91578015685081493 0.5634920895099641 0.34615947306156164 1.2424533367156985 0.29166667163372045 0.41666667163372045 -0.63578480482101429 1.2424533367156985
decision_type=2 2 2 2 2 2 2 2 2 2 2 2 2 2
left_child=1 -1 -2 -4 -5 8 10 11 9 -6 -7 -8 -9 -10
right_child=2 -3 3 4 5 6 7 12 13 -11 -12 -13 -14 -15
leaf_value=-0.017566876909926834 0.012611477265006416 0.0084058088589670579 -0.014343817840417659 -0.00056405553897131749 -0.022212128656616651 -0.0063632740723630551 0.0072683607437487099 -0.010118334454457126 0.020895585571784163 0.01221236002966168 0.029994062041766464 -0.022351521039091316 0.018489044911458804 -0.010978246123537941
leaf_weight=13.211050185627757 19.643660734085643 3.3930497922010536 16.221900937012833 740.75114311925063 24.722868116028621 5.5878169031038842 10.415218713336801 5.5756448099964464 14.241591676298414 10.23905664686208 26.520911612817144 16.159658621647395 27.805001558212098 3.4851373186793344
leaf_count=8099 9916 384 3961 140867 1498 237 574 109 823 874 1753 681 4945 185
internal_value=0.000226557 -0.0110948 0.000547513 0.000149262 0.000571978 0.00604624 0.01079 0.00150175 -0.00264168 -0.0116566 0.0236583 -0.0119296 0.0124797 0.0129297
internal_weight=937.974 16.6041 921.37 901.726 885.504 144.753 92.0643 59.9555 52.6887 34.9619 32.1087 26.5749 33.3806 17.7267
internal_count=174906 8483 166423 156507 152546 11679 8299 6309 3380 2372 1990 1255 5054 1008
is_linear=0
shrinkage=0.05


Tree=246
num_leaves=15
num_cat=0
split_feature=6 2 12 13 43 9 52 52 49 26 8 20 53 33
split_gain=1.38468 5.5245 4.60438 5.13009 4.43103 3.88028 3.57013 5.21747 4.23669 4.98551 4.43998 6.79706 4.25088 3.87574
threshold=0.83424907922744762 0.70389267802238475 0.67424243688583385 0.72474747896194469 1.5000000000000002 1.2424533367156985 0.087898951023817076 0.99053487181663524 3.5000000000000004 2.9700856208801274 1.4978661537170412 0.19482700526714328 0.44686762988567358 0.86807078123092662
decision_type=2 2 2 2 2 2 2 2 2 2 2 2 2 2
left_child=1 -1 3 6 -4 -6 -2 13 12 -10 11 -11 -9 -8
right_child=2 -3 4 -5 5 -7 7 8 9 10 -12 -13 -14 -15
leaf_value=0.0007653623068206146 -0.017412788069865869 0.026917180059032226 0.0067156505031976017 0.013690624906043858 -0.034164089059986864 0.0027077616139245734 0.014644355774805929 0.0065436978523941043 -0.014883261870571549 0.026987942055392934 -0.010458570773383691 -0.0079572944417743707 -0.01740284020452269 -0.01024502175829442
leaf_weight=574.62282913178205 26.547037742322573 10.96133705149259 10.17559734295355 46.411610701950849 18.304741433181338 7.6937301269499576 61.090734253613846 18.252181598552852 19.185848838351376 32.086876978433793 13.456005886448109 15.223453306170994 70.968006983357554 12.353726751112843
leaf_count=129849 4669 839 1986 2554 754 592 9746 2410 1669 4745 4722 714 9295 362
internal_value=0.000218808 0.00169862 -0.00222359 -6.38278e-05 -0.0169706 -0.0255315 -0.00284095 -0.000620327 -0.00540691 0.00283963 0.00974773 0.0163169 -0.0123382 0.00973179
internal_weight=937.334 585.584 351.75 315.575 36.1741 25.9985 269.164 242.617 169.172 79.9522 60.7663 47.3103 89.2202 73.4445
internal_count=174906 130688 44218 40886 3332 1346 38332 33663 23555 11850 10181 5459 11705 10108
is_linear=0
shrinkage=0.05


Tree=247
num_leaves=15
num_cat=0
split_feature=47 47 40 50 9 52 43 44 37 37 37 32 11 9
split_gain=1.37554 3.0614 3.09632 2.85792 2.92018 2.47241 2.43427 2.60239 1.98309 7.16395 4.26962 5.02218 5.81675 3.52882
threshold=-0.98893108963966359 -0.99218833446502674 0.31423592567443853 2.5000000000000004 0.89587974548339855 0.99903082847595226 8.5000000000000018 0.99926960468292247 -0.35464718937873835 -0.38365557789802546 -0.29457275569438929 0.73186674714088451 0.35724179446697241 1.4978661537170412
decision_type=2 2 2 2 2 2 2 2 2 2 2 2 2 2
left_child=1 2 3 -1 -5 -3 7 -6 9 13 -10 -12 -13 -2
right_child=8 5 -4 4 6 -7 -8 -9 10 -11 11 12 -14 -15
leaf_value=-0.011397812123032368 0.0051793323627697656 -0.024746687558880417 -0.011835724984742866 -0.0055433334474323907 0.035454325348200089 0.0087654208456537167 -0.0067306891402225391 -0.0062831755019230814 -0.014138646092818299 0.027343392863980766 0.019305248061569295 -0.019172975107503355 0.00068852564043844766 -0.0063396518827667503
leaf_weight=4.0749286269201574 192.36328345981747 15.832664379306154 15.911907594803777 6.4687916009206701 12.25558313311012 1.6062628794570617 1.548160243906749 1.2802650924986654 45.895400860959853 19.636866641933011 22.949636130595536 29.894249446235335 478.19940020374634 89.354712824755552
leaf_count=8264 34515 11771 24067 19091 3743 381 20238 299 5107 2583 4516 2858 23446 14027
internal_value=0.000200766 -0.00660331 0.00159202 0.0109111 0.0174045 -0.0195904 0.0255324 0.0305143 0.000726862 0.003946 -0.000993184 0.000383236 -0.00082756 0.00143369
internal_weight=937.272 58.9786 41.5396 25.6277 21.5528 17.4389 15.084 13.5358 878.294 301.355 576.939 531.043 508.094 281.718
internal_count=174906 87854 75702 51635 43371 12152 24280 4042 87052 51125 35927 30820 26304 48542
is_linear=0
shrinkage=0.05


Tree=248
num_leaves=15
num_cat=0
split_feature=26 45 36 28 28 30 30 28 30 7 45 40 53 40
split_gain=1.3502 2.53207 2.23657 2.03619 1.93761 5.96544 4.77901 4.55909 3.37689 6.96543 7.08233 4.63306 4.38134 3.66536
threshold=2.9174053668975835 0.99612250924110424 -0.2962783128023147 0.92718276381492626 0.68457102775573742 0.81173768639564525 0.68457102775573742 0.77694860100746166 0.78830561041831981 0.90661337971687328 0.98186403512954723 0.76933658123016369 0.9984971582889558 0.51147934794425975
decision_type=2 2 2 2 2 2 2 2 2 2 2 2 2 2
left_child=1 2 -1 -4 5 -2 7 -6 9 10 -8 12 -12 -11
right_child=4 -3 3 -5 6 -7 8 -9 -10 13 11 -13 -14 -15
leaf_value=0.023102075189915708 0.00097971558681888399 -0.0041823695510723909 -0.012629748743791545 0.011927672331659353 -0.028536640508843372 0.029333083780054305 -0.0164969898312987 0.00085566800672251151 -0.0028319094252167547 9.2610714728953968e-06 0.024346228410274746 -0.012949317018957025 -0.008718086571826501 0.032288864889239037
leaf_weight=17.377238822924486 320.33914774570985 24.434783508668261 7.3309633810276846 6.4940204663325858 21.514387548997547 9.750680400469717 34.708202520889245 21.721518520176687 393.39920009523303 12.381069236269466 30.163778563501182 9.1470116489217599 7.65646172794004 20.405097649636446
leaf_count=2573 85009 3916 394 413 4701 762 5779 4414 53199 3309 7286 457 1997 697
internal_value=0.000184928 0.00710425 0.0148128 -0.000929715 -0.000326763 0.00265514 -0.00212832 -0.0163831 -0.000621831 0.00659133 -0.00176258 0.0101105 0.0172292 0.0229503
internal_weight=936.824 55.637 31.2022 13.825 881.187 330.09 551.097 43.2359 507.861 114.462 81.6755 46.9673 37.8202 32.7862
internal_count=174906 7296 3380 807 167610 85771 81839 9115 72724 19525 15519 9740 9283 4006
is_linear=0
shrinkage=0.05


Tree=249
num_leaves=15
num_cat=0
split_feature=42 39 46 45 39 8 37 53 30 23 36 27 53 6
split_gain=1.32876 1.68559 3.30196 3.18036 3.0831 6.52274 3.08116 3.04288 8.10352 4.37137 7.44797 5.21536 8.1517 4.78089
threshold=20.500000000000004 0.13392857462167743 0.51271736621856701 0.99493819475173961 0.18333333730697635 1.7005987167358401 -0.84475931525230397 0.18433526158332827 0.47413024306297308 0.15090835094451907 -0.25262841582298273 0.83935481309890758 0.99730008840560924 0.79388421773910534
decision_type=2 2 2 2 2 2 2 2 2 2 2 2 2 2
left_child=1 2 3 -1 5 -3 -6 8 -8 13 11 -11 -13 -9
right_child=-2 4 -4 -5 6 -7 7 9 -10 10 -12 12 -14 -15
leaf_value=0.0028932012662038521 -0.014954336388844403 -0.016031637639956148 0.0083801491641352279 -0.025993577485355159 -0.012917894694196181 0.021909296066233243 0.017504625287546 0.021778840517644418 -0.01701329337413636 -0.0019969236801478862 -0.013353757576626577 0.021126565107546014 -0.0062754982525359965 0.0038998406660196664
leaf_weight=20.014299459300677 4.2643419891028307 56.416693991954162 125.93763975269576 5.6363077913410953 30.824976618172514 4.6398306513146954 14.38090016013666 37.927616743370891 52.081695331435185 198.53648254943437 83.318368503540114 64.169752310663171 36.930717034112604 201.63315976464764
leaf_count=2331 94006 9150 32478 150 2008 988 805 3613 3545 6537 2892 1901 1775 12727
internal_value=0.00019481 0.000422031 0.00507197 -0.00896496 -0.00053338 -0.0104708 0.000441477 0.00121544 -0.00823194 0.00233828 -0.000992845 0.00276455 0.011453 0.00748973
internal_weight=936.713 932.448 151.588 25.6506 780.86 61.0565 719.804 688.979 66.4626 622.516 382.955 299.637 101.1 239.561
internal_count=174906 80900 34959 2481 45941 10138 35803 33795 4350 29445 13105 10213 3676 16340
is_linear=0
shrinkage=0.05


Tree=250
num_leaves=15
num_cat=0
split_feature=47 11 45 53 26 35 26 8 52 45 8 40 8 26
split_gain=1.38956 2.87426 2.07845 2.01283 2.15894 2.05646 2.00821 3.06494 3.83012 2.80858 2.37575 2.35269 4.02806 4.72484
threshold=-0.98893108963966359 0.48093420267105108 0.99849528074264537 0.9950985610485078 3.113268375396729 0.19090909510850909 3.5114340782165532 2.1383330821990971 0.99808594584465038 0.010874516330659391 3.3842465877532963 0.37204407155513769 0.89587974548339855 3.1567740440368657
decision_type=2 2 2 2 2 2 2 2 2 2 2 2 2 2
left_child=1 2 -1 4 -3 -5 7 9 10 -2 -9 12 13 -11
right_child=6 3 -4 5 -6 -7 -8 8 -10 11 -12 -13 -14 -15
leaf_value=-0.018026853274199107 -0.018297730888293614 0.028606542953174705 0.0053322364196646023 0.012978866942342723 -0.0055252063379274676 -0.012959615997693234 -0.013858396579992863 0.024797419517605362 -0.0093263250745483847 0.0033661273853964196 -0.0048960035953392886 -0.00025283862305775791 -0.0063546118250770462 0.028994142323875871
leaf_weight=31.798693520851884 9.716420135322549 3.3219645970639275 7.3754427348121672 2.5851210172040711 2.9312622921352158 10.945452176518302 13.101232231319953 26.013068866206599 8.4097660311817872 50.651216571633995 4.7007179581723895 714.19948843024213 30.211196835271039 20.849629704402105
leaf_count=69976 7462 1608 9314 1410 1203 4343 2440 3524 461 27153 944 28314 6076 10678
internal_value=0.000178631 -0.00666067 -0.013439 0.00676687 0.0190514 -0.00459421 0.000707815 0.0010844 0.0132189 0.000358078 0.0201665 0.0007991 0.00754701 0.0134798
internal_weight=936.811 58.9579 39.1741 19.7838 6.25323 13.5306 877.853 864.752 39.1236 825.628 30.7138 815.912 101.712 71.5008
internal_count=174906 87854 79290 8564 2811 5753 87052 84612 4929 79683 4468 72221 43907 37831
is_linear=0
shrinkage=0.05


Tree=251
num_leaves=15
num_cat=0
split_feature=32 12 28 48 3 53 44 7 37 33 32 47 47 45
split_gain=1.34407 4.83085 4.10613 2.98208 5.37612 2.89998 2.67251 3.78361 6.33847 5.05573 4.44168 4.0887 3.60517 3.72336
threshold=0.91693207621574413 0.58578431606292736 0.28035087883472448 2.5000000000000004 0.59111627936363231 0.93642082810401928 0.93985751271247875 0.93377193808555614 -0.034045776352286332 0.91268652677536022 0.94761785864830028 -0.9885924458503722 -0.59098532795906056 0.97428414225578319
decision_type=2 2 2 2 2 2 2 2 2 2 2 2 2 2
left_child=-1 2 5 -4 -5 -2 -3 8 9 10 -8 -12 13 -10
right_child=1 6 3 4 -6 -7 7 -9 12 -11 11 -13 -14 -15
leaf_value=-0.0012832757571108668 0.012038180306124715 -0.014358078037980927 0.00092265722879295064 0.043751127050411766 0.0053387645779518498 -0.01451249645411418 0.0046058219394596754 -0.0096221264214761473 -0.013812859091981015 0.0067390758548642035 0.01069711564636283 -0.030262515352954895 0.019054483604546382 0.0087710006913237094
leaf_weight=585.94019724527607 8.7438880911704491 21.189732549490145 15.632730625047769 13.127687854967006 20.350352733425098 13.47710365838793 14.328578122675024 53.840659675128336 16.037254627790389 35.006183830289956 2.1295760640314247 26.760264309119524 57.890355072326201 52.13416529326787
leaf_count=154273 921 724 1279 1724 966 2347 1015 3887 388 1716 565 914 2851 1336
internal_value=0.000176641 0.00258413 0.0133094 0.0202594 0.0269997 -0.00357125 -0.000520244 0.00110884 0.00425408 -0.00643078 -0.01636 -0.025269 0.0108697 0.00237081
internal_weight=936.589 350.649 71.3318 49.1108 33.478 22.221 279.317 258.127 204.286 78.2246 43.2184 28.8898 126.062 68.1714
internal_count=174906 20633 7237 3969 2690 3268 13396 12672 8785 4210 2494 1479 4575 1724
is_linear=0
shrinkage=0.05


Tree=252
num_leaves=15
num_cat=0
split_feature=26 9 9 33 40 8 40 45 33 40 40 27 26 34
split_gain=1.31453 4.29239 2.72959 3.15414 1.92407 6.66286 4.73659 5.78343 6.73306 4.97179 5.8462 5.22026 4.40344 4.34433
threshold=3.4175922870635991 3.6242519617080693 4.7228643894195566 0.95011311769485485 0.70066976547241222 1.0000000180025095e-35 0.64166897535324108 0.99519836902618419 0.69399762153625499 0.58540308475494396 0.50879037380218517 0.84561213850975048 3.0677825212478642 0.9145072102546693
decision_type=2 2 2 2 2 2 2 2 2 2 2 2 2 2
left_child=1 4 3 -2 6 -6 9 8 -8 10 -1 -12 13 -11
right_child=2 -3 -4 -5 5 -7 7 -9 -10 12 11 -13 -14 -15
leaf_value=-0.00080253822570271356 -0.01991384932870462 0.019387237505367912 0.010114014126100407 0.010302616340211564 -0.011708634857211991 0.0055080099299993556 -0.010907922207606014 -0.0075874607617622191 0.029750702799142516 -0.013493866564853707 0.0003101332860001407 0.024804505321666406 -0.024241382969437075 0.017307017308212515
leaf_weight=475.9362686110253 25.986392068321951 19.450109381687071 8.3256499337803671 4.538672543494612 115.33429770186194 93.662604943936458 7.469926153542473 17.935109352285508 35.842596020549536 13.669238006488742 41.619227065417363 36.163952167982643 27.900897271989379 12.27743225393351
leaf_count=141211 8381 5640 3060 222 4101 6148 169 667 826 377 983 2156 651 314
internal_value=0.000182611 0.000610922 -0.00780941 -0.0139874 -1.8799e-05 -0.00409375 0.00129613 0.0134928 0.0220078 -0.000131975 0.00136788 0.0132267 -0.0133537 0.00184068
internal_weight=936.112 897.262 38.8507 30.5251 877.812 208.997 668.815 61.2476 43.3125 607.567 553.719 77.7832 53.8476 25.9467
internal_count=174906 163243 11663 8603 157603 10249 147354 1662 995 145692 144350 3139 1342 691
is_linear=0
shrinkage=0.05


Tree=253
num_leaves=15
num_cat=0
split_feature=16 36 6 14 35 45 42 14 13 12 12 40 33 26
split_gain=1.30049 3.04682 1.78525 1.60081 7.88019 4.45367 5.50061 4.4788 4.50856 3.86625 3.86264 5.35063 4.91311 4.8494
threshold=1.0000000180025095e-35 -0.62496271729469288 0.24048192799091342 1.0000000180025095e-35 0.84523808956146251 0.83760464191436779 3.5000000000000004 0.86607143282890331 0.8603896200656892 0.8441295623779298 0.83666664361953746 0.47202385962009435 0.97789987921714794 3.0201274156570439
decision_type=2 2 2 2 2 2 2 2 2 2 2 2 2 2
left_child=3 2 -2 4 9 -5 7 8 -7 -1 12 -12 -8 -14
right_child=1 -3 -4 5 -6 6 10 -9 -10 -11 11 -13 13 -15
leaf_value=-0.00045965980005919751 0.0094619343299282323 0.024144260378550417 -0.017167455830483683 -0.011552999286028565 0.030998982814993865 -0.010007058214513097 -0.0026886951910536651 0.020425513021556378 0.017015910335856376 0.02252480155206572 0.014468964536351617 -0.0205365568465007 -0.0075065045172783623 0.031370021541922491
leaf_weight=428.37407642181643 2.7444434022218047 7.0291897947299713 4.5407426190577098 89.405564472015612 12.294593876320503 33.838840492011514 222.69780299867307 43.048346502560889 13.832175082585307 9.0983623387764947 6.1308316057002221 43.295019341425359 7.5802058223234807 12.101753343977178
leaf_count=136266 155 815 1091 5774 500 1041 20644 6366 528 207 141 895 209 274
internal_value=0.000188644 0.0116029 -0.00746538 -0.000111257 0.00200056 -0.00212365 0.000318404 0.0104287 -0.000575188 0.000511057 -0.00306617 -0.0144903 -0.000254723 0.0189127
internal_weight=936.012 14.3144 7.28519 921.698 449.767 471.931 382.525 90.7194 47.671 437.472 291.806 49.4259 242.38 19.682
internal_count=174906 2061 1246 172845 136973 35872 30098 7935 1569 136473 22163 1036 21127 483
is_linear=0
shrinkage=0.05


Tree=254
num_leaves=15
num_cat=0
split_feature=41 40 43 44 45 7 7 33 7 11 40 52 20 41
split_gain=1.29312 1.4543 3.15815 4.31378 3.44171 3.73282 4.7023 3.64033 3.17426 2.58474 2.50625 2.56757 2.49122 2.47422
threshold=2.6785526642925109e-05 0.37407495081424719 5.5000000000000009 0.99691244959831249 0.98495811223983776 0.7228132188320161 0.36700680851936346 0.69852143526077282 0.97014260292053234 0.6543664038181306 0.31423592567443853 0.8178478777408601 0.017737423069775108 0.0022219362435862426
decision_type=2 2 2 2 2 2 2 2 2 2 2 2 2 2
left_child=-1 2 4 -4 -2 6 -6 -8 9 12 11 -5 -7 -3
right_child=1 13 3 10 5 8 7 -9 -10 -11 -12 -13 -14 -15
leaf_value=-0.014754129498923641 0.0091517907091761656 -0.015265298929823118 -0.008179946744172965 -0.0041844334870177321 -0.015007071812871803 -0.030395438771195278 -0.0031706790955796996 0.029452506523928102 0.0054803410193560676 0.0046779829002753202 -0.0051706203567218317 0.039651318973851435 0.0027612501530746032 7.183703721528013e-05
leaf_weight=4.1857788972392873 63.903311398531514 17.24433071655767 6.1067207505639116 1.8698640858001443 8.7031470000729332 22.230996729951588 11.484564561051231 10.95808849385139 11.671608970933447 5.5192638035732662 2.0248289532792105 11.091152801756833 4.9756903236193457 752.91192432923708
leaf_count=99906 5469 21539 9364 896 1058 1864 1580 1280 509 137 2070 8494 558 20182
internal_value=0.000233011 0.000456542 0.00463561 0.0190623 0.00132394 -0.00559352 0.0065248 0.0169267 -0.0137314 -0.0202623 0.0289943 0.0342591 -0.0252192 -0.00046284
internal_weight=934.881 930.695 160.539 21.0926 139.447 75.5434 31.1458 22.4427 44.3976 32.726 14.9858 12.961 27.2067 770.156
internal_count=174906 75000 33279 20824 12455 6986 3918 2860 3068 2559 11460 9390 2422 41721
is_linear=0
shrinkage=0.05


Tree=255
num_leaves=15
num_cat=0
split_feature=43 22 30 45 53 20 28 53 52 40 30 45 43 37
split_gain=1.29867 2.62049 2.60963 1.68436 1.73986 2.41353 1.9928 1.9995 1.69055 2.61294 2.1302 1.90569 1.74979 4.68163
threshold=6.5000000000000009 0.22604190558195117 0.26138716936111456 0.0051810336299240598 0.018562968820333484 0.049997249618172653 0.17712418735027316 0.0022804912878200416 0.99910697340965282 0.55558907985687267 0.28730159997940069 0.99566739797592174 3.5000000000000004 -0.84475931525230397
decision_type=2 2 2 2 2 2 2 2 2 2 2 2 2 2
left_child=3 2 -2 -1 5 6 -5 -8 12 10 -10 -11 13 -6
right_child=1 -3 -4 4 8 -7 7 -9 9 11 -12 -13 -14 -15
leaf_value=-0.015412336925048493 0.0075391457358179011 0.010044687294427319 -0.025904022465260725 -0.0058963648762351524 -0.017370160920173836 -0.0070722394571342169 -0.004520922902230138 0.031112621925826468 0.0069789062867773328 -0.010382765245646809 -0.023021229870182642 0.015758285561612167 0.0049428195338627598 0.00064018390281604708
leaf_weight=6.2877397186312001 2.9957227714221544 4.54500867207389 10.704369986908203 2.3177857368864379 28.205398767579027 5.9583480960209263 2.0639025533891973 9.990848045483288 2.6584032552709749 2.9980302568292228 16.482826265244512 7.3081596055417322 191.85380221866944 640.58465301125761
leaf_count=1500 7341 927 118098 256 481 582 962 972 186 79 968 393 21321 20840
internal_value=0.00021769 -0.0103469 -0.0184957 0.000537339 0.000813745 0.0125923 0.0203014 0.0257281 0.000407795 -0.00972266 -0.0178896 0.00678569 0.000862105 -0.000364089
internal_weight=934.955 18.2451 13.7001 916.71 910.422 20.3309 14.3725 12.0548 890.091 29.4474 19.1412 10.3062 860.644 668.79
internal_count=174906 126366 125439 48540 47040 2772 2190 1934 44268 1626 1154 472 42642 21321
is_linear=0
shrinkage=0.05


Tree=256
num_leaves=15
num_cat=0
split_feature=47 47 52 31 28 33 44 2 49 26 39 39 46 20
split_gain=1.27469 2.89233 2.34737 2.16953 2.55896 2.28497 2.23253 2.16292 1.94381 1.88559 2.86299 3.95021 3.6379 3.09566
threshold=-0.98893108963966359 -0.99218833446502674 0.99903082847595226 0.27639257907867437 0.79118219017982494 0.69852143526077282 0.99897435307502758 0.707432121038437 2.5000000000000004 3.5114340782165532 0.15476191043853763 0.18333333730697635 0.98229414224624645 0.040688453242182739
decision_type=2 2 2 2 2 2 2 2 2 2 2 2 2 2
left_child=1 3 -3 5 -5 -1 8 -6 -7 10 12 -12 -2 -14
right_child=9 2 -4 4 7 6 -8 -9 -10 -11 11 -13 13 -15
leaf_value=-0.009179835802271363 0.00097131275813071077 -0.024242789509261866 0.0084796340255485405 -0.014856459754770552 0.019164889066385526 -0.0050308669198443866 -0.0060378724827266431 -0.0078595155756492185 0.034223659559593306 -0.013449255649299685 -0.014122461144671347 0.00076076512646858728 0.021463656642274207 -0.0096991871653933134
leaf_weight=2.226101013553488 83.399153447126082 15.405535275851436 1.6279261341896916 17.613062313015693 6.279737241120527 1.0828296030776963 2.2662581156619126 5.986520724138245 5.9546904045801057 13.008220216966945 37.580260225893653 698.00169861976246 41.201072833449871 3.5161533668142502
leaf_count=3423 16957 11771 381 43736 12867 439 771 11951 2515 2440 3603 28089 33280 2683
internal_value=0.000188977 -0.00638788 -0.0191356 0.00155802 -0.00561392 0.0141188 0.021561 0.0083693 0.028776 0.000694498 0.00105901 -0.000178823 0.00766445 0.0176885
internal_weight=935.149 58.4427 17.0335 41.4092 29.8793 11.5299 9.30378 12.2663 7.03752 876.707 863.698 735.582 128.116 44.7172
internal_count=174906 87854 12152 75702 68554 7148 3725 24818 2954 87052 84612 31692 52920 35963
is_linear=0
shrinkage=0.05


Tree=257
num_leaves=15
num_cat=0
split_feature=4 37 53 9 52 26 33 28 27 27 5 31 32 33
split_gain=1.2787 3.49097 5.31747 4.70503 4.0862 2.47409 1.93597 1.88415 4.99714 4.758 3.48177 5.58985 3.65069 6.07288
threshold=0.94444444775581371 -0.65384009480476368 0.9975041151046754 1.2424533367156985 0.99620085954666149 3.4811217784881596 0.88176929950714122 0.71010184288024913 0.84028983116149913 0.95040982961654674 0.61250001192092907 0.62575301527977001 0.93767654895782482 0.99794238805770885
decision_type=2 2 2 2 2 2 2 2 2 2 2 2 2 2
left_child=7 2 3 -2 -4 6 -3 8 -1 -10 11 -9 -12 -14
right_child=1 5 4 -5 -6 -7 -8 10 9 -11 12 -13 13 -15
leaf_value=-0.00013181560322492362 0.0089390385518100784 0.020832751776326874 0.028497348644277359 -0.024870880230122766 -0.007345436312495084 -0.0099171227810064492 -0.0042264718450476298 0.015314115601932694 0.029507845899940072 -0.0005194588766859029 -0.003174221655124427 -0.018591791452961134 0.012663509233486182 -0.019750448466067078
leaf_weight=323.11264968052819 9.2052859316791018 36.860354884391199 7.8833524317942674 20.862921410314812 8.4752016731945314 3.2183437011699416 5.6414140042325007 7.1157029120186044 20.078534076807045 22.894678264023241 331.88336627553508 52.167626662534531 77.747222732403316 8.0699163459357788
leaf_count=83067 254 5386 1212 4555 1401 1545 2165 1342 6484 4661 45676 13562 2838 758
internal_value=0.000168203 0.00545335 -0.00393415 -0.0148724 0.0141859 0.0139812 0.0173351 -0.000466614 0.00219779 0.0164322 -0.00251468 -0.0128991 -0.000773707 0.00787227
internal_weight=935.217 92.1469 46.4268 30.0682 16.3586 45.7201 42.5018 843.07 366.086 42.9732 476.984 59.2833 417.701 85.8171
internal_count=174906 16518 7422 4809 2613 9096 7551 158388 94212 11145 64176 14904 49272 3596
is_linear=0
shrinkage=0.05


Tree=258
num_leaves=15
num_cat=0
split_feature=35 35 12 11 11 8 45 42 40 48 3 6 53 14
split_gain=1.27784 6.02669 4.10281 4.46302 5.449 5.60753 5.16609 4.55568 4.40724 7.60737 4.84962 4.58379 3.91007 8.72493
threshold=0.25833334028720861 0.19090909510850909 0.81534090638160717 0.60025125741958629 0.35724179446697241 0.89587974548339855 0.99321579933166515 4.5000000000000009 0.41576759517192846 3.5000000000000004 0.78532448410987865 0.7897985875606538 0.93642082810401928 0.29285715520381933
decision_type=2 2 2 2 2 2 2 2 2 2 2 2 2 2
left_child=1 2 3 4 5 8 -7 -5 10 -10 11 -1 -2 -14
right_child=12 -3 -4 7 -6 6 -8 -9 9 -11 -12 -13 13 -15
leaf_value=0.011988143274857444 0.0042150615480675106 0.033099734820036267 0.022643592227204037 0.0024092669509504757 0.017424626475224188 -0.024838774100798201 0.0003896651849637484 -0.029362917602859796 -0.013924154379481711 0.012885424945368932 0.027474807520208724 -0.016240247644471954 -0.017789655055267913 -0.00019620972444695742
leaf_weight=27.52959467166329 214.68576771594235 5.5720432160851479 10.756925498673807 18.203524404292693 37.496238568755871 29.502170301717342 41.102000865117589 14.700849627908608 53.535107053641696 35.676638655875649 23.172213713562087 13.368281744033082 79.707070682421545 329.67249399236061
leaf_count=21494 26729 9090 308 436 8164 5530 6454 1356 2041 1228 2245 3785 59407 26639
internal_value=0.000174331 0.00274512 0.00115761 -0.000346101 0.00203412 -0.00117826 -0.0119258 -0.015321 0.00419945 -0.00298462 0.0132551 0.00138323 -0.00112834 -0.0039642
internal_weight=934.681 310.616 305.044 294.287 261.382 223.886 70.6042 32.9044 153.282 89.2117 64.0701 40.8979 624.065 409.38
internal_count=174906 62131 53041 52733 50941 42777 11984 1792 30793 3269 27524 25279 112775 86046
is_linear=0
shrinkage=0.05


Tree=259
num_leaves=15
num_cat=0
split_feature=4 37 47 9 9 47 26 51 26 40 36 2 44 4
split_gain=1.29298 3.25951 4.71375 3.66679 3.1925 2.14714 2.33426 1.89899 1.76761 1.76535 6.72016 4.08101 5.77665 4.27661
threshold=0.94444444775581371 -0.55329057574272145 -0.87201189994812001 2.5249279737472539 1.2424533367156985 -0.73538130521774281 2.9700856208801274 2.5000000000000004 3.4811217784881596 0.70066976547241222 -0.25924634933471674 0.66561183333396923 0.9973161816596986 0.76388889551162731
decision_type=2 2 2 2 2 2 2 2 2 2 2 2 2 2
left_child=9 2 3 -2 -4 7 -7 -3 -8 -1 -11 -12 13 -13
right_child=1 5 4 -5 -6 6 8 -9 -10 10 11 12 -14 -15
leaf_value=0.00086389467986247202 0.027777129316752996 -0.016702973331673109 0.0066529174592694076 -0.0061177453808472513 -0.018411708165194423 -0.006204783833483757 0.028659988847181378 0.0098536218370041586 -0.0046046524492623798 0.0062237149637815112 -0.022151838466048637 0.015040540540811576 -0.017668767057227624 -0.011406832349447628
leaf_weight=634.54647379444395 8.9976587327400939 2.8189139437872646 12.841408090564071 8.6464484855459869 27.802870400179017 2.9337041182443526 21.161673377169794 4.7933892609307804 1.707509462510642 83.209056577121373 43.418263180938084 34.934203196840826 31.891238839132711 14.445375303155741
leaf_count=151311 1202 958 251 6532 1529 1184 3502 981 379 2838 1137 1157 1549 396
internal_value=0.000180691 0.00550778 -0.00190995 0.0149625 -0.0107426 0.0159066 0.0211975 -0.00388056 0.025531 -0.000456994 -0.00434323 -0.0113334 -0.00375998 0.00668564
internal_weight=934.148 91.7036 58.2884 17.6441 40.6443 33.4152 25.8029 7.6123 22.8692 842.445 207.898 124.689 81.2708 49.3796
internal_count=174906 16518 9514 7734 1780 7004 5065 1939 3881 158388 7077 4239 3102 1553
is_linear=0
shrinkage=0.05


Tree=260
num_leaves=15
num_cat=0
split_feature=26 45 4 31 31 7 37 12 32 41 37 33 53 20
split_gain=1.26419 2.31626 2.00809 1.8329 2.64963 4.10708 5.43752 2.96039 6.52494 3.74562 3.02241 3.95935 3.98332 3.46606
threshold=2.9174053668975835 0.99612250924110424 0.68333333730697643 0.18321678787469867 0.20864427834749225 0.31311275064945226 -0.1092117317020893 0.62828946113586437 0.92346739768981945 0.015471091959625484 -0.018778277561068531 0.87888437509536754 0.79007393121719371 0.38470749557018286
decision_type=2 2 2 2 2 2 2 2 2 2 2 2 2 2
left_child=1 2 -1 -2 -5 6 -6 8 10 -10 13 -12 -13 -7
right_child=3 -3 -4 4 5 7 -8 -9 9 -11 11 12 -14 -15
leaf_value=0.019722161225724882 0.010179885824883229 -0.0039555038241447897 -0.0042592190268448292 -0.016348070997543117 -0.0096203401465116654 -0.00069184945441020762 0.031462865072656922 -0.0055285576405877182 -0.0061611208813668146 0.020306263067965725 -0.022625951805420028 -0.014044097934120259 0.01540377535105656 0.016972766186035469
leaf_weight=23.534590589113581 29.698069447309535 24.384134277433986 7.6498532580990277 16.593107462585976 6.8777875540090472 442.55952885692022 11.849821669580706 237.72149784796056 12.135808550647196 50.443497248779749 24.529639192571267 11.412755692619614 14.991233005595857 19.590507368848193
leaf_count=2944 2994 3916 436 1635 2416 137816 481 12084 4941 1387 1580 344 873 1059
internal_value=0.000167606 0.00686599 0.0142335 -0.000328655 -0.000810639 -0.000310356 0.0182782 -0.000955134 0.000995625 0.0150318 -0.000970972 -0.0114392 0.00231394 0.000400571
internal_weight=933.972 55.5686 31.1844 878.403 848.705 832.112 18.7276 813.384 575.663 62.5793 513.084 50.9336 26.404 462.15
internal_count=174906 7296 3380 167610 164616 162981 2897 160084 148000 6328 141672 2797 1217 138875
is_linear=0
shrinkage=0.05


Tree=261
num_leaves=15
num_cat=0
split_feature=16 36 6 14 35 45 42 27 37 34 52 12 40 40
split_gain=1.23854 2.9339 1.72065 1.56451 7.47309 4.11759 5.13608 4.23826 3.92257 4.32909 3.65872 3.53356 4.40671 4.35121
threshold=1.0000000180025095e-35 -0.62496271729469288 0.24048192799091342 1.0000000180025095e-35 0.84523808956146251 0.83760464191436779 3.5000000000000004 0.8941769301891328 -0.092193767428398118 0.73247623443603527 0.19552807509899142 0.83666664361953746 0.47202385962009435 0.39717197418212896
decision_type=2 2 2 2 2 2 2 2 2 2 2 2 2 2
left_child=3 2 -2 4 -1 8 7 -7 9 -5 -8 13 -13 -12
right_child=1 -3 -4 5 -6 6 10 -9 -10 -11 11 12 -14 -15
leaf_value=0.00052408014445724359 0.0092522245944109335 0.02367944782092718 -0.016908576561937404 0.004938056259019801 0.030315113215314167 0.018590876227103328 0.019551219398638096 -0.0019286137705687859 -0.0015637358122660282 -0.029360978484316558 -0.011998567296520608 0.011994026376790538 -0.020556793259725144 0.0026330599864484317
leaf_weight=436.04874145887698 2.7602019145706436 6.9630466753987985 4.4988693198720284 8.77806554872768 12.140907515193247 49.386996730114333 7.2760894438179085 40.691596376011148 52.914658705733018 27.612549113433488 60.149475778480337 5.9707415625271087 42.851655023525382 175.55199203397751
leaf_count=136473 155 815 1091 2052 500 1951 963 5984 1384 2338 15249 140 879 4932
internal_value=0.000175482 0.0113359 -0.00736395 -0.00011728 0.0019751 -0.00210723 0.00024505 0.010055 -0.0111776 -0.0218064 -0.00301611 -0.00423745 -0.0152137 -0.00143721
internal_weight=933.596 14.2221 7.25907 919.373 448.19 471.184 381.879 90.0786 89.3053 36.3906 291.8 284.524 48.8224 235.701
internal_count=174906 2061 1246 172845 136973 35872 30098 7935 5774 4390 22163 21200 1019 20181
is_linear=0
shrinkage=0.05


Tree=262
num_leaves=15
num_cat=0
split_feature=43 22 30 45 53 22 14 35 40 53 31 11 47 6
split_gain=1.2094 2.47107 2.51517 1.63031 1.62555 4.34986 6.34413 5.36153 5.41557 3.37 3.96271 5.33263 4.41477 4.09237
threshold=6.5000000000000009 0.22604190558195117 0.26138716936111456 0.0051810336299240598 0.99663937091827404 0.78660714626312267 0.64583334326744091 0.38181819021701818 0.75324806571006786 0.99726250767707836 0.27334994077682501 0.80258965492248546 -0.98140442371368397 0.76506900787353527
decision_type=2 2 2 2 2 2 2 2 2 2 2 2 2 2
left_child=3 2 -2 -1 -5 6 7 -6 -9 -8 -11 12 -12 -14
right_child=1 -3 -4 4 5 -7 9 8 -10 10 11 -13 13 -15
leaf_value=-0.015223264329980449 0.0073674801233416095 0.0096610844844548516 -0.025487212455066122 0.0021240049120266305 -0.00088530170679974136 0.012172960790766216 -0.014109160568570617 -0.026704487692364762 0.0027854986754382448 -0.0078274901682934567 -0.01106225017139602 -0.0079753370546985936 0.035084484342776161 0.0023265910073529774
leaf_weight=6.229652621310378 3.0331623817055542 4.621636786752787 10.355552687989983 641.69982646778953 69.079592791415052 33.807036503218114 10.32443724092809 54.58414002913014 18.19245504133869 20.175630737117899 3.6559146341278383 14.570434838009531 27.518664081217139 14.799189062032381
leaf_count=1500 7341 927 118098 28836 5386 269 750 4863 719 400 635 1452 897 2833
internal_value=0.000187509 -0.0100507 -0.0180764 0.000495631 0.000768011 -0.00245337 -0.00499022 -0.0113013 -0.0198867 0.00498829 0.00871693 0.0145582 0.0218487 0.0262629
internal_weight=932.647 18.0104 13.3887 914.637 908.407 266.707 232.9 141.856 72.7766 91.0443 80.7198 60.5442 45.9738 42.3179
internal_count=174906 126366 125439 48540 47040 18204 17935 10968 5582 6967 6217 5817 4365 3730
is_linear=0
shrinkage=0.05


Tree=263
num_leaves=15
num_cat=0
split_feature=41 40 40 34 23 28 27 53 39 37 28 28 15 35
split_gain=1.20734 1.43081 5.72092 4.99065 7.63256 4.71959 4.5183 4.35149 8.59488 6.5741 4.75536 4.28689 4.21007 6.12936
threshold=0.99238261580467235 0.58540308475494396 0.52062177658081066 0.9145072102546693 0.23676797002553943 0.91734972596168529 0.84561213850975048 0.98963469266891491 0.75000000000000011 -0.0110911070369184 0.67068272829055797 0.87206766009330761 1.0000000180025095e-35 0.58571431040763866
decision_type=2 2 2 2 2 2 2 2 2 2 2 2 2 2
left_child=1 2 12 4 5 -3 -4 8 9 -5 -9 -10 -1 -14
right_child=-2 3 6 7 -6 -7 -8 10 11 -11 -12 -13 13 -15
leaf_value=0.00096994088355042269 0.013578762299465891 0.007858524687413472 0.00045277886848163874 0.003540050377518917 -0.03168988620858159 -0.012200118300387891 0.024422293272737306 0.014069424787162946 -0.01229917667831725 0.040200944198438164 -0.01033585174122306 0.0092557130253915314 -0.024838305902219516 0.0084254652278307942
leaf_weight=474.0148634619909 6.4642912129347669 45.14364804350771 35.823968444385173 25.452539793564938 21.889063075417653 53.677440896946791 34.638485522833435 16.13442493416369 40.158845300902613 18.085689941537566 83.332505747472169 33.157971680513583 28.465857413446429 15.388152760455339
leaf_count=49007 6880 968 752 399 526 1288 2344 443 684 269 2472 632 94111 14131
internal_value=0.000157665 -8.02589e-05 0.00140201 -0.00263359 -0.0103595 -0.00315678 0.0138067 0.00194478 0.00817563 0.0234333 -0.00545347 -0.00260997 -0.000515382 -0.0137691
internal_weight=931.828 925.363 588.331 337.032 120.71 98.8211 70.4625 216.322 116.855 43.5382 99.4669 73.3168 517.869 43.854
internal_count=174906 168026 160345 7681 2782 2256 3096 4899 1984 668 2915 1316 157249 108242
is_linear=0
shrinkage=0.05


Tree=264
num_leaves=15
num_cat=0
split_feature=28 31 30 40 45 45 41 35 37 36 30 12 33 30
split_gain=1.2085 4.4982 3.91702 2.23537 3.68791 6.23411 3.46255 3.41065 2.87817 2.83627 5.98388 6.78171 4.1764 4.15039
threshold=0.060153776779770858 0.54011154174804699 0.50242719054222118 0.31423592567443853 0.97687557339668285 0.99417096376419078 0.0022219362435862426 0.87301588058471691 -0.2684220671653747 -0.94888436794280995 0.45923791825771337 0.88562092185020458 0.69165903329849254 0.6789083480834962
decision_type=2 2 2 2 2 2 2 2 2 2 2 2 2 2
left_child=1 2 -1 4 -2 -6 8 -7 -5 -8 11 12 -11 -12
right_child=3 -3 -4 6 5 7 9 -9 -10 10 13 -13 -14 -15
leaf_value=-0.012816360244149833 0.019260233352652954 -0.015894029879695744 0.02446001082838542 -0.024051076450593581 -0.01669723961717685 0.021805817303440528 -0.010362963438854855 -0.0039249624061813513 0.0038798870641669255 -0.0072465024956572133 -0.0083691361282022154 -0.0069340971937216812 0.02932163279316843 0.0016344559010669922
leaf_weight=3.5955655777543134 30.603480589779792 31.4871145686011 8.4668686723762203 16.749148109947786 23.44029327800672 20.200197209524049 46.630479895218741 17.915664712067155 10.355490239011486 5.2107763156527644 117.72958994866349 20.220078350394033 37.93209531204775 540.97955770199769
leaf_count=2385 33640 1607 730 42705 26503 34393 835 7268 5321 100 2375 260 631 16153
internal_value=0.000166445 -0.00713252 0.0125759 0.00059986 0.0075631 -0.000131205 -0.000290379 0.0114094 -0.0152102 0.000424269 0.00125294 0.0147987 0.0243725 -0.00025188
internal_weight=931.516 43.5495 12.0624 887.967 92.1596 61.5562 795.807 38.1159 27.1046 768.703 722.072 63.3629 43.1429 658.709
internal_count=174906 4722 3115 170184 101804 68164 68380 41661 48026 20354 19519 991 731 18528
is_linear=0
shrinkage=0.05


Tree=265
num_leaves=15
num_cat=0
split_feature=26 47 40 34 39 53 9 31 31 7 33 11 53 12
split_gain=1.20772 2.25316 4.5424 2.38598 3.27555 2.43144 2.74408 1.73703 2.44291 3.85108 4.05433 4.20944 3.53919 2.76932
threshold=2.9174053668975835 -0.73538130521774281 0.86282595992088329 0.97687783837318432 0.13392857462167743 0.98429405689239513 1.4978661537170412 0.18321678787469867 0.20864427834749225 0.38935969769954687 0.81505072116851818 0.57906645536422741 0.82172682881355297 0.62828946113586437
decision_type=2 2 2 2 2 2 2 2 2 2 2 2 2 2
left_child=1 3 -3 4 -1 -6 -7 -2 -9 10 12 -12 -10 -11
right_child=7 2 -4 -5 5 6 -8 8 9 13 11 -13 -14 -15
leaf_value=0.012924384743382394 0.0098812223118969304 0.02450895332122904 -0.012791093703067614 0.013698285161191277 0.0085618741278257523 -0.02896780666409586 0.0056894502439761973 -0.015768576761224642 0.016340738646204972 0.00074729628698118659 -0.0088371676488055145 0.030246308171322085 -0.016758003644728851 -0.0056768305659353948
leaf_weight=4.7843310309290272 29.820672847039532 18.987273203158114 4.2566033819457507 7.0398232081570304 2.5370226129580287 14.131893298153956 3.7351041627825898 16.431428524805597 3.5433317599090506 563.40331556881029 4.0447330756414912 20.0480227513508 11.225717949186217 227.77036656550081
leaf_count=3924 2994 741 736 554 83 1000 258 1635 1363 143885 807 556 4562 11808
internal_value=0.00015372 0.00670549 0.0158853 -0.0021092 -0.00916451 -0.0168913 -0.0222809 -0.000332009 -0.000802988 -0.000322542 0.0133096 0.0230174 -0.00542583 -0.00114991
internal_weight=931.76 55.4721 23.2439 32.2282 25.1884 20.404 17.867 876.288 846.467 830.035 38.8618 24.0928 14.769 791.174
internal_count=174906 7296 1477 5819 5265 1341 1258 167610 164616 162981 7288 1363 5925 155693
is_linear=0
shrinkage=0.05


Tree=266
num_leaves=15
num_cat=0
split_feature=27 1 3 2 27 31 4 2 31 3 1 33 9 45
split_gain=1.18676 5.55302 10.7371 4.56829 3.85167 3.85891 4.82427 4.54354 3.90504 3.72538 3.52486 4.42192 3.58292 4.92804
threshold=0.95861870050430309 1.0000000180025095e-35 0.78532448410987865 0.53876203298568737 0.84028983116149913 0.81892696022987377 0.43650794029235845 0.42435143887996679 0.8521554470062257 0.86487466096878063 1.0000000180025095e-35 0.7989071011543275 2.8029010295867924 0.99661612510681163
decision_type=2 2 2 2 2 2 2 2 2 2 2 2 2 2
left_child=1 2 3 4 -1 -6 7 -7 -8 -3 -2 12 13 -12
right_child=10 9 -4 -5 5 6 8 -9 -10 -11 11 -13 -14 -15
leaf_value=-0.00044618405791968388 -0.0074615723856102907 -0.031824163015119665 0.020042265293484646 -0.012090298282926156 0.023573171092280663 0.010218070076338114 -0.0094726326452400818 -0.024597187048462289 0.023550229600739235 0.0039063616562605664 -0.003923096831511594 0.014325409786203417 -0.015018920380934921 0.017532120903675289
leaf_weight=368.88174926463034 156.03714821043104 10.24160375781503 66.282747516830568 58.831694121981855 26.76223607911561 8.2110569448541373 6.7016098536460076 14.071228258706467 17.684975106611091 8.343330775798675 85.989651153884552 46.273912223492516 29.950202689031357 27.307212282197725
leaf_count=91010 19707 4652 5050 9077 8606 1837 1139 3149 1994 1431 4864 4232 16164 1994
internal_value=0.000163804 0.00152597 0.00256658 -9.16914e-05 0.00173625 0.0114391 0.00154894 -0.0125766 0.0143596 -0.0200286 -0.00212416 0.00242398 -0.00210452 0.00225065
internal_weight=931.57 586.012 567.427 501.145 442.313 73.4311 46.6689 22.2823 24.3866 18.5849 345.558 189.521 143.247 113.297
internal_count=174906 127945 121862 116812 107735 16725 8119 4986 3133 6083 46961 27254 23022 6858
is_linear=0
shrinkage=0.05


Tree=267
num_leaves=15
num_cat=0
split_feature=16 36 36 27 36 52 52 36 5 8 31 40 23 2
split_gain=1.18368 2.83348 1.54179 8.48661 4.691 3.8436 3.41009 2.68887 4.2128 2.87544 3.48771 5.29767 3.63503 2.75474
threshold=1.0000000180025095e-35 -0.62496271729469288 -0.75997346639633168 0.5912291705608369 -0.73327764868736256 0.27636978030204779 0.0064675216563045987 -0.63632091879844654 0.61250001192092907 1.2424533367156985 0.81892696022987377 0.50879037380218517 0.43334096670150762 0.36391694843769079
decision_type=2 2 2 2 2 2 2 2 2 2 2 2 2 2
left_child=2 -2 3 6 5 -4 -1 -6 9 10 11 -9 -12 -10
right_child=1 -3 4 -5 7 -7 -8 8 13 -11 12 -13 -14 -15
leaf_value=0.021228013752779239 -0.0072777439511709299 0.023257118402105884 0.011027198740854133 0.026570071517871302 0.010028115593404292 -0.028147974537907405 -0.0031639326735561735 -0.014539849297603505 0.014868338252337451 0.012283361069183206 -0.031051444277165829 0.010724824859324369 0.0092629602324348064 -0.0003373179169713817
leaf_weight=5.7790821345552095 7.2275005978317495 6.8973139498630172 2.3646890705022114 23.920765936471071 47.638683299514014 16.148958420293638 147.82469769891395 43.896005332031564 21.45852437582289 5.1093011229368122 22.095569976687333 24.752015781326918 2.0863331394502884 553.62404901452646
leaf_count=2279 1246 815 658 4814 13989 3631 42093 24378 2956 1091 4047 728 46 72135
internal_value=0.000159891 0.0110925 -0.000126445 0.00392956 -0.00114001 -0.0210318 -0.00100479 -0.000348141 -0.00121867 -0.0102835 -0.0125993 -0.00522493 -0.0258809 0.000474489
internal_weight=930.823 14.1248 916.699 177.525 739.174 18.5136 153.604 720.66 673.022 97.9392 92.8299 68.648 24.1819 575.083
internal_count=174906 2061 172845 49186 123659 4289 44372 119370 105381 30290 29199 25106 4093 75091
is_linear=0
shrinkage=0.05


Tree=268
num_leaves=15
num_cat=0
split_feature=44 14 53 45 46 29 31 44 7 13 6 45 9 33
split_gain=1.17379 1.77025 1.56843 1.95739 2.04794 3.9751 6.19446 4.61276 4.28037 3.29295 3.26128 5.14071 3.20567 3.10565
threshold=0.2525289803743363 0.64583334326744091 0.018562968820333484 0.034166395664215095 0.208102822303772 0.58571431040763866 0.86729559302330028 0.99473574757576 0.76253134012222301 0.59411767125129711 0.11852502077817918 0.99478432536125194 1.2424533367156985 0.99794238805770885
decision_type=2 2 2 2 2 2 2 2 2 2 2 2 2 2
left_child=1 -1 -2 -4 5 6 10 -8 12 -10 11 -5 -7 -11
right_child=2 -3 3 4 -6 8 7 -9 9 13 -12 -13 -14 -15
leaf_value=-0.016668215741361531 0.011739453270208984 0.0081459480487236797 -0.013411729551313934 0.010900006098349379 -0.00064411831325291292 -0.012640345190487075 0.010359161229900236 -0.027688929979998902 -0.0024337951311113387 0.027414641196813638 0.016621015501065834 -0.028406354448738614 0.013795369710026265 -0.0069935536056381269
leaf_weight=12.647795948641944 19.898222055202496 3.4254832404039908 16.058307541350587 10.713592950021846 723.77607693179925 20.186036739440173 4.9424903270555687 20.017652503447607 12.655991823965449 42.671054597740294 26.307304637040943 4.6461513212416312 8.7871161198127066 3.4397096729371688
leaf_count=8099 9916 384 3961 251 140599 1229 129 514 689 6031 1235 214 732 923
internal_value=0.00018082 -0.0102839 0.000474123 9.63814e-05 0.000491627 0.00553197 -0.00343437 -0.0193467 0.0119955 0.0188293 0.00799734 -0.00750266 -0.00314028 0.024059
internal_weight=930.173 16.0733 914.1 894.201 878.143 154.367 66.6272 24.9601 87.7399 58.7668 41.667 15.3597 28.9732 46.1108
internal_count=174906 8483 166423 156507 152546 11947 2343 643 9604 7643 1700 465 1961 6954
is_linear=0
shrinkage=0.05


Tree=269
num_leaves=15
num_cat=0
split_feature=28 30 30 26 31 5 4 47 46 11 37 20 6 28
split_gain=1.18265 5.51187 4.60621 4.24906 3.52233 6.50387 3.14992 4.38137 3.61643 4.55849 4.31325 7.42101 4.87771 4.10758
threshold=0.68457102775573742 0.84273937344551098 0.68457102775573742 3.0677825212478642 0.74133810400962841 0.61250001192092907 0.48076923191547399 -0.0070785135030746451 0.27338738739490515 0.74904856085777294 -0.16448301076889035 0.51163646578788768 0.8216732144355775 0.79118219017982494
decision_type=2 2 2 2 2 2 2 2 2 2 2 2 2 2
left_child=1 -1 3 -2 -4 -6 7 -7 9 -8 12 -12 13 -10
right_child=2 -3 4 -5 5 6 8 -9 10 -11 11 -13 -14 -15
leaf_value=0.0010991034762173441 0.0022539923308336428 0.031830224321815405 0.018791902673946221 -0.025466030634446836 -0.017477484626806067 0.022905852329087779 0.012578782752542518 -0.014267914979816741 -0.0020714168143235309 -0.010500286607147483 -0.017407256651643988 0.014119057099514344 -0.0030301760741680097 0.02116414750347112
leaf_weight=335.70413683005609 20.305590607948034 5.3023557686356062 14.395808956340259 25.157861250037968 41.831251206409434 22.030585539316238 85.517554023008415 3.0898908771287088 29.631288762784607 19.332166197709739 75.98554026855345 15.729808105854316 199.18159187319179 36.023408121305692
leaf_count=89217 3818 368 3682 5643 8798 6346 8743 410 5574 2918 1059 190 32350 5790
internal_value=0.000167808 0.00247016 -0.00118592 -0.0149111 0.000212735 -0.000633143 0.00113797 0.0155728 3.84023e-05 0.00777972 -0.00238819 -0.0111438 0.000939091 0.0117898
internal_weight=929.219 341.006 588.212 45.4635 542.749 528.353 486.522 25.1205 461.401 104.85 356.552 91.7153 264.836 65.6547
internal_count=174906 89585 85321 9461 75860 72178 63380 6756 56624 11661 44963 1249 43714 11364
is_linear=0
shrinkage=0.05


Tree=270
num_leaves=15
num_cat=0
split_feature=44 14 53 45 47 7 5 7 23 9 39 8 37 26
split_gain=1.13313 1.7203 1.4529 1.86239 2.16137 2.48052 4.52298 4.86633 3.67557 4.98064 3.25942 2.89118 2.83239 2.52659
threshold=0.2525289803743363 0.64583334326744091 0.018562968820333484 0.034166395664215095 -0.040340011939406388 0.82426470518112194 0.73214286565780651 0.89528506994247448 0.34615947306156164 1.2424533367156985 0.29166667163372045 1.2424533367156985 -0.63864290714263905 3.1984648704528813
decision_type=2 2 2 2 2 2 2 2 2 2 2 2 2 2
left_child=1 -1 -2 -4 -5 8 7 -7 9 -6 -8 -10 -12 -9
right_child=2 -3 3 4 5 6 10 13 11 -11 12 -13 -14 -15
leaf_value=-0.016457954911552202 0.011271843575117749 0.0080065037905242189 -0.013096384479756147 -0.000631137811528788 -0.020873907264332761 0.01842294899775318 -0.0081326247285914057 -0.019405667414273371 0.020245609073673343 0.011712132485691806 -0.004632713104543492 -0.010878581275612252 0.026422839715181213 0.0061089359975593123
leaf_weight=12.52279067557174 20.092548924201765 3.4527330611981588 15.978410601603171 734.05806656891218 24.796947873461249 9.55339973064474 4.9325552574373424 20.338849303549072 13.855929258283142 9.9075917952650325 5.4173750286136046 3.4663612730546438 41.660399234577199 8.5838622109731642
leaf_count=8099 9916 384 3961 140867 1498 441 290 928 823 874 106 185 6103 431
internal_value=0.000177772 -0.0101238 0.000465868 0.000100417 0.000485978 0.00590413 0.0105205 -0.00237203 -0.00252641 -0.0110322 0.0189025 0.0123153 0.0226636 -0.0122093
internal_weight=928.618 15.9755 912.642 892.55 876.571 142.513 90.4864 38.4761 52.0268 34.7045 52.0103 17.3223 47.0778 28.9227
internal_count=174906 8483 166423 156507 152546 11679 8299 1800 3380 2372 6499 1008 6209 1359
is_linear=0
shrinkage=0.05


Tree=271
num_leaves=15
num_cat=0
split_feature=35 35 12 11 53 45 42 53 35 45 36 30 35 6
split_gain=1.13967 5.12877 3.93439 4.11726 4.31445 3.88952 4.92725 3.71109 7.5568 7.08104 7.01248 4.89223 4.45281 4.24728
threshold=0.30952382087707525 0.19090909510850909 0.81534090638160717 0.68978881835937511 0.99220550060272228 0.69838425517082225 3.5000000000000004 0.93642082810401928 0.77500000596046459 0.72363483905792247 -0.21803753823041913 0.6442561447620393 0.58571431040763866 0.95101958513259899
decision_type=2 2 2 2 2 2 2 2 2 2 2 2 2 2
left_child=1 2 3 4 5 -1 -7 9 13 -2 -10 -11 -13 -9
right_child=7 -3 -4 -5 -6 6 -8 8 10 11 -12 12 -14 -15
leaf_value=0.006400961085821057 -0.0058436769523313942 0.028427509887055065 0.022094330718389107 -0.018636886343508904 0.006948358121813502 -0.027367751021187166 -0.002604333460772594 -0.025198510779504409 0.0024593733200507996 -0.0022522832266463253 -0.01438434167806792 -0.0061592655010400217 0.022732224880574997 0.0094582869875575529
leaf_weight=41.388087127279505 93.184714063072533 8.1383323699501471 10.680154628396847 18.29167117153338 148.11545890914385 20.857792919850908 64.661247460569939 43.360742457089145 286.54455771401808 39.854590167766219 68.121872126272137 11.644068985069678 67.997829195835948 5.2008172444329821
leaf_count=8300 13061 19662 308 809 28058 300 15266 41023 24856 5896 7630 3169 1936 4632
internal_value=0.000173905 0.00258868 0.00101362 -0.000457096 0.00136349 -0.00518613 -0.0108769 -0.00107167 -0.00386047 0.00415162 -0.00108159 0.0117954 0.0182923 -0.0205056
internal_weight=928.042 312.133 303.994 293.314 275.023 126.907 85.519 615.909 403.228 212.681 354.666 119.496 79.6419 48.5616
internal_count=174906 72703 53041 52733 51924 23866 15566 102203 78141 24062 32486 11001 5105 45655
is_linear=0
shrinkage=0.05


Tree=272
num_leaves=15
num_cat=0
split_feature=26 45 4 40 40 36 40 40 53 41 7 6 4 28
split_gain=1.13868 2.14221 1.87143 1.60338 5.44351 4.68076 4.48415 5.74524 5.28315 4.17903 5.60454 6.15373 8.88252 4.57699
threshold=2.9174053668975835 0.99612250924110424 0.68333333730697643 0.58540308475494396 0.52062177658081066 -0.44530084729194636 0.64166897535324108 0.66355451941490184 0.48524357378482824 0.925937980413437 0.91010102629661571 0.8078865408897401 0.70714285969734203 0.83438816666603099
decision_type=2 2 2 2 2 2 2 2 2 2 2 2 2 2
left_child=1 2 -1 4 -2 -6 8 -8 -5 10 13 -12 -13 -9
right_child=3 -3 -4 6 5 -7 7 9 -10 -11 11 12 -14 -15
leaf_value=0.018971506737489024 -0.00063101735247988804 -0.0038972924542964998 -0.0042149316246439875 0.01328199769717576 -0.00076859929873278538 0.024011548136950382 0.019943743398566909 -0.019986236167477314 -0.020579243410979775 0.010284689884935859 0.026252242432088471 -0.019014858572876388 0.024141683630985046 -0.0023567006491703839
leaf_weight=23.319339697503896 495.84236283066457 24.069072512254934 7.5408296692075956 7.0704230846604323 31.94314526033304 35.130698821401893 21.526448251795955 61.093598766135983 47.987850301018625 40.482025255652843 15.717387095151933 24.978181525599211 8.3537194945383799 82.758550449507311
leaf_count=2944 151887 3916 436 106 917 2284 551 975 1288 7862 172 439 138 991
internal_value=0.000162708 0.00655186 0.0136609 -0.000309008 0.00127807 0.0136417 -0.00314107 -0.000145055 -0.0148577 -0.00274128 -0.00584705 0.00767365 -0.0051236 -0.0106563
internal_weight=927.814 54.9292 30.8602 872.884 562.916 67.0738 309.968 254.91 55.0583 233.383 192.901 49.0493 33.3319 143.852
internal_count=174906 7296 3380 167610 155088 3201 12522 11128 1394 10577 2715 749 577 1966
is_linear=0
shrinkage=0.05


Tree=273
num_leaves=15
num_cat=0
split_feature=32 12 52 46 12 23 11 37 40 8 44 39 44 26
split_gain=1.12992 4.07546 3.80645 5.18272 3.07952 2.85488 2.78754 2.85173 2.46753 6.91536 5.56557 4.32761 5.15153 5.19592
threshold=0.91693207621574413 0.58578431606292736 0.99834465980529796 0.6776452660560609 0.41277891397476202 0.59376704692840587 0.6543664038181306 -0.57840463519096363 0.70066976547241222 1.0000000180025095e-35 0.99824663996696483 0.41666667163372045 0.99722355604171764 3.2384861707687382
decision_type=2 2 2 2 2 2 2 2 2 2 2 2 2 2
left_child=8 2 3 -2 -4 -6 7 -5 11 -10 -11 -1 13 -13
right_child=1 -3 4 6 5 -7 -8 -9 9 10 -12 12 -14 -15
leaf_value=-0.0025566453018204954 0.018895365430364686 -0.00045517739689434917 -0.0057329218348449052 0.011697975815386209 0.041000565548728114 -0.0053124417276748095 0.012553170318686725 -0.018785269367693577 -0.019920590544725638 0.016528000696433155 -0.012544335371251379 0.020584725680674154 -0.0043518657066855147 -0.0071106675473705874
leaf_weight=352.60656518719588 22.382524868238761 276.3710304849792 2.5807812298953641 2.532780910798464 10.60414959479567 1.4767342654486117 5.0844760355066674 25.648773294309652 47.356315440265462 29.449943133426132 18.984246486332268 65.284564038764074 50.386731547831005 16.373436164238228
leaf_count=145165 1358 13396 413 451 816 119 280 3800 1340 1188 1291 2261 2160 868
internal_value=0.000189633 0.00240975 0.0123255 0.00423732 0.0288581 0.0354973 -0.00771288 -0.0136994 -0.00115473 -0.0080738 0.00493616 0.000348383 0.00773971 0.0148615
internal_weight=927.123 346.681 70.3102 55.6486 14.6617 12.0809 33.266 28.1816 580.442 95.7905 48.4342 484.651 132.045 81.658
internal_count=174906 20633 7237 5889 1348 935 4531 4251 154273 3819 2479 150454 5289 3129
is_linear=0
shrinkage=0.05


Tree=274
num_leaves=15
num_cat=0
split_feature=14 35 42 45 12 34 34 36 40 14 40 9 50 11
split_gain=1.12629 6.86007 3.50494 5.37494 7.10963 4.01879 3.82732 5.22748 4.47725 4.44395 5.67658 4.59983 4.65199 4.13879
threshold=1.0000000180025095e-35 0.84523808956146251 5.5000000000000009 0.99285340309143078 0.65942031145095836 0.82944893836975109 0.68438714742660534 -0.21425617486238477 0.74484792351722728 0.64583334326744091 0.46761427819728857 1.7005987167358401 3.5000000000000004 0.47659900784492498
decision_type=2 2 2 2 2 2 2 2 2 2 2 2 2 2
left_child=1 -1 6 5 -5 -4 -2 8 9 -8 13 -12 -13 -11
right_child=2 -3 3 4 -6 -7 7 -9 -10 10 11 12 -14 -15
leaf_value=0.00059991771192448708 0.016845266264471644 0.029299791661478166 0.0048213011317578512 -0.012622234298412114 0.014319584830406337 -0.027067976265451474 -0.0083886900703993034 -0.011155921767470205 0.016790519347358625 -0.0029249471555712839 0.0040723039040721082 -0.030613280008603406 0.0090526681529254187 0.024000633134957386
leaf_weight=432.94701368810638 24.842085203061288 11.900423107868844 9.2492206271890591 42.589231542742709 35.823649938205563 34.246972025517607 86.275749285108759 77.386879633180797 37.850861102488125 17.467511731912964 59.138773762009805 13.102105657511858 5.4350755123596164 38.100629826018121
leaf_count=136473 937 500 6424 10789 1471 5575 1492 6315 2052 374 1410 318 344 432
internal_value=0.000203912 0.00199498 -0.00145771 -0.00843375 -8.61635e-05 -0.0206532 0.00107146 -0.000553757 0.00293214 -8.48353e-05 0.00550219 -0.00326142 -0.0198864 0.0163815
internal_weight=926.356 444.847 481.509 121.909 78.4129 43.4962 359.6 334.758 257.371 219.52 133.244 77.676 18.5372 55.5681
internal_count=174906 136973 37933 24259 12260 11999 13674 12737 6422 4370 2878 2072 662 806
is_linear=0
shrinkage=0.05


Tree=275
num_leaves=15
num_cat=0
split_feature=42 39 46 7 39 8 46 37 53 30 23 30 47 34
split_gain=1.12289 1.34071 3.0657 2.8167 2.52833 6.11708 2.89178 2.62931 2.80097 7.27577 3.83044 4.32255 3.49065 3.44019
threshold=20.500000000000004 0.13392857462167743 0.51271736621856701 0.96720427274703991 0.18333333730697635 1.7005987167358401 0.6776452660560609 -0.84475931525230397 0.18433526158332827 0.47413024306297308 0.15090835094451907 0.79388421773910534 -0.80407884716987599 0.93039408326148998
decision_type=2 2 2 2 2 2 2 2 2 2 2 2 2 2
left_child=1 2 3 -1 5 6 -3 -6 9 -9 11 -10 -13 -12
right_child=-2 4 -4 -5 7 -7 -8 8 10 -11 13 12 -14 -15
leaf_value=-0.015682239004325516 -0.013924207356304581 0.0065096346709112712 0.0077479320020816568 0.012465286965856104 -0.011923721663701436 0.021615143580933163 -0.019296536110701815 0.016330914928220041 0.020716904406179057 -0.016399613581477016 -0.0070265051579842574 -0.006636822598450139 0.0074937612452577289 0.0026422754870652418
leaf_weight=21.396064887905599 3.856430560392254 8.2129383770388795 126.04212400339566 3.9983214694184417 30.659949978151417 4.6504993445050777 47.049353877051544 14.526916133527264 37.653176503643408 51.085983942284656 134.50576258697583 51.903099317500164 146.30652477716831 243.81046446977416
leaf_count=2256 94006 652 32478 225 2008 988 8498 805 3613 3545 4899 5677 7050 8206
internal_value=0.000207912 0.000415834 0.00456017 -0.00898073 -0.000446847 -0.00952076 -0.0150515 0.00043989 0.00116229 -0.00795155 0.00224772 0.00710848 0.00365249 -0.000887764
internal_weight=925.658 921.801 151.437 25.3944 770.365 59.9128 55.2623 710.452 679.792 65.6129 614.179 235.863 198.21 378.316
internal_count=174906 80900 34959 2481 45941 10138 9150 35803 33795 4350 29445 16340 12727 13105
is_linear=0
shrinkage=0.05


Tree=276
num_leaves=15
num_cat=0
split_feature=26 8 8 45 45 26 3 7 36 27 3 28 1 27
split_gain=1.14118 2.30953 1.85291 4.03005 2.30144 2.0167 1.79732 5.28752 4.2675 3.53789 4.97806 4.24682 4.1004 3.84876
threshold=3.5114340782165532 4.0859410762786874 2.1383330821990971 0.99722117185592662 0.010874516330659391 3.4175922870635991 0.93835154175758373 0.84698995947837841 -0.22856511175632474 0.95713412761688244 0.84252950549125682 0.98147514462471019 1.0000000180025095e-35 0.91458967328071605
decision_type=2 2 2 2 2 2 2 2 2 2 2 2 2 2
left_child=2 -2 4 5 -1 -4 9 8 -8 10 12 -12 13 -6
right_child=1 -3 3 -5 6 -7 7 -9 -10 -11 11 -13 -14 -15
leaf_value=-0.017130101056201372 -0.018931750816854293 0.0089638459710233917 0.02320320888596817 -0.012957085821241035 -0.00071248308376023971 0.00036826373027408699 -0.0097476266525420244 -0.0003778423313703374 0.029612885533511452 -0.0061940582900875049 0.026900111353665258 -0.0047947631499849512 -0.02416998611398944 0.012673349135983409
leaf_weight=9.3486260386034683 10.364424115608925 4.3298412587882913 21.518868428245696 7.7803619550941212 451.55293087718746 14.419647242400968 3.6377836402698476 92.110630796223631 20.626068590790965 197.13683171639968 22.826561117770325 11.685513394395455 6.8985441854019873 50.82186266622557
leaf_count=7462 3666 1728 5134 3073 99397 4060 624 8213 1136 24617 1417 1767 3174 9438
internal_value=0.000199351 -0.0104107 0.000481862 0.00949294 -7.58132e-05 0.0161157 0.000305527 0.00581928 0.0225891 -0.000626464 0.00146734 0.0175022 6.45719e-05 0.000862587
internal_weight=925.058 14.6943 910.364 43.7189 866.645 35.9385 857.297 116.374 24.2639 740.922 543.785 34.5121 509.273 502.375
internal_count=174906 5394 169512 12267 157245 9194 149783 9973 1760 139810 115193 3184 112009 108835
is_linear=0
shrinkage=0.05


Tree=277
num_leaves=15
num_cat=0
split_feature=28 30 30 28 31 5 34 11 13 33 33 26 45 28
split_gain=1.12169 5.31068 4.28346 4.06551 3.30277 5.98654 2.93545 4.83157 6.68661 3.97596 3.67898 2.94591 5.44206 4.42593
threshold=0.68457102775573742 0.84273937344551098 0.68457102775573742 0.77694860100746166 0.74133810400962841 0.61250001192092907 0.26709130406379705 0.36376661062240606 0.69615384936332714 0.83732384443283092 0.70620205998420726 3.0201274156570439 0.99144393205642711 0.25143678486347204
decision_type=2 2 2 2 2 2 2 2 2 2 2 2 2 2
left_child=1 6 3 -2 -4 -6 -1 10 9 -9 -8 12 -10 -14
right_child=2 -3 4 -5 5 -7 7 8 11 -11 -12 -13 13 -15
leaf_value=0.022309292851525424 -0.025713996407372659 0.031297451146155141 0.018249430090973628 0.0013100483795749239 -0.016784864295906071 0.0011072556751646227 -0.021899390911892712 0.030926015054955777 -0.022150360885982719 0.002329626822702712 0.0023367873614725354 0.0027052173529137891 -0.01254703152018926 0.016082774694975099
leaf_weight=5.5611283535872635 22.591829581324419 5.2584183600265524 14.296913159596441 22.679257192348814 41.658704223862514 483.34702538478814 29.22587441223186 19.910807766542348 28.874934977060548 23.457802077184169 23.137000200300463 169.34872649579484 14.674382389368473 20.610451746111721
leaf_count=2261 4903 368 3682 4558 8798 63380 42582 9082 1713 5339 11204 13681 965 2390
internal_value=0.00019281 0.00243638 -0.00113135 -0.0143883 0.000223159 -0.000599663 0.00108854 8.3044e-05 0.00282267 0.0187932 -0.0125329 -0.000793425 -0.00914759 0.0040347
internal_weight=924.633 340.06 584.574 45.2711 539.303 525.006 334.801 329.24 276.877 43.3686 52.3629 233.508 64.1598 35.2848
internal_count=174906 89585 85321 9461 75860 72178 89217 86956 33170 14421 53786 18749 5068 3355
is_linear=0
shrinkage=0.05


Tree=278
num_leaves=15
num_cat=0
split_feature=47 47 40 51 52 43 43 44 47 33 37 46 12 47
split_gain=1.11929 2.75318 2.46679 3.444 2.24463 1.9646 1.93084 3.96064 4.9781 4.31716 3.91006 3.87017 3.60258 3.64369
threshold=-0.98893108963966359 -0.99218833446502674 0.31423592567443853 2.5000000000000004 0.99903082847595226 3.5000000000000004 3.5000000000000004 0.99645903706550609 -0.75646471977233876 0.74210175871849071 -0.84475931525230397 0.97521448135375988 0.50925925374031078 -0.97590652108192433
decision_type=2 2 2 2 2 2 2 2 2 2 2 2 2 2
left_child=1 2 3 -1 -3 -4 10 8 -8 12 -2 -11 13 -9
right_child=6 4 5 -5 -6 -7 7 9 -10 11 -12 -13 -14 -15
leaf_value=-0.013103240644699629 -0.016217774698282898 -0.023689254507120703 0.0074151996300053707 0.017505662881280814 0.0083160007872522933 -0.018443553478905375 -0.016211595607774954 -0.0033635574762268701 0.0095412426957792746 -0.0066480345931793569 0.00035106194286811811 0.016952503323528247 -0.0092651662022247942 0.027868028083662785
leaf_weight=4.7093261914542408 27.603834745557833 14.905884914396667 4.7330273754414511 21.234126868304884 1.6306974563103711 10.375824418593764 31.590233574193917 8.9382489207491727 25.31598990877319 47.134806276502786 664.27172019341742 14.971518876582193 4.7070989697549512 42.321344568932545
leaf_count=10847 338 11771 1460 40788 381 22607 22097 4883 23079 702 20796 4205 379 10573
internal_value=0.000198405 -0.00600396 0.00171354 0.00984976 -0.0185887 -0.0106159 0.000674228 0.00521323 -0.00504117 0.0101631 -0.000531632 0.000603215 0.0190722 0.022762
internal_weight=924.444 57.5889 41.0523 25.9435 16.5366 15.1089 866.855 174.979 56.9062 118.073 691.876 62.1063 55.9667 51.2596
internal_count=174906 87854 75702 51635 12152 24067 87052 65918 45176 20742 21134 4907 15835 15456
is_linear=0
shrinkage=0.05


Tree=279
num_leaves=15
num_cat=0
split_feature=16 36 28 36 5 30 52 28 45 44 45 46 47 49
split_gain=1.11605 2.71105 1.78646 1.46629 4.83493 3.11224 3.20929 3.64502 6.55211 6.2837 4.9744 4.60536 4.54913 4.39908
threshold=1.0000000180025095e-35 -0.62496271729469288 0.23606811463832858 -0.57141563296318043 0.61250001192092907 0.77723839879035961 0.0064675216563045987 0.078689370304346098 0.99396035075187694 0.99883729219436657 0.99478432536125194 0.98229414224624645 -0.61178082227706898 2.5000000000000004
decision_type=2 2 2 2 2 2 2 2 2 2 2 2 2 2
left_child=3 2 -2 5 -5 6 -1 10 11 13 12 -9 -8 -10
right_child=1 -3 -4 4 -6 -7 7 8 9 -11 -12 -13 -14 -15
leaf_value=0.020168956753088413 0.0097290777474201267 0.022781599301547245 -0.01686094618060701 -0.012582916303228385 0.00025158188068994579 0.01872158661278759 -0.016086974013967109 -0.010047759687708701 -0.010094020845838683 -0.0046373109328740406 -0.029556416333465771 0.010579932603134804 0.012369788864406574 0.02565724299156525
leaf_weight=10.453469032572682 2.6460519421561912 6.7880662831776117 4.575365946857346 74.551927774859905 552.56074114032526 17.905082855924775 14.806616569929242 91.630843190407177 4.6161845032474949 31.02155649305314 12.976896154981658 27.815625599487248 22.37096834176555 49.631693881943647
leaf_count=4073 207 815 1039 23170 72176 1815 2406 6827 2344 10840 1972 27778 924 18520
internal_value=0.000177342 0.0108182 -0.00712601 -0.000102179 -0.00144775 0.00282489 0.0011111 -0.000402508 0.00266 0.0125142 -0.0112669 -0.00479793 2.87986e-05 0.0215174
internal_weight=924.351 14.0095 7.22142 910.342 627.113 283.229 265.324 254.87 204.716 85.2694 50.1545 119.446 37.1776 54.2479
internal_count=174906 2061 1246 172845 95346 77499 75684 71611 66309 31704 5302 34605 3330 20864
is_linear=0
shrinkage=0.05


Tree=280
num_leaves=15
num_cat=0
split_feature=47 11 53 26 35 43 44 47 39 31 48 47 9 28
split_gain=1.12969 2.61144 1.92395 2.11954 1.9731 1.72906 3.58341 4.64101 4.11582 3.8641 6.70436 3.79268 3.17059 2.76608
threshold=-0.98893108963966359 0.48093420267105108 0.9950985610485078 3.113268375396729 0.19090909510850909 3.5000000000000004 0.99645903706550609 -0.75646471977233876 0.29166667163372045 0.25586470961570745 5.5000000000000009 -0.98238271474838246 0.89587974548339855 0.8207041621208192
decision_type=2 2 2 2 2 2 2 2 2 2 2 2 2 2
left_child=1 -1 3 -3 -4 -2 7 -7 9 -8 11 -11 -13 -10
right_child=5 2 4 -5 -6 6 8 -9 13 10 -12 12 -14 -15
leaf_value=-0.012655483933110917 -0.00048511977713754339 0.028038874478227768 0.012620761243686125 -0.0056058120889197881 -0.012825809004857122 -0.015724742947134374 -0.0073525296225750479 0.0091885170589817555 -0.018607358889636792 -0.0056515724100599275 -0.0039358035153647377 0.00491395250910467 0.035764258112249168 0.0067832396497192931
leaf_weight=37.96199886584418 691.43726431289906 3.4133285231600921 2.6297034119816063 2.9085952113346139 10.676138334591087 31.165209452927229 12.436782919736286 25.364054311594373 10.989614910748061 5.4594542426420949 22.887727183497191 14.374206148617303 38.303060379763338 14.148916690608528
leaf_count=79290 21134 1608 1410 1203 4343 22097 1298 23079 652 3894 650 8398 5046 804
internal_value=0.00017885 -0.00605184 0.00668089 0.0186088 -0.00453928 0.000657242 0.00495005 -0.00484552 0.00963273 0.0141649 0.0179126 0.0258293 0.0294732 -0.00645313
internal_weight=924.156 57.5898 19.6278 6.32192 13.3058 866.566 175.129 56.5293 118.6 93.4612 81.0244 58.1367 52.6773 25.1385
internal_count=174906 87854 8564 2811 5753 87052 65918 45176 20742 19286 17988 17338 13444 1456
is_linear=0
shrinkage=0.05


Tree=281
num_leaves=15
num_cat=0
split_feature=6 2 27 12 13 53 34 49 45 53 45 45 47 26
split_gain=1.11728 4.76344 4.22381 3.05059 5.00131 4.79586 3.3866 3.00336 4.8607 3.73627 4.32711 6.3739 3.87241 3.2323
threshold=0.83424907922744762 0.70389267802238475 0.84028983116149913 0.67424243688583385 0.72474747896194469 0.98698890209198009 0.97506219148635875 3.5000000000000004 0.99455466866493236 0.9986635446548463 0.8261251449584962 0.2691683173179627 -0.0011963802971877156 3.0677825212478642
decision_type=2 2 2 2 2 2 2 2 2 2 2 2 2 2
left_child=1 -1 -2 4 7 -5 -6 9 -9 10 11 -4 -12 -11
right_child=2 -3 3 5 6 -7 -8 8 -10 13 12 -13 -14 -15
leaf_value=0.00064293674655676691 -0.021551234829843054 0.025103298180797085 -0.01367539539040636 0.0078893768957250861 0.024036352834086953 -0.024602255538028948 -0.0023539056667296132 0.017795945680686053 -0.003687303141063001 0.025420867773988134 -0.015869251763269494 0.016333242212123018 0.014526047539478608 -0.0095799724511636316
leaf_weight=567.39530817775812 15.730427510305161 10.654709645623369 22.108233826618743 12.255423272261398 25.723551344184671 19.487605761358282 15.931688089855014 34.525820105682214 57.845799368651569 7.6741911513727228 96.597677243550606 29.987813938922045 3.8838083907903629 3.9272751781809347
leaf_count=129849 1274 839 4742 256 2044 2938 407 4316 9925 804 13146 2354 626 1386
internal_value=0.000176841 0.00151302 -0.00203725 -0.000500329 0.00123227 -0.013173 0.0154413 -0.00156754 0.0052965 -0.0055118 -0.00784801 0.00344688 -0.013486 0.0146226
internal_weight=923.729 578.05 345.679 329.949 298.206 31.743 41.6552 256.551 92.3716 164.179 152.578 52.096 100.481 11.6015
internal_count=174906 130688 44218 42944 39750 3194 2451 37299 14241 23058 20868 7096 13772 2190
is_linear=0
shrinkage=0.05


Tree=282
num_leaves=15
num_cat=0
split_feature=33 13 40 28 28 44 46 11 32 5 13 36 53 37
split_gain=1.11869 3.58823 3.12985 3.20514 2.48643 2.45045 2.93509 2.27819 3.18266 3.82198 5.05482 3.89082 3.98994 3.67263
threshold=0.97789987921714794 0.92980295419693004 0.49999998509883886 0.21846590936183932 0.25143678486347204 0.98477792739868175 0.98413631319999706 0.77799394726753246 0.95093432068824779 0.61250001192092907 0.8603896200656892 -0.78945574164390553 0.95737862586975109 -0.25489988923072809
decision_type=2 2 2 2 2 2 2 2 2 2 2 2 2 2
left_child=7 5 3 -3 -4 -2 -7 8 -1 10 13 12 -12 -10
right_child=1 2 4 -5 -6 6 -8 -9 9 -11 11 -13 -14 -15
leaf_value=-0.00086294003921394196 -0.0071979985075459885 -0.0091239845202152753 0.0058127424269007119 0.024932364747900407 -0.017092199547130198 0.024772247489629848 -0.0079216011539864229 -0.0088585495444775137 -0.010354195184538674 0.018299195774293273 0.022237101319681193 -0.022722201479303643 -0.0089582813288253006 0.026079447676626469
leaf_weight=677.12097911093861 4.9243852045219674 4.9676489257690246 11.712110746826509 6.693188680741514 25.562809964641929 27.199224263895307 3.4561441778096187 62.589306147729076 3.5935366871599426 41.110233579267515 6.6566460022295386 17.008589817414759 17.38619206727526 13.077065206131008
leaf_count=162637 134 95 175 265 1579 1102 378 2431 702 2036 300 1003 1136 933
internal_value=0.000189951 0.00534817 -0.00342752 0.0129098 -0.0101881 0.015522 0.0200444 -0.000386839 0.000400516 0.00834064 -0.000406741 -0.00957137 0.00367367 0.0172882
internal_weight=923.058 84.5155 48.9358 11.6608 37.2749 35.5798 30.6554 838.543 775.953 98.8323 57.722 41.0514 24.0428 16.6706
internal_count=174906 3728 2114 360 1754 1614 1480 171178 168747 6110 4074 2439 1436 1635
is_linear=0
shrinkage=0.05


Tree=283
num_leaves=15
num_cat=0
split_feature=31 27 42 45 7 33 28 5 13 11 44 27 7 27
split_gain=1.09053 5.35331 5.32226 4.85602 6.04296 5.6135 4.424 4.25187 4.23927 6.11551 4.22177 4.85194 3.75612 3.67461
threshold=0.62575301527977001 0.60943254828453075 3.5000000000000004 0.99417096376419078 0.39415280520915991 0.68307831883430492 0.29190073907375341 0.61250001192092907 0.93541666865348827 0.83226749300956737 0.99883729219436657 0.30901856720447546 0.91578015685081493 0.11189358308911325
decision_type=2 2 2 2 2 2 2 2 2 2 2 2 2 2
left_child=1 2 -1 4 6 -5 -4 -2 -9 -10 -7 -12 -11 -6
right_child=7 -3 3 5 13 10 -8 8 9 12 11 -13 -14 -15
leaf_value=0.014060071458738985 -0.0091474433479592568 0.019117972663974286 -0.0057456376974277948 -0.02164471442413551 0.0078153834494172972 0.02050123007237014 0.027060019178048247 -0.00018530929559202071 0.030800411276472806 0.010702353722694131 0.016852319010644712 -0.020601549414732367 -0.021555281521696404 -0.024052674064126922
leaf_weight=37.949508381920168 114.82463479458602 32.923995956150975 24.07767242804039 5.851504014017336 5.7297146314049305 33.69148850539932 5.1729796981908285 559.88127831797829 17.207896196399815 10.77020924689714 5.4556506369553999 10.740731595657051 6.4897865952516431 52.067513016980229
leaf_count=496 25733 8368 3852 10882 1650 9850 935 75262 1120 973 709 3744 789 30543
internal_value=0.000196018 0.0032434 -0.000499111 -0.00503558 -0.0119031 0.00586863 0.00547209 -0.000754432 0.000991576 0.015851 0.0121711 -0.00636835 -0.00488452 -0.0202067
internal_weight=922.835 213.661 180.737 142.787 87.0479 55.7394 29.2507 709.174 594.349 34.4679 49.8879 16.1964 17.26 57.7972
internal_count=174906 71029 62661 62165 36980 25185 4787 103877 78144 2882 14303 4453 1762 32193
is_linear=0
shrinkage=0.05


Tree=284
num_leaves=15
num_cat=0
split_feature=28 30 30 26 31 5 4 47 12 53 47 32 13 37
split_gain=1.0829 5.08975 4.04375 3.89859 3.15554 4.9793 2.86404 4.10497 3.24152 5.36376 5.26368 4.80356 3.99562 6.1295
threshold=0.68457102775573742 0.84273937344551098 0.68457102775573742 3.0677825212478642 0.74133810400962841 0.61250001192092907 0.48076923191547399 -0.0070785135030746451 0.58578431606292736 0.98698890209198009 -0.040340011939406388 0.95093432068824779 0.59411767125129711 -0.37002079188823694
decision_type=2 2 2 2 2 2 2 2 2 2 2 2 2 2
left_child=1 -1 3 -2 -4 -6 7 -7 12 11 -11 -10 -8 -14
right_child=2 -3 4 -5 5 6 8 -9 9 10 -12 -13 13 -15
leaf_value=0.0010950206731754405 0.0024207126737368035 0.030720327695726829 0.017872013173643442 -0.024110374104592616 -0.015344500009828602 0.021866610508264276 -0.0013817561002353461 -0.014022970725605917 -0.011553553271186784 -0.027730309090228434 0.0046561574566461664 0.016114022596505087 0.028630086325056495 0.0025126202767211236
leaf_weight=333.53587011746276 20.137519714993687 5.2075307548111587 14.222362974714995 25.024554883904784 41.623968514856642 22.048515070331636 259.26270288570231 3.0633293059545386 19.235921157407574 31.170806364272721 14.382338436087592 24.732725161011331 21.429612048712443 86.829266812681453
leaf_count=89217 3818 368 3682 5643 8798 6346 46317 410 298 568 4673 469 860 3439
internal_value=0.000209301 0.00241828 -0.00109297 -0.0139861 0.000224799 -0.000580225 0.000980244 0.0147416 -7.53115e-05 -0.0081012 -0.0185075 0.00411174 0.00204246 0.00966632
internal_weight=921.907 338.743 583.164 45.1621 538.002 523.779 482.155 25.1118 457.043 89.5218 45.5531 43.9686 367.522 108.259
internal_count=174906 89585 85321 9461 75860 72178 63380 6756 56624 6008 5241 767 50616 4299
is_linear=0
shrinkage=0.05


Tree=285
num_leaves=15
num_cat=0
split_feature=35 35 30 15 53 14 14 36 53 3 37 40 53 32
split_gain=1.13153 4.83869 3.79 4.26633 3.49603 13.7837 7.49354 8.58477 8.62855 6.96196 4.94142 5.27534 4.81788 4.35179
threshold=0.30952382087707525 0.19090909510850909 0.60120484232902538 1.0000000180025095e-35 0.99093088507652294 0.47222222387790685 0.35416667163372045 -0.029734281823039051 0.18433526158332827 0.79596200585365307 -0.067956753075122819 0.37839831411838537 0.13392665237188342 0.95898419618606578
decision_type=2 2 2 2 2 2 2 2 2 2 2 2 2 2
left_child=1 2 3 -1 6 -6 7 8 -2 10 11 -8 -12 -7
right_child=4 -3 -4 -5 5 13 9 -9 -10 -11 12 -13 -14 -15
leaf_value=0.022550092071340195 -0.0073271986693338748 0.027670259791952458 -0.00098347771390096218 -0.01251758952227593 -0.020313415048418815 0.0082374356173352589 0.00066602501427384089 -0.0077450810206637424 0.023590865561301522 0.016958234980041367 0.020676079068879354 -0.027407864691855122 -0.0058657634234489178 -0.0062239258643294187
leaf_weight=25.349602192740353 24.089734896993832 8.2078732682302853 272.99360501434785 4.4095881440098301 88.129774662871569 119.52096391821215 24.432018440740649 42.621899007126558 88.695466283992573 22.042075135803316 11.614781621226937 40.08009089110783 71.848122824958409 77.750383560420232
leaf_count=12401 9690 19662 27928 12712 44596 12451 4267 4468 18462 732 321 976 1304 4936
internal_value=0.000215905 0.00262419 0.00108215 0.0155125 -0.00103263 -0.00498503 0.00247894 0.0101022 0.0169282 -0.00466329 -0.00875359 -0.0181132 -0.000355144 0.0025125
internal_weight=921.786 310.961 302.753 29.7592 610.825 285.401 325.424 155.407 112.785 170.017 147.975 64.5121 83.4629 197.271
internal_count=174906 72703 53041 25113 102203 61983 40220 32620 28152 7600 6868 5243 1625 17387
is_linear=0
shrinkage=0.05


Tree=286
num_leaves=15
num_cat=0
split_feature=41 14 3 27 7 45 42 13 11 27 20 5 37 12
split_gain=1.08777 1.25513 3.4336 5.93917 3.94504 3.37069 4.25319 3.81911 4.22191 3.53281 3.22712 6.834 3.42926 4.71272
threshold=2.6785526642925109e-05 1.0000000180025095e-35 0.57415956258773815 0.45534290373325353 0.91751700639724743 0.83760464191436779 3.5000000000000004 0.8603896200656892 0.60805469751358043 0.92390406131744396 0.16322983801364901 0.35416667163372045 -0.21003264188766477 0.70710784196853649
decision_type=2 2 2 2 2 2 2 2 2 2 2 2 2 2
left_child=-1 2 3 -2 -5 -3 7 8 9 -7 11 -8 -12 -14
right_child=1 5 -4 4 -6 6 10 -9 -10 -11 12 -13 13 -15
leaf_value=-0.013725351626309818 -0.0061910170678285449 -0.0094219365746129272 0.00019883510569328238 0.027478936772870645 -0.0018865312369021508 0.020324353772104908 -0.0039302535667620486 0.020188999367491051 -0.016290948979907169 -0.0047958820120841588 -0.019163527617362713 0.016669423799902671 0.009395200783671254 -0.012261779700436773
leaf_weight=3.7834972512455343 26.894008932316865 91.979167977091493 363.26815279067887 35.318485061185129 13.663339822291162 19.251196834578877 131.38325083686323 36.453377577185165 14.929737966856917 20.954688389610965 36.311928674487717 46.476918614100214 39.375234473332966 41.402770511511335
leaf_count=99906 9920 4639 27087 6312 1271 871 11688 3506 1899 2218 809 2853 904 1023
internal_value=0.000221254 0.000426092 0.00232992 0.0113216 0.0203565 -0.00133301 0.000780859 0.00962481 0.000612991 0.00888455 -0.00219096 0.00205347 -0.00829255 -0.00183303
internal_weight=921.446 917.662 439.144 75.8758 48.9818 478.518 386.539 91.589 55.1356 40.2059 294.95 177.86 117.09 80.778
internal_count=174906 75000 44590 17503 7583 30410 25771 8494 4988 3089 17277 14541 2736 1927
is_linear=0
shrinkage=0.05


Tree=287
num_leaves=15
num_cat=0
split_feature=32 12 52 46 7 30 11 37 32 7 7 30 52 45
split_gain=1.10609 3.68135 3.58999 4.72593 4.06148 2.94036 2.5884 2.75752 2.37592 4.68986 4.84091 4.06366 3.3736 3.34716
threshold=0.91693207621574413 0.58578431606292736 0.99834465980529796 0.6776452660560609 0.87138131260871898 0.23132664710283282 0.6543664038181306 -0.57840463519096363 0.88249102234840404 0.94665718078613292 0.44529914855957037 0.82413583993911754 0.99896749854087841 0.9938180446624757
decision_type=2 2 2 2 2 2 2 2 2 2 2 2 2 2
left_child=8 2 3 -2 5 -4 7 -5 12 10 -10 -12 -1 -11
right_child=1 -3 4 6 -6 -7 -8 -9 9 13 11 -13 -14 -15
leaf_value=0.0015715547713141664 0.018089904657125986 -0.00030990769454840403 -0.0045970935721890115 0.011576826260324569 -0.0044645278511101462 0.044757228376064016 0.012041180003138953 -0.018382218538206287 0.011634383664440449 0.02072667267952483 -0.026197505458586502 -0.00031670857120740209 -0.012888828146477486 -0.010838977283815394
leaf_weight=452.60411805397598 21.903889960958622 274.77858806535187 1.5575846766332677 2.5290463147066466 5.0242739559780594 8.0525886798441189 5.0905075370428667 25.194039689093191 9.2631330366784805 12.633508073477062 40.725851634399078 21.989018369858968 34.192555792238636 5.6005464042173108
leaf_count=135134 1358 13396 84 451 401 863 280 3800 1007 644 5475 662 10656 695
internal_value=0.000213719 0.00241851 0.0119055 0.0039703 0.0279193 0.0384929 -0.00747871 -0.0133048 -0.00112003 -0.0081316 -0.0136001 -0.0184147 0.000316865 0.0106263
internal_weight=921.139 344.131 69.3519 54.7175 14.6344 9.61017 32.8136 27.7231 577.009 90.2121 71.978 62.7149 486.797 18.2341
internal_count=174906 20633 7237 5889 1348 947 4531 4251 154273 8483 7144 6137 145790 1339
is_linear=0
shrinkage=0.05


Tree=288
num_leaves=15
num_cat=0
split_feature=23 33 33 52 47 45 52 6 45 33 44 3 28 49
split_gain=1.088 3.13059 3.57227 3.69391 3.61827 3.25782 4.60692 3.7356 4.13219 3.20017 2.94674 3.10045 2.80169 2.89457
threshold=0.43752443790435797 0.7309018373489381 0.81848686933517467 0.998428374528885 -0.051536105573177331 0.74686443805694591 0.95329287648201 0.11852502077817918 0.98998659849166881 0.94146201014518749 0.9988488256931306 0.33014072477817541 0.61633428931236278 2.5000000000000004
decision_type=2 2 2 2 2 2 2 2 2 2 2 2 2 2
left_child=-1 -2 3 -3 5 -4 -7 -8 9 -9 12 -12 13 -10
right_child=1 2 4 -5 -6 6 7 8 10 -11 11 -13 -14 -15
leaf_value=-0.00079925895502427078 0.017994104101276151 -0.020486790018306982 -0.016893094824330265 0.011147119300449947 0.016829540113425922 0.020069899601720606 -0.017199470026780454 0.0054486564866440164 -0.0069000501925100335 -0.019553627840012272 -0.014250472903807532 0.014870544780031298 -0.00432621447329983 0.024886651982107422
leaf_weight=680.87710951238751 20.76920349322063 23.08361811710893 14.278994278229218 5.5560748432562823 30.880952289820925 20.975582639828644 19.438150973546726 16.515636368756532 4.1212925714262374 19.465698830119436 15.661426612752622 4.7047300448466549 10.655171321937813 33.602274921127901
leaf_count=153277 3085 3326 1287 627 2589 1517 783 1727 497 694 1595 55 147 3700
internal_value=0.00022559 0.00305204 0.00091053 -0.0130532 0.0035588 0.000146503 0.00280371 -0.00139164 0.00278586 -0.0093883 0.00954091 -0.00484158 0.0153878 0.0206958
internal_weight=920.586 239.709 218.94 28.6397 190.3 159.419 145.14 124.164 104.726 35.9813 68.7449 20.3662 48.3787 37.7236
internal_count=174906 21629 18544 3953 14591 12002 10715 9198 8415 2421 5994 1650 4344 4197
is_linear=0
shrinkage=0.05


Tree=289
num_leaves=15
num_cat=0
split_feature=26 9 9 33 9 25 9 28 8 46 40 8 40 43
split_gain=1.08188 3.55973 2.46641 2.77087 1.64213 5.26823 5.03157 4.0262 3.982 3.62372 2.92091 4.28763 4.11244 4.74783
threshold=3.4175922870635991 3.6242519617080693 4.7228643894195566 0.95011311769485485 2.8029010295867924 1.0000000180025095e-35 2.3502402305603032 0.054424287751317031 0.89587974548339855 0.090684786438941969 0.70066976547241222 1.0000000180025095e-35 0.64166897535324108 2.5000000000000004
decision_type=2 2 2 2 2 2 2 2 2 2 2 2 2 2
left_child=1 4 3 -2 6 8 7 -1 -6 -10 12 -12 -9 -14
right_child=2 -3 -4 -5 5 -7 -8 10 9 -11 11 -13 13 -15
leaf_value=-0.023660424849506197 -0.018798242148428929 0.01775925275176218 0.0098534819180435759 0.0096621478272556505 0.0086635506340694019 0.007302541304076475 0.019430606769369661 0.0007053766232738239 0.0058269814242804443 -0.028723456773069114 -0.010647892032587442 0.0039662122984833199 0.02394504913210942 -0.0030377152229258938
leaf_weight=7.7417737601754189 25.064810136220334 19.266869104321813 8.2070203677394584 4.4847335263075356 7.148758108745823 32.47503244220843 24.407287541147525 510.93951867241958 5.7493909748882279 28.522404448220186 112.61977949619177 77.919506820471724 32.669815296831075 23.103346636256902
leaf_count=2626 8381 5640 3060 222 1263 6468 4578 124819 632 6146 4080 5447 1003 541
internal_value=0.000219762 0.000609761 -0.00711527 -0.0131279 2.80458e-05 -0.00662705 0.000726135 -0.000113655 -0.0168445 -0.0229204 0.000432317 -0.00477181 0.00223444 0.0140053
internal_weight=920.32 882.563 37.7566 29.5495 863.297 73.8956 789.401 764.994 41.4206 34.2718 757.252 190.539 566.713 55.7732
internal_count=174906 163243 11663 8603 157603 14509 143094 138516 8041 6778 135890 9527 126363 1544
is_linear=0
shrinkage=0.05


Tree=290
num_leaves=15
num_cat=0
split_feature=45 26 43 46 20 53 22 14 35 32 32 34 53 31
split_gain=1.07076 1.55175 1.37307 2.58889 2.09206 1.63992 3.70047 5.19718 4.45855 5.30755 3.79418 3.22784 3.21306 3.53582
threshold=0.010874516330659391 3.1984648704528813 6.5000000000000009 0.99695417284965526 1.0000000180025095e-35 0.99663937091827404 0.78660714626312267 0.64583334326744091 0.38181819021701818 0.88753697276115429 0.93035691976547252 0.63847666978836071 0.99726250767707836 0.27334994077682501
decision_type=2 2 2 2 2 2 2 2 2 2 2 2 2 2
left_child=1 -1 5 -4 -5 -2 7 8 -7 11 -11 -10 -9 -14
right_child=2 -3 3 4 -6 6 -8 12 9 10 -12 -13 13 -15
leaf_value=-0.018559114333125692 0.0021779547096374887 0.0062526257298472863 -0.021645617996599847 0.016818206412149341 -0.011144152264440753 -0.001081398357194248 0.011042807433899342 -0.014290285441755061 0.0041455850583782036 0.013508911690558617 -0.013489696012690969 -0.033798797114259739 -0.0076541148695484316 0.013538108528922186
leaf_weight=7.0006392043542274 629.17658252183719 3.8347730890382081 8.7368427341034494 5.510002049200919 2.8536072632505238 68.751653936757066 33.753389723133296 10.26533544047197 4.1219619000239609 12.559804047992655 21.192458489018463 32.524193365818064 19.944346173811937 59.829042941488296
leaf_count=5251 28176 3200 51133 28596 40406 5356 269 746 1556 672 1153 2185 400 5807
internal_value=0.00022035 -0.0109915 0.000472086 -0.0106258 0.0064044 0.000800242 -0.00245541 -0.0048219 -0.0105927 -0.0185917 -0.00265171 -0.0295571 0.00426393 0.00797737
internal_weight=920.055 10.8354 909.219 17.1005 8.36361 892.119 262.942 229.189 139.15 70.3984 33.7523 36.6462 90.0387 79.7734
internal_count=174906 8451 166455 120135 69002 46320 18144 17875 10922 5566 1825 3741 6953 6207
is_linear=0
shrinkage=0.05


Tree=291
num_leaves=15
num_cat=0
split_feature=26 9 45 9 48 9 9 28 52 12 40 41 53 9
split_gain=1.06033 2.31507 2.60099 2.66591 4.16578 2.27397 4.6622 3.86692 3.53958 2.768 2.71723 5.83466 3.29972 2.88522
threshold=3.5114340782165532 3.5408543348312382 0.99751299619674694 3.7012257575988774 2.5000000000000004 2.8029010295867924 2.3502402305603032 0.054424287751317031 0.92304357886314403 0.41277891397476202 0.81538873910903942 0.96141138672828685 0.9766468107700349 0.89587974548339855
decision_type=2 2 2 2 2 2 2 2 2 2 2 2 2 2
left_child=1 5 3 -3 -5 6 7 -1 9 -7 -9 12 13 -12
right_child=-2 2 -4 4 -6 8 -8 10 -10 -11 11 -13 -14 -15
leaf_value=-0.023331759073304016 -0.010077968944671119 0.025339352692987621 -0.0099657479128026777 -0.016013875187267559 0.015185812361414343 -0.011042005734135373 0.018578764287268623 0.0013425225837315866 -0.014235921000739414 0.017571492972122491 -0.01055413403438504 0.015136425195540558 -0.023914445033406301 0.014713382483134509
leaf_weight=7.6538412061272529 14.54702253567484 17.149969671956569 6.0802353916478742 9.4226518503819552 13.915773057424301 5.2393832177085669 24.545446035306668 686.00378791029289 51.540997181588864 12.206833714102684 19.668738335720267 12.513078579097053 30.658808111445978 8.2892387488391233
leaf_count=2632 5394 3697 2329 2942 3897 2822 4578 130052 9896 745 210 5114 489 109
internal_value=0.000179719 0.000452975 0.0102506 0.014659 0.00156422 -0.000190527 0.000611411 -0.000197591 -0.00828183 0.00808614 0.000337365 -0.00832735 -0.0148122 -0.00116
internal_weight=919.436 904.889 46.5686 40.4884 23.3384 858.32 789.333 764.787 68.9872 17.4462 757.134 71.1299 58.6168 27.958
internal_count=174906 169512 12865 10536 6839 156647 143184 138606 13463 3567 135974 5922 808 319
is_linear=0
shrinkage=0.05


Tree=292
num_leaves=15
num_cat=0
split_feature=26 45 36 28 31 31 7 37 52 37 44 28 12 32
split_gain=1.0791 2.05798 1.79872 1.9426 1.53328 2.26011 3.44559 4.89873 2.63297 2.10985 2.28664 2.75694 2.10575 5.48074
threshold=2.9174053668975835 0.99612250924110424 -0.2962783128023147 0.92718276381492626 0.18321678787469867 0.20864427834749225 0.31311275064945226 -0.1092117317020893 0.93665310740470897 -0.36624504625797266 0.98975351452827465 0.16064515709877017 0.62828946113586437 0.92346739768981945
decision_type=2 2 2 2 2 2 2 2 2 2 2 2 2 2
left_child=1 2 -1 -4 9 -6 7 -7 -9 -2 -11 -12 13 -8
right_child=4 -3 3 -5 5 6 12 8 -10 10 11 -13 -14 -15
leaf_value=0.020834072353269426 -0.011012541061666653 -0.0038712034929343172 -0.012399472015482776 0.011709278709120474 -0.015232390347645406 -0.0095834650232396526 -0.0010217790981893041 -0.0042903317064439421 0.036137271914344564 -0.0072725808079856782 -0.0021577232013737556 0.028582777703784052 -0.00476333489377616 0.013827481962094254
leaf_weight=17.09775945098227 2.9544725831165151 23.814748328406495 7.1273584125738108 6.3511046166331653 16.092280953364025 6.7490754807022322 505.67734235750868 2.6458145122160213 9.2292098050602345 4.8563098956692583 8.7360329489365558 13.111160868464138 234.07023213996035 60.688848948797386
leaf_count=2573 1178 3916 394 413 1635 2416 141672 129 352 384 740 692 12084 6328
internal_value=0.000164461 0.00640994 0.0133981 -0.000890627 -0.000297121 -0.000744686 -0.000279745 0.0167734 0.0292862 0.00931587 0.0139526 0.0194728 -0.000878598 0.000781691
internal_weight=919.202 54.391 30.5762 13.4785 864.811 835.153 819.061 18.6241 11.875 29.658 26.7035 21.8472 800.436 566.366
internal_count=174906 7296 3380 807 167610 164616 162981 2897 481 2994 1816 1432 160084 148000
is_linear=0
shrinkage=0.05


Tree=293
num_leaves=15
num_cat=0
split_feature=44 53 7 30 37 23 44 7 4 40 45 52 7 6
split_gain=1.05613 1.44079 3.14209 3.62124 3.59002 4.59279 3.52893 3.17694 2.21256 2.20359 2.14764 3.65154 8.92225 4.42219
threshold=0.2525289803743363 0.48524357378482824 0.72821971774101268 0.64051282405853283 -1.0000000180025095e-35 0.17993237823247912 0.99718269705772411 0.65881377458572399 0.41428571939468389 0.72761943936347973 0.48243814706802374 0.90432646870613109 0.8532998561859132 0.11852502077817918
decision_type=2 2 2 2 2 2 2 2 2 2 2 2 2 2
left_child=-1 2 7 -4 5 6 8 -2 -5 -6 -3 12 -12 -13
right_child=1 10 3 4 9 -7 -8 -9 -10 -11 11 13 -14 -15
leaf_value=-0.0098237461482371807 0.0038331526851166963 -0.010068841078897064 -0.016536718401286697 -0.011186544100609496 0.0048930616624773627 0.029291751742214812 -0.016270661972643756 0.029091865700132766 0.015046162441177322 -0.019267064018643684 -0.0045106463320119267 -0.015819905748028003 0.022020929581300589 -2.7974613786391802e-05
leaf_weight=15.68858233179162 37.154288998310221 43.569249805272193 17.386767406793297 2.7094630587871533 11.160971567260278 12.387709668480964 10.444110034479307 12.079407436676773 22.490132564968008 11.257557514589278 61.321405904207495 38.047934320657077 49.970551677377443 573.5118653995969
leaf_count=8483 6820 7950 4420 1375 108 266 2142 2317 3287 84 12314 4557 6929 113854
internal_value=0.000177257 0.000456558 0.00499065 -0.000910733 0.00452187 0.0115422 0.000307548 0.0138955 0.00984889 -0.00943993 -0.000408175 0.00030356 0.00823551 -0.00124918
internal_weight=919.18 903.491 137.07 87.8367 70.4499 48.0314 35.6437 49.2337 25.1996 22.4185 766.421 722.852 111.292 611.56
internal_count=174906 166423 20819 11682 7262 7070 6804 9137 4662 192 145604 137654 19243 118411
is_linear=0
shrinkage=0.05


Tree=294
num_leaves=15
num_cat=0
split_feature=32 12 52 46 7 30 11 37 34 44 7 7 37 47
split_gain=1.08647 3.28524 3.41614 4.34705 3.83 2.82879 2.39613 2.67759 2.36126 2.28803 3.42565 3.09901 5.3398 3.41977
threshold=0.91693207621574413 0.58578431606292736 0.99834465980529796 0.6776452660560609 0.87138131260871898 0.23132664710283282 0.6543664038181306 -0.57840463519096363 0.9329243302345277 0.93985751271247875 0.84698995947837841 0.93377193808555614 -0.034045776352286332 -0.59098532795906056
decision_type=2 2 2 2 2 2 2 2 2 2 2 2 2 2
left_child=-1 2 3 8 5 -4 7 -5 -2 10 -3 12 -11 -14
right_child=1 9 4 6 -6 -7 -8 -9 -10 11 -12 -13 13 -15
leaf_value=-0.001153348491461204 -0.0065277220833675435 -0.023393040124171309 -0.004643736168688504 0.011439290526277363 -0.0044600913963010833 0.043275381447591708 0.011426548788372647 -0.018060007959215054 0.023095278075983536 -0.0057532721631424824 0.0080543927413318107 -0.0084862811873930837 0.0020092722741352955 0.01834972434758872
leaf_weight=576.00140648727483 4.0397727252529902 13.252943708988825 1.5603070553952409 2.5413283281450267 5.0003852078425544 8.1402198753621615 5.1329133980543693 24.889497292477248 17.540298067848198 76.630344704912204 7.4671196491108267 53.059772338041512 67.196076195561545 56.424931414927414
leaf_count=154273 373 532 84 451 401 863 280 3800 985 4210 192 3887 1724 2851
internal_value=0.000168397 0.00235858 0.0113529 0.00359628 0.0268994 0.037123 -0.00737068 -0.0130011 0.0172388 -0.000221221 -0.0131273 0.0012929 0.00416444 0.0102827
internal_weight=918.877 342.876 68.8447 54.1438 14.7009 9.70053 32.5637 27.4308 21.5801 274.031 20.7201 253.311 200.251 123.621
internal_count=174906 20633 7237 5889 1348 947 4531 4251 1358 13396 724 12672 8785 4575
is_linear=0
shrinkage=0.05


Tree=295
num_leaves=15
num_cat=0
split_feature=41 40 43 44 53 52 53 43 46 40 52 30 2 28
split_gain=1.03968 1.26671 2.8438 3.68197 2.99007 3.67743 3.25268 3.40477 2.75766 2.2279 2.32556 2.08546 2.92698 2.30244
threshold=2.6785526642925109e-05 0.37407495081424719 5.5000000000000009 0.99691244959831249 0.98698890209198009 0.62903338670730602 0.9823889732360841 2.5000000000000004 0.064514424651861205 0.31423592567443853 0.8178478777408601 0.6789083480834962 0.011461412068456413 0.85584416985511791
decision_type=2 2 2 2 2 2 2 2 2 2 2 2 2 2
left_child=-1 2 4 -4 6 -6 7 8 -2 10 -5 12 -7 -13
right_child=1 -3 3 9 5 11 -8 -9 -10 -11 -12 13 -14 -15
leaf_value=-0.013493456629476423 -0.010426983364719178 -0.00048532258335783708 -0.0076767959727081008 -0.0042204143172767748 0.013818482891256057 -0.0093154802986942526 0.028713310741782655 -0.0091537589712636334 0.01677107557414494 -0.0051118734290252566 0.036712868725452832 -0.025865898005584378 0.015766327061669999 0.00031243389531469541
leaf_weight=3.6959517540944935 4.789962587732588 754.95650612403188 5.8796682406900826 1.8725765374965693 10.678438369457579 23.046007703029321 5.4805280244436281 26.478950708689808 29.797961460826627 1.9768277373732406 11.646372008528486 18.062484347730791 7.9606633090043024 11.65015020947976
leaf_count=99906 189 41721 9364 896 879 3729 408 3929 952 2070 8494 893 1084 392
internal_value=0.000184496 0.00038518 0.00429519 0.017895 0.00112068 -0.00562692 0.00814943 0.00252326 0.0115107 0.0268032 0.0316593 -0.0105171 -0.000601506 -0.0181075
internal_weight=917.973 914.277 159.321 21.3754 137.945 71.3977 66.5474 61.0669 34.5879 15.4958 13.5189 60.7193 31.0067 29.7126
internal_count=174906 75000 33279 20824 12455 6977 5478 5070 1141 11460 9390 6098 4813 1285
is_linear=0
shrinkage=0.05


Tree=296
num_leaves=15
num_cat=0
split_feature=47 47 40 51 9 52 43 44 43 43 37 26 44 47
split_gain=1.08001 2.52895 2.23023 3.10381 2.37698 2.13268 2.05883 2.19031 1.86046 1.73762 3.60321 3.47819 3.31203 4.36715
threshold=-0.98893108963966359 -0.99218833446502674 0.31423592567443853 2.5000000000000004 0.89587974548339855 0.99903082847595226 8.5000000000000018 0.99926960468292247 3.5000000000000004 3.5000000000000004 -0.84475931525230397 3.113268375396729 0.99645903706550609 -0.75646471977233876
decision_type=2 2 2 2 2 2 2 2 2 2 2 2 2 2
left_child=1 2 3 -1 -5 -3 7 -6 -4 10 11 -2 13 -11
right_child=9 5 8 4 6 -7 -8 -9 -10 12 -12 -13 -14 -15
leaf_value=-0.012711617287609842 -0.024446985999517772 -0.023161937715931884 0.0071657460081752146 -0.0049381650866710319 0.032274823085805801 0.008088916383867854 -0.0063589536690279742 -0.0059399225426502956 -0.018024163193408823 -0.015202097165395027 0.00036060277952788936 0.0060860576542246508 0.0094583162936629286 0.0090631478387928049
leaf_weight=4.5653433803172474 18.58575761516477 14.489998110207127 4.7895025586403781 6.1818354974493586 12.809331325926903 1.6354512679972675 1.4476408641348815 1.1980328175231978 10.120935597760761 30.591853827052546 659.3041391886145 8.9070964400962094 118.33063191674592 25.177783139772146
leaf_count=10847 183 11771 1460 17654 3568 381 19285 281 22607 22097 20796 155 20742 23079
internal_value=0.000188674 -0.00591932 0.00146957 0.00916517 0.0163401 -0.0181095 0.0234475 0.0278936 -0.0103043 0.000658079 -0.00049141 -0.0155701 0.00497301 -0.00453492
internal_weight=918.135 57.2381 41.1126 26.2022 21.6368 16.1254 15.455 14.0074 14.9104 860.897 686.797 27.4929 174.1 55.7696
internal_count=174906 87854 75702 51635 40788 12152 23134 3849 24067 87052 21134 338 65918 45176
is_linear=0
shrinkage=0.05


Tree=297
num_leaves=15
num_cat=0
split_feature=6 27 3 36 6 3 26 36 32 53 6 34 7 13
split_gain=1.03369 6.96553 6.15537 3.46961 3.16162 3.71184 4.46643 4.4233 6.8065 5.30882 3.49644 3.47774 3.03389 2.85141
threshold=0.56440424919128429 0.5912291705608369 0.31349755823612219 -0.85711857676506031 0.41955395042896276 0.034930163994431503 3.0677825212478642 -0.84781154990196217 0.95093432068824779 0.99644485116004955 0.083920188248157515 0.92352676391601574 0.34654632210731512 0.88562092185020458
decision_type=2 2 2 2 2 2 2 2 2 2 2 2 2 2
left_child=1 4 3 -2 5 6 -1 8 9 10 -8 -9 -3 -10
right_child=2 12 -4 -5 -6 -7 7 11 13 -11 -12 -13 -14 -15
leaf_value=-0.008846778349206422 0.0090452421841706564 -0.0032752478908159785 0.00011016427974187186 -0.030180167135942362 -0.01812024513066 0.025016872863308583 0.0092468025476599609 0.032654107681090852 0.027777329110352685 0.0068576504249148853 -0.03312937233473038 0.002959583260542571 0.024281247772322295 0.0018407730257087185
leaf_weight=87.218208277950907 2.3141830729309758 10.048282457335516 642.54080529665316 15.888400112839006 14.746757814036753 4.7234474460929041 1.4117149498524728 11.555562056211782 6.8251787945027891 12.026993959022546 18.482267662446247 22.304485670092618 34.950032011294752 32.943796643457972
leaf_count=26188 193 2006 97848 2669 7077 1795 504 8125 572 6235 7957 3397 9302 1038
internal_value=0.00015782 0.00278591 -0.000891615 -0.0237543 -0.00126567 0.000805508 -0.000992259 0.00570203 -0.00172134 -0.0163886 -0.028035 0.0182281 0.0186511 0.0109789
internal_weight=917.98 257.237 660.743 18.2026 212.238 197.492 192.768 105.55 71.69 31.921 19.894 33.86 44.9983 39.769
internal_count=174906 74196 100710 2862 62888 55811 54016 27828 16306 14696 8461 11522 11308 1610
is_linear=0
shrinkage=0.05


Tree=298
num_leaves=15
num_cat=0
split_feature=16 36 28 36 27 36 52 52 39 46 45 42 22 36
split_gain=1.02089 2.56944 1.75477 1.38725 6.81542 4.11441 3.5463 3.52745 2.57565 2.50255 2.91396 2.48861 4.21589 3.03458
threshold=1.0000000180025095e-35 -0.62496271729469288 0.23606811463832858 -0.75997346639633168 0.61651584506034862 -0.73327764868736256 0.0064675216563045987 0.27636978030204779 0.41666667163372045 0.99695417284965526 0.99634352326393139 9.5000000000000018 0.62563130259513866 -0.57141563296318043
decision_type=2 2 2 2 2 2 2 2 2 2 2 2 2 2
left_child=3 2 -2 4 6 7 -1 -5 -6 -8 -11 13 -13 -7
right_child=1 -3 -4 5 8 11 9 -9 -10 10 -12 12 -14 -15
leaf_value=0.021930018638326169 0.009659479188941833 0.022110114205470034 -0.016725737367865326 0.010730769635956358 0.029930653666474513 0.0086423522170303302 -0.0049926474600572495 -0.026773333056403493 -0.0056504575530032432 0.02552530766865135 -0.0070737736829570037 -0.024918690227096901 0.011582308933052071 -0.0010005545423439131
leaf_weight=6.0075086174147136 2.6242022680653463 6.6581060924763715 4.5181470941206499 2.3240748670559723 18.650433260634603 84.009931790547853 135.69948835525429 15.735873353600253 2.7655399166251291 5.8333347577790828 6.1109808289093053 13.829199970087759 4.7843951488321173 607.88889157227459
leaf_count=2311 207 815 1039 658 4030 3757 17522 3631 84 12214 13025 91781 204 23628
internal_value=0.000174157 0.010396 -0.00705175 -9.40292e-05 0.00377808 -0.00106301 -0.000526705 -0.0198428 0.0249999 -0.0027736 0.0132237 -0.000316885 -0.0147676 0.000276728
internal_weight=917.44 13.8005 7.14235 903.64 175.067 728.572 153.651 18.0599 21.416 147.644 11.9443 710.512 18.6136 691.899
internal_count=174906 2061 1246 172845 49186 123659 45072 4289 4114 42761 25239 119370 91985 27385
is_linear=0
shrinkage=0.05


Tree=299
num_leaves=15
num_cat=0
split_feature=6 27 3 3 6 3 26 9 7 31 30 26 44 28
split_gain=1.02931 6.0981 5.92339 3.36687 3.0645 3.51728 4.20694 4.3173 2.83947 2.73384 3.22916 4.33009 4.10918 3.69595
threshold=0.56440424919128429 0.5912291705608369 0.31349755823612219 0.12423457205295564 0.41955395042896276 0.034930163994431503 3.0677825212478642 3.7012257575988774 0.34654632210731512 0.60922586917877208 0.6789083480834962 3.0677825212478642 0.996944159269333 0.71010184288024913
decision_type=2 2 2 2 2 2 2 2 2 2 2 2 2 2
left_child=1 4 3 -2 5 6 -1 -8 -3 -4 11 12 -11 -12
right_child=2 8 9 -5 -6 -7 7 -9 -10 10 13 -13 -14 -15
leaf_value=-0.0083905552412072409 0.0086593804362298816 -0.0034060351429144038 0.018811313250243506 -0.029834814938439098 -0.017631640817867316 0.024566227759620755 0.009293271083193241 -0.016797192257074017 0.023092282514672428 -0.013521992466433956 0.013271878421062415 -0.019735255268298158 0.014530668370569886 -0.00040050701790180897
leaf_weight=86.753439539732426 2.4865996079843198 10.029398534665232 9.0115117780715064 15.578217422366832 14.631143656915809 4.7586802819332652 96.223663227585348 9.2579408948449764 35.030675586254802 13.072653692119273 44.580580856028973 36.616366290298174 20.571752079729777 518.4073527079172
leaf_count=26188 719 2006 2224 2143 7077 1795 24925 2903 9302 2470 7967 7841 4222 73124
internal_value=0.000193563 0.00281901 -0.000853845 -0.0233387 -0.000991998 0.00103595 -0.00073246 0.00574711 0.0176469 0.0001267 -0.000427502 -0.00981483 0.00302994 0.000894881
internal_weight=917.01 256.685 660.325 18.0648 211.625 196.994 192.235 105.482 45.0601 642.26 633.249 70.2608 33.6444 562.988
internal_count=174906 74196 100710 2862 62888 55811 54016 27828 11308 97848 95624 14533 6692 81091
is_linear=0
shrinkage=0.05


Tree=300
num_leaves=15
num_cat=0
split_feature=31 27 39 26 45 6 45 52 28 26 47 46 31 30
split_gain=1.04183 4.44176 5.00883 5.13183 7.56365 5.59604 5.09654 4.89526 3.54923 3.10908 2.88429 2.83216 2.69683 3.83096
threshold=0.42933948338031774 0.4901809841394425 0.41666667163372045 3.1567740440368657 0.99355611205101024 0.27622890472412115 0.99658402800560009 0.90432646870613109 0.2930081188678742 3.113268375396729 -0.98238271474838246 0.99773928523063671 0.49295215308666235 0.51899951696395885
decision_type=2 2 2 2 2 2 2 2 2 2 2 2 2 2
left_child=1 2 3 4 11 10 -6 -3 -9 -8 -5 -1 -2 -14
right_child=12 7 -4 5 6 -7 9 8 -10 -11 -12 -13 13 -15
leaf_value=-0.025990807774378073 -0.017192342704285421 -0.012147861662616777 0.017706328665557349 -0.003724208589020693 0.020983681610232601 -0.017733829414098318 -0.017218543290192789 0.00027093925067254255 0.038201327748340376 0.015675000291549997 0.028645565900543863 0.0086055068417552477 0.016129328173171587 -0.00081362927180245171
leaf_weight=42.149508332918231 13.663229633812078 3.9814234014829735 19.974774420597896 6.5873286889527689 15.478781671270552 4.6903572447490651 16.841874151137748 8.7286802884282242 12.267945146970304 1.1885178433476529 15.35874846232946 1.9185301111992874 24.941044222083292 728.918435415163
leaf_count=13442 5549 1518 437 2761 7451 8256 7646 1913 3126 753 2278 4086 7726 107964
internal_value=0.000184856 0.00386866 -0.000522655 -0.005261 -0.0114756 0.0110307 0.00569629 0.0196093 0.0276075 -0.0102317 0.0208051 -0.0231716 -0.000571631 -4.92631e-05
internal_weight=916.689 149.166 124.188 104.214 77.5772 26.6364 33.5092 24.978 20.9966 18.0304 21.9461 44.068 767.523 753.859
internal_count=174906 53667 47110 46673 33378 13295 15850 6557 5039 8399 5039 17528 121239 115690
is_linear=0
shrinkage=0.05


Tree=301
num_leaves=15
num_cat=0
split_feature=35 35 12 11 11 8 22 42 40 48 29 7 52 7
split_gain=1.02659 5.52074 3.6597 3.62469 4.8778 5.24159 4.79518 4.29876 4.11449 6.75445 4.42176 3.87188 3.62137 3.54173
threshold=0.25833334028720861 0.19090909510850909 0.81534090638160717 0.60025125741958629 0.35724179446697241 0.89587974548339855 0.78867626190185558 4.5000000000000009 0.41576759517192846 3.5000000000000004 0.73214286565780651 0.71010184288024913 0.99394401907920849 0.47114317119121557
decision_type=2 2 2 2 2 2 2 2 2 2 2 2 2 2
left_child=1 2 3 4 5 8 -7 -5 10 12 -1 -12 -10 -6
right_child=-2 -3 -4 7 13 6 -8 -9 9 -11 11 -13 -14 -15
leaf_value=-0.00344446740097578 -0.0009871844968680312 0.031421708149017478 0.021387488942121044 0.0030448239428477824 -0.010618904686261796 -0.025321410504325677 -0.00056756474532720371 -0.027739390881160571 -0.0015448018852748701 0.011951842200521211 0.002521134236655698 0.032631361155477642 -0.026051518476262782 0.021475635780623156
leaf_weight=24.537440979938765 608.32482796197564 5.7061880588717022 10.51893205021406 17.839819695102051 4.2984081451413649 25.943734203342501 43.966787059674971 14.467556504534512 33.133150691379342 35.346144007393377 19.395750018526087 19.987008986009641 19.906527674218523 32.939141536660827
leaf_count=22545 112775 9090 308 436 1412 11521 463 1356 1274 1228 2699 2280 767 6752
internal_value=0.000202354 0.00250905 0.000974537 -0.000445782 0.00170503 -0.00133877 -0.0117729 -0.0140389 0.00388089 -0.00308757 0.0126307 0.0213157 -0.013416 0.0163072
internal_weight=916.311 307.987 302.28 291.761 259.454 222.217 69.9105 32.3074 152.306 88.3858 63.9202 39.3828 53.0397 37.2375
internal_count=174906 62131 53041 52733 50941 42777 11984 1792 30793 3269 27524 4979 2041 8164
is_linear=0
shrinkage=0.05


Tree=302
num_leaves=15
num_cat=0
split_feature=31 27 52 39 53 44 33 11 36 47 47 44 31 30
split_gain=1.03459 4.08854 4.65893 4.61502 5.52822 4.53739 4.83039 3.44665 3.28674 2.81678 3.18043 2.81313 2.54709 3.544
threshold=0.42933948338031774 0.4901809841394425 0.90432646870613109 0.41666667163372045 0.98585984110832225 0.99876257777214061 0.80862691998481762 0.99641576409339916 -0.98910072445869435 -0.97355210781097401 -0.99538305401802052 0.99896499514579784 0.49295215308666235 0.51899951696395885
decision_type=2 2 2 2 2 2 2 2 2 2 2 2 2 2
left_child=1 3 -3 4 11 6 -6 8 -4 10 -8 -1 -2 -14
right_child=12 2 7 -5 5 -7 9 -9 -10 -11 -12 -13 13 -15
leaf_value=-0.022872876279957363 -0.016723599160801305 -0.011982802267355925 -0.0018767829937016839 0.017084269526205294 -0.0079354068390423017 -0.012766335666710133 -0.0064325254987815748 -0.0079230170789237366 0.039926094795945291 0.0051104951128435137 0.040367746933100655 0.008221458689216421 0.015512545705203655 -0.00077556785793599212
leaf_weight=31.554920947135543 13.594162152916395 3.9578412574956046 4.771997369696698 20.065002235141947 16.304312491237397 19.976999941036411 1.4546393624132168 2.3720825545606194 13.992102761703789 21.439837708689083 9.3634786651182349 3.5305311449446881 24.977222532173982 728.69473014374034
leaf_count=15764 5549 1518 1747 437 15869 8001 2073 36 3256 1103 2781 1082 7726 107964
internal_value=0.000206928 0.00388281 0.0189465 -0.000361899 -0.00494629 0.00352969 0.0112686 0.0267266 0.0323385 0.0205559 0.0340078 -0.0186144 -0.000546661 -3.97057e-05
internal_weight=916.05 148.784 25.094 123.69 103.625 68.5393 48.5623 21.1362 18.7641 32.258 10.8181 35.0855 767.266 753.672
internal_count=174906 53667 6557 47110 46673 29827 21826 5039 5003 5957 4854 16846 121239 115690
is_linear=0
shrinkage=0.05


Tree=303
num_leaves=15
num_cat=0
split_feature=26 45 4 31 31 7 37 52 37 44 28 12 34 23
split_gain=1.01931 1.98066 1.73963 1.48578 2.06541 3.14491 4.64299 2.4054 1.95971 2.05478 2.56075 1.87425 4.18694 4.95853
threshold=2.9174053668975835 0.99612250924110424 0.68333333730697643 0.18321678787469867 0.20864427834749225 0.31311275064945226 -0.1092117317020893 0.93665310740470897 -0.36624504625797266 0.98975351452827465 0.16064515709877017 0.62828946113586437 0.93369963765144359 0.28000082075595861
decision_type=2 2 2 2 2 2 2 2 2 2 2 2 2 2
left_child=1 2 -1 8 -5 6 -6 -8 -2 -10 -11 12 -7 -14
right_child=3 -3 -4 4 5 11 7 -9 9 10 -12 -13 13 -15
leaf_value=0.018281363396147075 -0.010529997159732588 -0.0038180160009061411 -0.0041399451129934322 -0.014603721627696686 -0.0095286107756116355 -0.0012806006237129149 -0.0040662778538171898 0.034767246893982869 -0.0067441406997258528 -0.0020926530598151345 0.027599595641886056 -0.004482308739011065 -0.0013418130133809123 0.019748901048289594
leaf_weight=23.077003885932758 2.8689246913254491 23.676785633015243 7.4192382340279428 15.805816223233704 6.6916703108945521 465.72841315176629 2.6167127492190057 9.257939084331154 4.7538239058521894 8.6565924997121346 13.152216388472878 232.86115910808621 52.041032560471649 47.18645133289192
leaf_count=2944 1178 3916 436 1635 2416 135024 129 352 384 740 692 12084 2654 10322
internal_value=0.000215595 0.00629547 0.0131513 -0.000234509 -0.000676026 -0.000232919 0.0160747 0.028263 0.00925498 0.0136874 0.0188611 -0.000806711 0.000759891 0.00957746
internal_weight=915.794 54.173 30.4962 861.621 832.189 816.383 18.5663 11.8747 29.4316 26.5626 21.8088 797.817 564.956 99.2275
internal_count=174906 7296 3380 167610 164616 162981 2897 481 2994 1816 1432 160084 148000 12976
is_linear=0
shrinkage=0.05


Tree=304
num_leaves=15
num_cat=0
split_feature=45 8 43 46 38 43 53 22 14 35 40 9 45 7
split_gain=1.00466 1.48021 1.28357 2.42005 1.751 1.83573 1.52355 3.4535 4.77719 4.20992 5.20914 3.06702 2.95086 4.42697
threshold=0.010874516330659391 2.1383330821990971 6.5000000000000009 0.99695417284965526 1.0000000180025095e-35 10.500000000000002 0.99663937091827404 0.78660714626312267 0.64583334326744091 0.38181819021701818 0.75324806571006786 2.5249279737472539 0.99553027749061596 0.79008570313453685
decision_type=2 2 2 2 2 2 2 2 2 2 2 2 2 2
left_child=1 -1 6 -4 5 -5 12 8 9 -8 -11 -10 -2 -14
right_child=2 -3 3 4 -6 -7 7 -9 11 10 -12 -13 13 -15
leaf_value=-0.016552010007171637 0.00060745081632864134 0.0083291605470181568 -0.021138280800197123 0.02329774593365919 -0.010349283687255122 -0.0073700671944088459 -0.00096939478620684328 0.01065990977075823 -0.0010976301944151136 -0.024867811453020302 0.0039994726411279819 0.018592706522716659 0.020015484417967806 -0.00059321387874158513
leaf_weight=9.1812190322707448 533.85326273087776 1.5671498293540924 8.4029949739169769 4.1186018490552652 2.5930275447781241 1.7275329326348581 68.471701986914923 33.811205939855427 72.54681336532667 52.238112261544302 17.537071376602398 16.688646120492194 42.598575506835914 50.537708421979914
leaf_count=7462 23370 989 51133 8005 23479 37518 5356 269 5855 4848 718 1098 2321 2485
internal_value=0.000224898 -0.0106583 0.000469193 -0.0103135 0.00608325 0.0153033 0.000786175 -0.00236287 -0.00466584 -0.0102104 -0.0180205 0.00408733 0.00211501 0.00985952
internal_weight=915.874 10.7484 905.125 16.8422 8.43916 5.84613 888.283 261.294 227.482 138.247 69.7752 89.2355 626.99 93.1363
internal_count=174906 8451 166455 120135 69002 45523 46320 18144 17875 10922 5566 6953 28176 4806
is_linear=0
shrinkage=0.05


Tree=305
num_leaves=15
num_cat=0
split_feature=47 53 11 53 37 37 39 44 31 52 45 37 32 11
split_gain=1.03978 2.39731 2.47979 3.20289 1.81361 6.67192 4.00845 7.38607 7.10587 4.57556 3.95968 3.67571 4.43593 5.15166
threshold=-0.98893108963966359 0.99138385057449352 0.34723748266696935 0.33672498166561132 -0.35464718937873835 -0.38365557789802546 0.41666667163372045 0.99667659401893627 0.89699381589889537 0.99692803621292125 0.99235120415687572 -0.29457275569438929 0.73186674714088451 0.35724179446697241
decision_type=2 2 2 2 2 2 2 2 2 2 2 2 2 2
left_child=1 2 -1 -4 5 6 7 -2 -8 -10 -7 -6 -13 -14
right_child=4 -3 3 -5 11 10 8 -9 9 -11 -12 12 13 -15
leaf_value=-0.0083277071744571728 -0.013045900249605981 -0.010908190683049927 -0.0081753314807688198 0.031831458306677524 -0.013321342190414011 0.036419828338473619 -0.016752984821521748 0.0050603623566462964 0.02850569155483906 -0.001763783205346409 -0.0032355417499879712 0.018197536027809165 -0.018280294792427876 0.00059438094085508355
leaf_weight=6.1923144852862588 80.683402948257935 44.087719080325769 2.6851650119497208 3.8566841307492723 44.708347672658419 12.819907527829857 9.207376050484525 139.3599210542925 31.174792184267062 16.324642789053541 6.5983756122004698 22.514636362948295 29.146270947921948 466.05604509968362
leaf_count=12983 31717 71287 1103 2481 5107 2376 556 14322 1467 480 207 4516 2858 23446
internal_value=0.000214439 -0.00579856 0.00890854 0.0203951 0.000674557 0.00377461 0.00131917 -0.00185718 0.0120753 0.0196051 0.0264255 -0.000995325 0.000301373 -0.000856383
internal_weight=915.416 56.8219 12.7342 6.54185 858.594 296.168 276.75 220.043 56.7068 47.4994 19.4183 562.425 517.717 495.202
internal_count=174906 87854 16567 3584 87052 51125 48542 46039 2503 1947 2583 35927 30820 26304
is_linear=0
shrinkage=0.05


Tree=306
num_leaves=15
num_cat=0
split_feature=26 9 37 41 9 9 28 25 8 46 40 8 40 43
split_gain=1.02765 2.15151 2.55221 2.27632 2.07046 4.33452 3.60271 3.32615 3.78638 3.45667 2.46587 3.93245 3.79966 4.36664
threshold=3.5114340782165532 3.5408543348312382 -0.71308603882789601 0.0012586775119416418 2.8029010295867924 2.3502402305603032 0.054424287751317031 1.0000000180025095e-35 0.89587974548339855 0.090684786438941969 0.70066976547241222 1.0000000180025095e-35 0.64166897535324108 2.5000000000000004
decision_type=2 2 2 2 2 2 2 2 2 2 2 2 2 2
left_child=1 4 -3 -4 5 6 -1 8 -6 -10 12 -12 -8 -14
right_child=-2 2 3 -5 7 -7 10 -9 9 -11 11 -13 13 -15
leaf_value=-0.022606742102711665 -0.0099070311272693376 -0.011292251255932487 -0.00912048591661512 0.017414713085291137 0.0090669472750346172 0.017946609010732428 0.00055246220999974316 0.0046581957451923553 0.0060398351289682878 -0.027339457538960305 -0.010066480593585992 0.0039519566284335096 0.022915844952209007 -0.0030124886934613437
leaf_weight=7.4634693909001717 14.42198377391105 4.4700593451043451 3.2549557737920614 38.479956038761884 6.9792705164181816 24.571634352463661 508.34130107722285 27.585217494844073 5.7740580057416073 28.144908273146939 112.18778861613828 77.471164734830381 32.478093625511974 22.913155819667736
leaf_count=2632 5394 3984 7646 1235 1236 4578 124903 5418 573 6236 4080 5447 1003 541
internal_value=0.000217874 0.000487171 0.00996306 0.0139823 -0.000134958 0.000631067 -0.000153694 -0.00788139 -0.0155926 -0.0215758 0.000361959 -0.00442915 0.00202295 0.0133698
internal_weight=914.537 900.115 46.205 41.7349 853.91 785.427 760.855 68.4835 40.8982 33.919 753.392 189.659 563.733 55.3912
internal_count=174906 169512 12865 8881 156647 143184 138606 13463 8045 6809 135974 9527 126447 1544
is_linear=0
shrinkage=0.05


Tree=307
num_leaves=15
num_cat=0
split_feature=41 27 37 1 3 6 7 29 44 11 34 46 2 53
split_gain=0.982953 1.20247 5.24258 4.33152 4.65694 4.3207 5.57625 3.90331 3.84697 3.12994 6.12763 4.34046 4.07488 5.99693
threshold=0.99238261580467235 0.97182539105415355 -0.69041749835014332 1.0000000180025095e-35 0.78532448410987865 0.83752354979515087 0.94201681017875682 0.76388889551162731 0.99636387825012218 0.36376661062240606 0.86689975857734691 0.064514424651861205 0.53671374917030346 0.90464776754379284
decision_type=2 2 2 2 2 2 2 2 2 2 2 2 2 2
left_child=1 2 8 4 9 -6 -7 -3 -1 -4 11 -11 -12 -14
right_child=-2 7 3 -5 5 6 -8 -9 -10 10 12 -13 13 -15
leaf_value=-0.0042529233003753752 0.012490911456348364 -0.024632835191256461 -0.0088908408573610837 -0.01982359503115922 0.026112068483293845 -0.01309084321060588 0.016892397509380971 -0.0010814238237434842 0.024679839274046031 -0.0098420759642152082 0.00032520729617621983 0.02019785690065155 0.010564630446061573 -0.027196007977074062
leaf_weight=12.70670142198105 5.9877634255099101 8.7707096304757197 89.219560466408439 16.582830908389951 22.654336592862819 22.43667039697084 19.788207005412914 300.92909084561052 28.282093133007038 8.6776254021842743 298.35037470389943 48.345290551000289 9.1161914298427309 22.454897854171577
leaf_count=10833 6880 3244 55785 3060 1214 1181 1044 34912 21359 557 26562 7434 130 711
internal_value=0.000200853 -1.53025e-05 0.00128911 -0.000112145 0.000840788 0.0124366 0.00150447 -0.00249804 0.0166355 -0.000962499 0.0010435 0.01484 -0.00170748 -0.0163741
internal_weight=914.302 908.315 598.615 557.626 541.043 64.8792 42.2249 309.7 40.9888 476.164 386.944 57.0229 329.921 31.5711
internal_count=174906 168026 129870 97678 94618 3439 2225 38156 32192 91179 35394 7991 27403 841
is_linear=0
shrinkage=0.05


Tree=308
num_leaves=15
num_cat=0
split_feature=32 12 11 11 33 34 12 11 26 9 34 45 33 25
split_gain=1.01784 3.06549 3.11182 2.77647 2.63113 3.0174 2.24083 6.6821 5.13813 4.817 4.00557 3.86016 5.01069 3.76298
threshold=0.91693207621574413 0.58578431606292736 0.51286783814430248 0.30166442692279821 0.94761785864830028 0.9329243302345277 0.37715516984462744 0.44901208579540258 3.2384861707687382 2.9174053668975835 0.37531726062297827 0.5520123839378358 0.93364781141281139 1.0000000180025095e-35
decision_type=2 2 2 2 2 2 2 2 2 2 2 2 2 2
left_child=6 2 3 -2 5 -4 7 8 -1 11 -10 -8 13 -13
right_child=1 -3 4 -5 -6 -7 9 -9 10 -11 -12 12 -14 -15
leaf_value=0.0022087682433658642 0.014489539288568146 -0.00017936474166315247 -0.0061613711390399763 -0.0099158348680524738 -0.0024981811473888745 0.029519712967794678 0.0071267228791122286 0.023722097897222745 0.0019763926649068739 0.012827609845729157 -0.021055216488604891 -0.0049445009033598324 0.0092469859310527949 -0.022758233271328511
leaf_weight=293.85783872406955 8.4694758813493554 272.48221315462615 3.4652207377366748 21.713646965261432 9.2806104937299079 25.293194619453061 26.873653157195804 20.242837105217404 28.379923317819703 22.495736193215635 38.326925292138185 61.596905566319947 18.340517948145134 63.401747019795948
leaf_count=94775 825 13396 286 3478 593 2055 3481 1657 10663 3011 21543 9472 1148 8523
internal_value=0.000191815 0.00231874 0.0110437 -0.00116599 0.0189578 0.0247399 -0.0010898 0.00114352 -0.000730044 -0.00534171 -0.0122763 -0.00832156 -0.0114937 -0.0149965
internal_weight=914.22 340.704 68.2221 30.1831 38.039 28.7584 573.516 380.808 360.565 192.709 66.7068 170.213 143.339 124.999
internal_count=174906 20633 7237 4303 2934 2341 154273 128638 126981 25635 32206 22624 19143 17995
is_linear=0
shrinkage=0.05


Tree=309
num_leaves=15
num_cat=0
split_feature=33 13 40 7 47 44 40 11 12 45 12 32 40 31
split_gain=0.976807 3.43475 3.06615 3.38428 2.40283 2.31808 2.12341 2.60496 3.46462 6.42672 2.5511 4.66997 4.2876 4.00212
threshold=0.97789987921714794 0.93541666865348827 0.49999998509883886 0.70871210098266613 -0.98340106010437001 0.98477792739868175 0.8959288001060487 0.77799394726753246 0.78019323945045482 0.99294379353523265 0.58578431606292736 0.93767654895782482 0.42926873266696935 0.96824595332145702
decision_type=2 2 2 2 2 2 2 2 2 2 2 2 2 2
left_child=6 4 3 -3 -2 -6 7 8 10 -10 11 -1 -13 -12
right_child=1 2 -4 -5 5 -7 -8 -9 9 -11 13 12 -14 -15
leaf_value=-0.00044118827922524944 -0.010059207363591924 0.024355523358536257 -0.010409152289401979 -0.010645175393609943 -0.0050650975207543712 0.023038918200330698 0.014617575896907133 -0.010119821050887864 0.029345553594322796 -0.0098667678701715132 -0.0012602210727912363 -0.00069601385719457443 0.029891383650757181 -0.019463568942462886
leaf_weight=554.89267170543644 2.2829665592289521 7.3176449548809597 36.335724538599607 4.1673104621131642 5.175778672533851 28.36745649527802 13.094613669207318 58.147497261141325 15.973500912839883 10.977585784487017 109.35429036756432 20.083412179596962 15.368129273556404 32.554133812140208
leaf_count=154239 268 178 1740 176 138 1228 2732 1748 462 458 6754 3051 603 1131
internal_value=0.000199983 0.00504205 -0.00365525 0.0126119 0.0149155 0.0185351 -0.000341925 -0.000755371 8.40917e-05 0.015026 -0.000660883 0.000813077 0.0162228 -0.00644249
internal_weight=914.093 83.6469 47.8207 11.485 35.8262 33.5432 830.446 817.351 759.204 26.9511 732.253 590.344 35.4515 141.908
internal_count=174906 3728 2094 354 1634 1366 171178 168446 166698 920 165778 157893 3654 7885
is_linear=0
shrinkage=0.05


Tree=310
num_leaves=15
num_cat=0
split_feature=44 14 53 20 34 41 45 47 7 23 7 52 52 40
split_gain=0.982036 1.64195 1.35663 1.77571 2.39838 1.77634 1.65497 1.86596 2.26281 2.87557 2.72359 3.29169 3.69783 3.19803
threshold=0.2525289803743363 0.64583334326744091 0.018562968820333484 0.049997249618172653 0.94559547305107128 0.00043414908577688044 0.034166395664215095 -0.083846259862184511 0.58411949872970592 0.37855504453182226 0.93377193808555614 0.90432646870613109 0.99511688947677623 0.51626968383789074
decision_type=2 2 2 2 2 2 2 2 2 2 2 2 2 2
left_child=1 -1 3 4 5 -2 -4 -8 9 -9 -10 -12 -13 -14
right_child=2 -3 6 -5 -6 -7 7 8 10 -11 11 12 13 -15
leaf_value=-0.0158346093465732 -0.00421377457481646 0.0080409618841593474 -0.012364753155160649 -0.006235642448196038 -0.0069101922648039278 0.029863541435229918 -0.00067205012265215448 -0.020696975622795183 0.012339396999247257 0.0076908902385034008 0.011845539066944542 -0.021207022319631497 -0.015516556667299321 0.013475415179159456
leaf_weight=12.031593551500917 2.0017096472911389 3.4011033592723825 15.775257868520383 5.6293280250210946 3.4072167400609024 9.0671004404139222 694.20037939927624 8.8868752236357995 87.929273175857816 9.4613889776192064 21.653239526276593 17.662171201316596 4.8436275210551711 17.934396180702606
leaf_count=8099 7836 384 3961 903 789 388 138282 706 6354 662 1501 1892 202 2947
internal_value=0.000213503 -0.00948008 0.000482531 0.0109194 0.0174126 0.0246259 0.000123401 0.00049088 0.00505455 -0.00850937 0.00714156 -0.000909611 -0.00873364 0.00445743
internal_weight=913.885 15.4327 898.452 20.1054 14.476 11.0688 878.347 862.571 168.371 18.3483 150.023 62.0934 40.4402 22.778
internal_count=174906 8483 166423 9916 9013 8224 156507 152546 14264 1368 12896 6542 5041 3149
is_linear=0
shrinkage=0.05


Tree=311
num_leaves=15
num_cat=0
split_feature=52 40 52 44 14 46 29 36 53 39 33 52 6 11
split_gain=0.959414 2.05733 1.49449 1.31416 1.89926 1.74691 4.00786 4.09192 2.62725 5.61191 5.56849 3.25909 3.25484 2.39487
threshold=0.00024454547383356845 0.57501655817031871 0.00041681931179482495 0.2525289803743363 0.64583334326744091 0.208102822303772 0.86607143282890331 -0.075535215437412248 0.98698890209198009 0.29166667163372045 0.74007874727249157 0.88006651401519786 0.1085995100438595 0.35388937592506414
decision_type=2 2 2 2 2 2 2 2 2 2 2 2 2 2
left_child=1 -1 -2 4 -4 6 7 8 10 12 -5 -11 -10 -13
right_child=2 -3 3 5 -6 -7 -8 -9 9 11 -12 13 -14 -15
leaf_value=0.02185084991440938 -0.014879481181401658 -0.0074886009586640628 -0.018330420712627662 -0.013465075687279929 0.0080188460566699999 -0.00049654972142371416 0.013613098639665569 -0.021444876449299159 -0.0099092108434708503 0.010653154992989531 0.022997959877900223 0.0079611345345030008 0.023016100271700365 -0.025019228502338078
leaf_weight=4.2560797320866177 6.6481982482437152 3.6972073281940538 10.704466772891463 7.6686102040112045 3.4015347886088412 730.06440467517223 66.258712120848941 11.146821120870298 4.4174090172164169 3.6995072906720479 22.419663947075605 1.7373277772567259 12.824688887427326 24.313283244235208
leaf_count=1257 1390 138 7194 121 354 152661 8420 328 182 293 523 85 522 1438
internal_value=0.000192091 0.0116377 -3.45076e-05 0.000237858 -0.0112859 0.000545736 0.00520207 -0.00185743 0.00311253 -0.00415208 0.012664 -0.015575 0.0140397 -0.0212215
internal_weight=913.258 7.95329 905.305 898.656 14.106 884.55 154.486 88.2273 77.0805 46.9922 30.0883 29.7501 17.2421 26.0506
internal_count=174906 1395 173511 172121 7548 164573 11912 3492 3164 2520 644 1816 704 1523
is_linear=0
shrinkage=0.05


Tree=312
num_leaves=15
num_cat=0
split_feature=26 9 9 45 9 48 37 28 9 9 28 25 46 27
split_gain=0.961348 1.93633 1.93391 2.44621 2.42978 3.87077 2.71265 1.95975 1.90807 4.02265 3.4168 3.08279 2.48016 3.02777
threshold=3.5114340782165532 4.6491756439208993 3.5408543348312382 0.99751299619674694 3.7012257575988774 2.5000000000000004 -0.49996486306190485 0.19639987498521808 2.8029010295867924 2.3502402305603032 0.054424287751317031 1.0000000180025095e-35 0.090684786438941969 0.1085995100438595
decision_type=2 2 2 2 2 2 2 2 2 2 2 2 2 2
left_child=2 -2 8 4 -4 -6 -7 -8 9 10 -1 12 -10 -14
right_child=1 -3 3 -5 5 6 7 -9 11 -11 -12 -13 13 -15
leaf_value=-0.022105210059533323 -0.019435928662722451 0.0058887027624694548 0.023941774976408495 -0.010025633971026626 -0.015744457090529504 -0.010390415378106983 -0.0054793263965804131 0.027790315720406814 0.0062634981436222566 0.017248510461330881 0.00033132479030337377 0.0044639576808988375 0.006274187725158014 -0.024947141543274955
leaf_weight=7.355704717047046 7.2192689648772994 7.0761647385497781 17.081926145297075 6.0066386596936345 9.2059660938666656 2.3657197423672178 2.03838708564217 9.3603610304890008 6.5589607826786951 24.648476490116082 752.09452731125202 27.54503744716294 5.3991272223374827 28.543147556724762
leaf_count=2632 2531 2863 3697 2329 2942 2498 94 1305 769 4578 135974 5418 369 6907
internal_value=0.000181971 -0.00963622 0.000442615 0.00943842 0.0137773 0.00124948 0.0144579 0.0220606 -0.000147451 0.000587438 -0.000170447 -0.00760585 -0.015073 -0.0196832
internal_weight=912.499 14.2954 898.204 46.059 40.0524 22.9704 13.7645 11.3987 852.145 784.099 759.45 68.0463 40.5012 33.9423
internal_count=174906 5394 169512 12865 10536 6839 3897 1399 156647 143184 138606 13463 8045 7276
is_linear=0
shrinkage=0.05


Tree=313
num_leaves=15
num_cat=0
split_feature=26 47 40 34 39 28 53 4 28 30 30 28 30 7
split_gain=0.951293 1.94464 4.36481 2.24711 2.9998 3.79452 1.97696 1.3439 1.34243 4.96139 3.84862 3.84545 2.61362 5.76775
threshold=2.9174053668975835 -0.73538130521774281 0.86282595992088329 0.98421010375022899 0.13392857462167743 0.9941176474094392 0.98429405689239513 0.78888890147209179 0.68457102775573742 0.80735492706298839 0.68457102775573742 0.77694860100746166 0.78830561041831981 0.90661337971687328
decision_type=2 2 2 2 2 2 2 2 2 2 2 2 2 2
left_child=1 3 7 4 -1 6 -6 -3 9 -2 11 -10 13 -12
right_child=8 2 -4 -5 5 -7 -8 -9 10 -11 12 -13 -14 -15
leaf_value=0.012274904891929193 0.00065896296266710133 0.027486846865068117 -0.013081216237993755 0.01362239819228097 0.0045102646338816121 0.0082711779479991213 -0.030873292714046204 -0.0018275987721829796 -0.025913097013508593 0.026206438684815248 -0.0016743220189342691 0.001192083116691528 -0.0023953539988735215 0.021082421243175112
leaf_weight=4.8349417919507749 311.66327545333115 14.910195206368376 4.1320260858337852 6.3979434283828587 2.0067694711069661 6.3014321929895223 12.134796782968804 3.2291419467946971 21.060962912969444 10.281688798600952 79.848127778474009 21.157597472163616 382.52894012930574 31.7081273773465
leaf_count=3929 84969 535 736 541 75 240 1034 206 4701 802 15519 4414 53199 4006
internal_value=0.000163858 0.00604795 0.0147394 -0.0021334 -0.0088523 -0.0162398 -0.0260638 0.0234734 -0.000271397 0.00223975 -0.00179225 -0.0147025 -0.000419318 0.00599618
internal_weight=912.196 53.9472 22.2714 31.6759 25.2779 20.443 14.1416 18.1393 858.249 321.945 536.304 42.2186 494.085 111.556
internal_count=174906 7296 1477 5819 5278 1349 1109 741 167610 85771 81839 9115 72724 19525
is_linear=0
shrinkage=0.05


Tree=314
num_leaves=15
num_cat=0
split_feature=42 39 46 6 31 20 47 8 36 42 41 52 39 8
split_gain=0.945392 1.2924 2.62925 2.92489 3.17206 2.51325 2.97032 5.18311 3.98765 2.806 2.78129 2.41058 2.28283 5.66821
threshold=20.500000000000004 0.13392857462167743 0.85789737105369579 0.93127068877220165 0.2237871661782265 0.06571113690733911 -0.98376023769378651 1.4978661537170412 -0.98910072445869435 7.5000000000000009 0.00032792422280181205 0.9966702163219453 0.18333333730697635 1.7005987167358401
decision_type=2 2 2 2 2 2 2 2 2 2 2 2 2 2
left_child=1 2 11 4 -4 6 8 10 -6 -10 -8 -1 13 -3
right_child=-2 12 3 -5 5 -7 7 -9 9 -11 -12 -13 -14 -15
leaf_value=0.0030732936010626002 -0.012962790448109799 -0.01463618271101387 -0.0055798764984549866 -0.0099724639796274564 -0.014148991489093841 -0.0045705414555361297 -0.0049387302409604952 -0.005698320899214117 -0.0043266443650326423 0.024328045198649534 0.035733135621043147 -0.019050290809880719 0.00036116249568695534 0.020719790123926086
leaf_weight=25.114386391098378 3.4962136611156884 53.808973698409318 18.632338300538322 11.854549173694975 10.027900408558702 10.6906637709435 2.1945672861002086 7.8551767947210456 9.5533851673317312 12.641447795116617 30.478426318761194 10.536653894640038 700.27243502484089 4.6685981121954674
leaf_count=2971 94006 9150 3931 1356 6317 1916 6214 736 748 9568 1055 147 35803 988
internal_value=0.000177143 0.000368325 0.0044599 0.008029 0.0108229 0.0146908 0.0177315 0.0254205 0.00433054 0.0144813 0.0324841 -0.00620604 -0.000485809 -0.00919994
internal_weight=911.826 908.33 149.579 113.928 102.074 83.4416 72.7509 40.5282 32.2227 22.1948 32.673 35.651 758.75 58.4776
internal_count=174906 80900 34959 31841 30485 26554 24638 8005 16633 10316 7269 3118 45941 10138
is_linear=0
shrinkage=0.05


Tree=315
num_leaves=15
num_cat=0
split_feature=52 40 52 28 15 40 47 40 7 26 28 50 7 42
split_gain=0.940461 1.99229 1.44994 1.5085 1.98358 1.43582 1.37173 3.59574 3.07534 4.1896 4.04577 3.90547 3.72583 4.51634
threshold=0.00024454547383356845 0.57501655817031871 0.0025260914117097859 0.22361110895872119 1.0000000180025095e-35 1.0000000180025095e-35 -0.61178082227706898 0.81538873910903942 0.76417112350463878 2.9700856208801274 0.20734438300132754 3.5000000000000004 0.89528506994247448 4.5000000000000009
decision_type=2 2 2 2 2 2 2 2 2 2 2 2 2 2
left_child=1 -1 3 -2 5 -5 7 -4 9 -8 -11 -12 -10 -14
right_child=2 -3 6 4 -6 -7 8 -9 12 10 11 -13 13 -15
leaf_value=0.021525000842199285 0.0071247906861938264 -0.0073560470083581979 -0.00046447820188448688 0.0058568403884173906 0.0060163668867176624 -0.024063792117941855 0.015018504974482698 -0.019329504317443329 0.011654649313968339 0.011079178191934193 -0.015787154925675003 0.0070064939847882179 0.0052496834239316855 -0.011441101635111263
leaf_weight=4.2685564743060231 3.8429745807734461 3.69490400297218 442.30064183223021 0.77081794556034111 4.3533989715624548 14.633291733849545 15.287788911182359 16.827359269052977 117.05393381147951 16.322799454417691 78.943755295013034 17.601902349066222 128.83545417309506 47.250081610387497
leaf_count=1257 485 138 130499 760 3580 768 795 326 8804 1450 11459 877 7081 6627
internal_value=0.000160841 0.0114895 -6.35612e-05 -0.0102589 -0.0148982 -0.0208505 0.000321878 -0.00155319 0.00235396 -0.00390396 -0.00748069 -0.0113639 0.00512836 0.000396797
internal_weight=911.988 7.96346 904.024 23.6005 19.7575 15.4041 880.424 459.128 421.296 128.156 112.868 96.5457 293.139 176.086
internal_count=174906 1395 173511 5593 5108 1528 167918 130825 37093 14581 13786 12336 22512 13708
is_linear=0
shrinkage=0.05


Tree=316
num_leaves=15
num_cat=0
split_feature=16 36 30 36 27 36 52 52 46 14 45 30 42 22
split_gain=0.93276 2.46 1.62038 1.26207 5.95608 3.83429 3.3716 3.2189 2.48013 2.81067 2.31839 2.30094 2.26037 3.97884
threshold=1.0000000180025095e-35 -0.62496271729469288 0.24048192799091342 -0.75997346639633168 0.61651584506034862 -0.73327764868736256 0.27636978030204779 0.0064675216563045987 0.99695417284965526 0.77500000596046459 0.99634352326393139 0.77723839879035961 9.5000000000000018 0.62563130259513866
decision_type=2 2 2 2 2 2 2 2 2 2 2 2 2 2
left_child=3 2 -2 4 7 6 -5 -1 11 10 -10 -9 -7 -14
right_child=1 -3 -4 5 -6 12 -8 8 9 -11 -12 -13 13 -15
leaf_value=0.020907225648791761 0.0090508908096408741 0.021493598727380058 -0.01637803900330927 0.010593541430803139 0.023450191836955087 0.000262965032021839 -0.026032208619651748 -0.0064823651021257526 0.032420644362841658 -0.0097169830652484787 -0.0035066686128828657 0.015312604302739445 -0.024288161241647191 0.011223304132198098
leaf_weight=6.0452537568507969 2.7187495694288373 6.5590141138054587 4.3748429315764952 2.3033005798533877 21.371664165928451 687.74796647248513 15.585655785178458 130.51333551149128 4.5183472215085185 3.4272940232895044 3.9451862739988428 3.8074497028137548 13.300825030748458 4.8406106775946673
leaf_count=2311 155 815 1091 658 4114 27385 3631 17237 11198 2232 11809 285 91781 204
internal_value=0.000159614 0.00996072 -0.00703864 -9.76221e-05 0.00361067 -0.0010243 -0.0192089 -0.000447739 -0.00261255 0.0133079 0.0228447 -0.00484636 -0.000301569 -0.0141917
internal_weight=911.059 13.6526 7.09359 897.407 173.629 723.778 17.889 152.257 146.212 11.8908 8.46353 134.321 705.889 18.1414
internal_count=174906 2061 1246 172845 49186 123659 4289 45072 42761 25239 23007 17522 119370 91985
is_linear=0
shrinkage=0.05


Tree=317
num_leaves=15
num_cat=0
split_feature=31 27 52 39 53 44 33 28 45 44 44 3 36 28
split_gain=0.971422 3.66456 4.38326 4.21559 5.24274 4.13879 4.41444 3.29849 2.70657 2.64727 2.59116 2.5482 5.35686 3.88865
threshold=0.42933948338031774 0.4901809841394425 0.90432646870613109 0.41666667163372045 0.98585984110832225 0.99876257777214061 0.80862691998481762 0.2930081188678742 0.99827116727828991 0.99896499514579784 0.99883729219436657 0.48339594900608068 -0.77271747589111317 0.050641026347875602
decision_type=2 2 2 2 2 2 2 2 2 2 2 2 2 2
left_child=1 3 -3 4 9 6 -6 -4 -8 -1 -9 12 13 -2
right_child=11 2 7 -5 5 -7 8 10 -10 -11 -12 -13 -14 -15
leaf_value=-0.022322712720633249 -0.0097614743493983011 -0.011871245107445338 -0.00027270511090904127 0.016350443434778164 -0.0076140339480452283 -0.012182526636291833 0.023438117158178538 0.041525072064229077 -0.0091934569085562589 0.0078717414356094546 -0.0032502010703365962 0.00091724295976152554 -0.014153844572895239 0.011621281341653149
leaf_weight=30.960562819587722 25.166493974233163 3.9169003317838387 8.7033629307043174 20.103133733831783 16.114755844208048 19.62107929771355 30.400254161821067 10.27824563721151 2.0776451545716546 3.5856125468271776 2.2170800296280495 610.18055310775162 81.556383350865872 45.558624756509744
leaf_count=15764 1688 1518 1913 437 15869 8001 5696 2459 261 1082 667 96608 14955 7988
internal_value=0.00018292 0.00375367 0.0179987 -0.00029381 -0.00471121 0.003531 0.0108722 0.0255539 0.0196778 -0.0181252 0.0356673 -0.000549714 -0.00612201 0.00374587
internal_weight=910.441 147.979 25.1156 122.863 102.76 68.2137 48.5927 21.1987 32.4779 34.5462 12.4953 762.462 152.282 70.7251
internal_count=174906 53667 6557 47110 46673 29827 21826 5039 5957 16846 3126 121239 24631 9676
is_linear=0
shrinkage=0.05


Tree=318
num_leaves=15
num_cat=0
split_feature=30 7 52 36 31 31 31 40 37 27 46 39 52 44
split_gain=0.947316 1.66921 2.5662 1.92232 1.56181 1.49971 3.8111 9.95774 4.29218 3.25598 3.23842 4.24964 4.47035 6.97419
threshold=0.18301435559988025 0.34654632210731512 0.99597084522247326 -0.56319758296012867 0.16064515709877017 0.25586470961570745 0.32466214895248419 0.44745333492755895 -0.1092117317020893 0.31698563694953924 0.98967263102531444 0.22500000149011615 0.99902218580245983 0.99840202927589428
decision_type=2 2 2 2 2 2 2 2 2 2 2 2 2 2
left_child=1 2 -1 -3 -4 -2 7 8 -7 -10 11 12 13 -8
right_child=5 3 4 -5 -6 6 10 -9 9 -11 -12 -13 -14 -15
leaf_value=0.011071018843754441 -0.0075299824264863577 0.022757741273095794 -0.022541169269821717 -0.0079685080696525711 0.0045405311399961661 0.0025800058172813943 0.0019539853237365325 -0.012942711587838092 -0.0052029663323659948 0.05030422843285777 -0.010311824614856822 -0.0014476768303577675 -0.017090229021521894 0.023818151492354191
leaf_weight=9.7553760776991165 54.129723467562144 10.281413100896314 5.2459725786829932 1.2680525386112993 3.8521708587140893 10.335260206406018 105.31400575846783 14.108438306080641 1.0490327098250443 9.2971437317355576 64.672223222420143 565.26263291854411 7.9951905505149616 47.489387787936721
leaf_count=1197 8057 909 564 112 351 15101 21418 344 324 2445 103764 19619 138 563
internal_value=0.000179083 0.00766567 -0.00215065 0.0172519 -0.0147012 -0.000162928 0.000404473 0.0145943 0.0314752 0.0448851 -0.000394301 0.000617172 0.00753561 0.00979471
internal_weight=910.056 30.403 18.8535 11.5495 9.09814 879.653 825.523 34.7899 20.6814 10.3462 790.733 726.061 160.799 152.803
internal_count=174906 3133 2112 1021 915 171773 163716 18214 17870 2769 145502 41738 22119 21981
is_linear=0
shrinkage=0.05


Tree=319
num_leaves=15
num_cat=0
split_feature=53 37 14 31 11 47 6 40 27 26 51 44 2 20
split_gain=0.957941 3.63645 8.52759 3.71102 3.91052 3.87111 3.67003 3.62323 2.87021 2.86719 5.84897 4.5355 4.31425 4.06501
threshold=0.99715062975883495 -0.63864290714263905 0.64583334326744091 0.27334994077682501 0.80258965492248546 -0.98140442371368397 0.75582656264305126 0.75324806571006786 0.91734972596168529 2.9700856208801274 2.5000000000000004 0.99681228399276745 0.72783389687538158 0.067418664693832411
decision_type=2 2 2 2 2 2 2 2 2 2 2 2 2 2
left_child=9 -2 7 -4 5 -5 -7 -3 -8 10 13 -12 -13 -1
right_child=1 2 3 4 -6 6 8 -9 -10 -11 11 12 -14 -15
leaf_value=-0.00324455063072317 0.0072650826165204796 -0.020312619459357154 -0.0095971306556407888 -0.011410315694050438 -0.007282617270512143 0.03165275954829732 -0.012748111598418616 0.0014690118045272552 0.015699865090288683 -7.0483679411849747e-05 -0.017772298412411069 0.020769474550998812 -0.013561447946656336 0.029961818276304654
leaf_weight=9.9941055269746339 60.97024204958052 73.051805641099236 20.535700776068552 3.7011457089229216 14.655769232529563 24.791605689932112 8.3220088958041725 23.122402483422775 7.2515643691003779 598.6205650300426 17.76078549767135 15.650067663196753 5.8713708001523619 25.660544358315747
leaf_count=2575 23351 25418 480 1199 1527 919 413 976 2501 109283 2595 2744 424 501
internal_value=0.000186587 -0.00248845 -0.00608721 0.00570906 0.0116794 0.0181664 0.0226054 -0.0154307 0.00145761 0.00114813 0.009745 -0.0035687 0.0100725 0.0219821
internal_weight=909.96 236.402 175.432 79.2578 58.7221 44.0663 40.3652 96.1742 15.5736 673.557 74.9369 39.2822 21.5214 35.6546
internal_count=174906 56784 33433 7039 6559 5032 3833 26394 2914 118122 8839 5763 3168 3076
is_linear=0
shrinkage=0.05


Tree=320
num_leaves=15
num_cat=0
split_feature=31 26 39 12 34 32 33 30 48 31 30 30 39 6
split_gain=0.931364 3.07308 3.58488 3.82507 3.51252 3.28134 3.85153 2.98354 2.83784 2.42947 3.29747 2.80493 5.17272 4.08508
threshold=0.42933948338031774 3.113268375396729 0.22500000149011615 0.88562092185020458 0.95850551128387462 0.88753697276115429 0.96788921952247631 0.52976614236831676 3.5000000000000004 0.49295215308666235 0.51899951696395885 0.6820855736732484 0.22500000149011615 0.11852502077817918
decision_type=2 2 2 2 2 2 2 2 2 2 2 2 2 2
left_child=1 2 4 -4 -1 8 7 -7 -3 -2 -11 12 13 -12
right_child=9 5 3 -5 -6 6 -8 -9 -10 10 11 -13 -14 -15
leaf_value=-0.018359611576212648 -0.016397964825269545 0.035323821045239345 0.015664704085227101 -0.0080148054291679198 0.007801850981895276 -0.01499897946428172 0.017092807900243916 0.016021398693012178 -0.0038583785451017033 0.015004260127282142 -0.010324999980123831 0.00076924485557825991 -0.013477508943761922 0.015522920228628721
leaf_weight=31.663261483928181 13.403488894604378 9.4259564389121788 31.886068915402575 20.697170411411207 11.881074715895918 21.977266933467948 15.096403162551722 1.3697490287377139 3.6963409401887466 24.786410942919247 16.483571761083113 588.85437928430201 89.388270452999677 28.758666342725519
leaf_count=26479 5549 10558 1705 229 4854 4568 420 33 4821 7726 1748 81662 3696 20858
internal_value=0.000183045 0.00368276 -0.00173477 0.00655289 -0.0110975 0.0124234 0.00271453 -0.00892035 0.0273915 -0.000534501 -3.7838e-05 -0.000750712 -0.00699231 0.00594119
internal_weight=909.368 147.693 96.1276 52.5832 43.5443 51.5657 38.4434 23.347 13.1223 761.675 748.271 723.485 134.631 45.2422
internal_count=174906 53667 33267 1934 31333 20400 5021 4601 15379 121239 115690 107964 26302 22606
is_linear=0
shrinkage=0.05


Tree=321
num_leaves=15
num_cat=0
split_feature=28 30 30 28 31 34 11 13 33 33 14 7 7 27
split_gain=0.961375 4.61905 3.48321 3.7862 2.78168 2.62916 4.00974 5.49728 3.71504 3.35127 3.02233 5.95388 5.21072 4.69465
threshold=0.68457102775573742 0.84273937344551098 0.6820855736732484 0.77694860100746166 0.74133810400962841 0.26709130406379705 0.36376661062240606 0.69615384936332714 0.83732384443283092 0.70620205998420726 0.64583334326744091 0.77459675073623668 0.69604039192199718 0.73746865987777721
decision_type=2 2 2 2 2 2 2 2 2 2 2 2 2 2
left_child=1 5 3 -2 -4 -1 9 8 -8 -7 12 -12 -9 -14
right_child=2 -3 4 -5 -6 6 7 10 -10 -11 11 -13 13 -15
leaf_value=0.021025158077386037 -0.024410189217200368 0.029344073923034342 0.016828751822096404 0.0018612265694233937 -0.00058062991663846146 -0.020725294651401268 0.028719098470860467 0.0059895817222559225 0.0014057521367894397 0.002555871526699823 -0.0041028025115984806 0.015685626221710543 -0.023662661577388989 0.00758890911849547
leaf_weight=5.6590440620202562 21.346265861886422 5.1009750890643764 13.98616387234142 22.043165462793695 518.9236086602159 28.06142271151657 19.90064624943534 35.692608521448165 23.190441304873275 22.708190139689577 91.152763671714638 51.704029308250028 39.364188962118533 10.568598648829719
leaf_count=2261 4686 368 3791 4445 72399 42582 9082 7338 5339 11204 2162 1653 7224 372
internal_value=0.000193669 0.00229389 -0.00103869 -0.0132148 0.000177835 0.0010175 4.41777e-05 0.00255677 0.0170533 -0.0116051 -0.000777663 0.00361683 -0.00772091 -0.0168855
internal_weight=909.402 333.103 576.299 43.3894 532.91 328.002 322.343 271.573 43.0911 50.7696 228.482 142.857 85.6254 49.9328
internal_count=174906 89585 85321 9131 76190 89217 86956 33170 14421 53786 18749 3815 14934 7596
is_linear=0
shrinkage=0.05


Tree=322
num_leaves=15
num_cat=0
split_feature=32 12 52 46 7 30 34 44 7 27 6 53 23 46
split_gain=0.953928 2.72203 3.13378 3.89185 3.46138 2.57378 2.18 2.11897 3.13496 3.04632 4.64639 6.7819 4.35829 5.7336
threshold=0.91693207621574413 0.58578431606292736 0.99834465980529796 0.6776452660560609 0.87138131260871898 0.23132664710283282 0.9329243302345277 0.93985751271247875 0.84698995947837841 0.83438816666603099 0.83752354979515087 0.98538988828659069 0.50826054811477672 0.39213618636131292
decision_type=2 2 2 2 2 2 2 2 2 2 2 2 2 2
left_child=-1 2 3 6 5 -4 -2 8 -3 12 -11 -12 13 -9
right_child=1 7 4 -5 -6 -7 -8 9 -10 10 11 -13 -14 -15
leaf_value=-0.0010288655607909722 -0.0064623129576406374 -0.022476612531927505 -0.0045619818455393483 -0.0073122243360065819 -0.0044078376359393493 0.040907476630930001 0.021904467035327429 0.0077115621227749551 0.0077277290646566472 0.01803842851159598 0.017084206786225697 -0.017166847439876037 0.0016832767977189554 -0.028700340160344298
leaf_weight=570.58654154178203 4.0135987069388674 12.969849047742175 1.5325345642049786 32.026411788230689 4.9315666339743975 8.1773468409446632 16.962914884383281 11.482809003966397 7.3864254750023965 45.020567031591781 14.792627779766915 25.190636462240946 133.93164832085313 20.004792966145033
leaf_count=154273 373 532 84 4531 401 863 985 522 192 1938 295 3736 5487 694
internal_value=0.000214754 0.00228086 0.010534 0.00305925 0.0253704 0.0350574 0.0161428 -8.26168e-05 -0.0125815 0.00137749 0.00854634 -0.00361221 -0.00258355 -0.0167636
internal_weight=909.01 338.424 67.6444 53.0029 14.6414 9.70988 20.9765 270.779 20.3563 250.423 85.0038 39.9833 165.419 31.4876
internal_count=174906 20633 7237 5889 1348 947 1358 13396 724 12672 5969 4031 6703 1216
is_linear=0
shrinkage=0.05


Tree=323
num_leaves=15
num_cat=0
split_feature=35 35 12 11 53 44 42 47 43 44 53 9 53 6
split_gain=0.945408 5.35907 3.45593 3.17047 3.60753 3.48416 3.67199 3.42498 5.71313 5.58644 3.23186 3.22289 3.11429 3.78152
threshold=0.25833334028720861 0.19090909510850909 0.81534090638160717 0.68978881835937511 0.99220550060272228 0.96526828408241283 3.5000000000000004 -0.61178082227706898 3.5000000000000004 0.99645903706550609 0.9950985610485078 1.0000000180025095e-35 0.99858573079109203 0.72176682949066173
decision_type=2 2 2 2 2 2 2 2 2 2 2 2 2 2
left_child=1 2 3 4 5 -1 11 8 10 -10 -6 -7 -2 -14
right_child=12 -3 -4 -5 7 6 -8 -9 9 -11 -12 -13 13 -15
leaf_value=0.0086042748095511868 0.0003898614269978426 0.030873580057424757 0.020790424262499288 -0.016556778192187309 0.0089569465385837786 0.0034981529067874238 -0.0017985603009720791 0.017064656256751801 -0.016889382969591082 0.018269549128687959 -0.014787197294655481 -0.028374409883676378 0.00035654963570761589 -0.022061154509752719
leaf_weight=28.02596286998687 537.55362827999761 5.7507588256230511 10.432975560899648 17.837255075133726 11.936851686961743 7.8612261922680799 67.013775609955701 39.995580093840545 5.8757541654586012 44.868603967841409 44.270707621584734 22.180086346808821 38.36247609826205 26.331407086865511
leaf_count=5897 95291 9090 308 809 276 110 17557 1980 4661 20147 994 302 9305 8179
internal_value=0.000216582 0.00243533 0.000913323 -0.000471568 0.00113282 -0.0049003 -0.00923939 0.00625321 0.00109676 0.0120882 -0.0091534 -0.0212433 -0.000932301 -0.0104998
internal_weight=908.297 306.05 300.299 289.866 272.029 125.081 97.0551 146.947 106.952 50.7444 56.2076 30.0413 602.248 64.6939
internal_count=174906 62131 53041 52733 51924 23866 17969 28058 26078 24808 1270 412 112775 17484
is_linear=0
shrinkage=0.05


Tree=324
num_leaves=15
num_cat=0
split_feature=37 43 26 37 53 14 37 26 40 11 11 42 26 51
split_gain=0.939257 4.00089 3.05782 2.2655 1.81459 4.63425 4.99833 4.0813 3.35481 3.35072 4.53241 3.51844 3.32732 5.49167
threshold=-0.84475931525230397 3.5000000000000004 3.113268375396729 -0.8232440948486327 0.99715062975883495 0.64583334326744091 -0.63864290714263905 3.0201274156570439 0.75324806571006786 0.77799394726753246 0.50056946277618419 7.5000000000000009 2.9700856208801274 2.5000000000000004
decision_type=2 2 2 2 2 2 2 2 2 2 2 2 2 2
left_child=1 2 -1 -2 12 6 -6 -7 -8 10 -9 -12 13 -5
right_child=3 -3 -4 4 5 7 8 9 -10 -11 11 -13 -14 -15
leaf_value=-0.024270652171314241 0.017662112239932633 0.0080178801008183292 0.0046453949016693839 0.022819741293861384 0.0064383917676819951 -0.0068006483549745457 -0.019463161022267028 -0.0039072650739192952 0.0015093483617151114 -0.0050161394198231686 0.035286671977493772 -0.0072237869830382717 0.00020222959989034102 -0.0025591646333991821
leaf_weight=19.132421979760696 9.097419825283394 22.88340083397361 9.2665927365596854 34.755670610504239 31.397975391943874 34.249919329275144 72.286288330366006 11.023177593573562 23.040414288174361 13.362140273493422 20.209466171800162 2.2345770661886482 568.21782715436711 37.247838696693179
leaf_count=285 3192 18697 226 2754 13629 3589 25418 1454 976 945 1351 200 97202 4988
internal_value=0.000210073 -0.00577501 -0.0160828 0.000630636 0.000244209 -0.00370881 -0.00939951 0.00524107 -0.0147321 0.013695 0.020601 0.0301322 0.00156459 0.01098
internal_weight=908.405 51.2824 28.399 857.123 848.025 207.804 126.725 81.0793 95.3267 46.8294 33.4672 22.444 640.221 72.0035
internal_count=174906 19208 511 155698 152506 47562 40023 7539 26394 3950 3005 1551 104944 7742
is_linear=0
shrinkage=0.05


Tree=325
num_leaves=15
num_cat=0
split_feature=27 1 3 3 20 37 7 53 12 20 42 45 20 48
split_gain=0.970983 4.88599 8.9367 3.47128 2.85801 5.21833 3.58375 3.7121 3.47531 2.86886 4.6045 4.53282 2.99935 2.89665
threshold=0.95861870050430309 1.0000000180025095e-35 0.78532448410987865 0.86487466096878063 0.2728812992572785 -0.067956753075122819 0.93377193808555614 0.98429405689239513 0.70710784196853649 0.20695806294679644 5.5000000000000009 0.31392370164394384 0.18415380269289019 2.5000000000000004
decision_type=2 2 2 2 2 2 2 2 2 2 2 2 2 2
left_child=1 2 4 -3 9 -6 8 -8 -7 12 11 -11 13 -1
right_child=-2 3 -4 -5 5 6 7 -9 -10 10 -12 -13 -14 -15
leaf_value=-0.0041692004393544613 -0.0018804686176216057 -0.030572169086325224 0.018562601210890949 0.0041195374101259414 -0.022290341383613129 -0.0067339661572568977 0.007119253807846674 -0.024874466218927263 0.02137483525462772 -0.012255016745946402 -0.010637232660079717 0.026653159966647612 -0.014952015493179732 0.0049263609154135638
leaf_weight=133.3550063851726 337.10495176183758 9.7435803015760047 64.636043284115658 8.0431510803155088 27.717583850095252 11.770655363070547 10.456166799413042 9.6305002096632943 18.43296456115786 3.1361673573264879 9.2248270922464126 28.111189745279262 20.258233443626523 216.41038781907355
leaf_count=42449 46961 4652 5050 1431 869 272 149 578 455 67 332 787 572 70282
internal_value=0.00021434 0.0014623 0.00244835 -0.0190477 -1.33873e-05 -0.00820672 0.00196518 -0.0113893 0.0114703 0.00170176 0.0128843 0.0207237 0.000171784 0.001439
internal_weight=908.031 570.926 553.14 17.7867 488.504 78.0079 50.2903 20.0867 30.2036 410.496 40.4722 31.2474 370.024 349.765
internal_count=174906 127945 121862 6083 116812 2323 1454 727 727 114489 1186 854 113303 112731
is_linear=0
shrinkage=0.05


Tree=326
num_leaves=15
num_cat=0
split_feature=35 35 3 27 53 53 47 43 53 14 49 14 35 7
split_gain=0.939532 5.12418 3.39204 5.8318 3.78793 3.21577 3.31654 4.72252 2.9156 6.74948 6.24014 6.0452 4.82319 4.66156
threshold=0.25833334028720861 0.19090909510850909 0.64247611165046703 0.4901809841394425 0.99120333790779125 0.99388703703880321 -0.61178082227706898 3.5000000000000004 0.93642082810401928 0.29285715520381933 2.5000000000000004 0.35416667163372045 0.63333335518836986 0.75931033492088329
decision_type=2 2 2 2 2 2 2 2 2 2 2 2 2 2
left_child=1 2 3 -1 -4 -6 7 -7 10 -10 -2 12 -12 -13
right_child=8 -3 4 -5 5 6 -8 -9 9 -11 11 13 -14 -15
leaf_value=-0.0080644407988968731 -0.0023835139089476813 0.030112551049084453 -0.0086768834486617985 0.020465087843297824 0.018871559553385042 -0.015315927950015419 0.011020882778101065 0.0062762344089475593 -0.016065131437700362 -0.00014567262819214404 -0.0049014639542125501 -0.017240230049174497 0.033340387787249536 0.013412809725090208
leaf_weight=21.469550611263912 141.26505835519947 5.8439527139344127 103.10020149555749 38.708709785933934 17.676935525117187 43.667435979521542 35.594366446213826 40.031827644244004 74.195510471194211 319.15598385239628 7.4594319940042615 14.222192103807176 29.897102173086751 15.545572249880022
leaf_count=17142 20283 9090 9061 14928 1320 724 1127 8739 59407 26639 3621 569 1802 454
internal_value=0.000178874 0.00239053 0.000897758 0.0105879 -0.00185754 0.00351664 -4.22676e-05 -0.00542112 -0.000966837 -0.00347231 0.00370488 0.0151658 0.0262817 -0.0018849
internal_weight=907.834 306.093 300.249 60.1783 240.071 136.971 119.294 83.6993 601.741 393.351 208.389 67.1243 37.3565 29.7678
internal_count=174906 62131 53041 32070 20971 11910 10590 9463 112775 86046 26729 6446 5423 1023
is_linear=0
shrinkage=0.05


Tree=327
num_leaves=15
num_cat=0
split_feature=14 35 42 45 12 32 37 28 37 49 34 33 26 29
split_gain=0.912372 5.97526 2.92727 4.31645 6.54054 4.06256 3.61277 3.88217 5.03002 4.15886 3.66235 3.44559 3.16665 3.08052
threshold=1.0000000180025095e-35 0.84523808956146251 5.5000000000000009 0.99285340309143078 0.65942031145095836 0.80658715963363659 -0.35886783897876734 0.69282051920890819 -0.13014084100723264 4.5000000000000009 0.86689975857734691 0.85653752088546764 3.2384861707687382 0.81666666269302379
decision_type=2 2 2 2 2 2 2 2 2 2 2 2 2 2
left_child=1 -1 6 5 -5 -4 -2 10 9 -9 -8 -10 -6 -13
right_child=2 -3 3 4 12 -7 7 8 11 -11 -12 13 -14 -15
leaf_value=0.00051766909299577732 0.011584611236008305 0.027616095698380944 0.0069493331257855203 -0.01246489022250449 0.019639938385319952 -0.025377179572080272 0.01833216245004338 -0.023923233926741644 0.01209700339945882 0.0071939671169281225 0.00014044470207451437 -0.01667967817243185 -0.0087863178897178481 0.0036385895064846604
leaf_weight=425.76364196324721 56.187577897733718 11.387706791543676 7.8322232292139224 41.445053519121757 28.875824277729407 33.250502837955537 25.087263074594375 41.685817729623523 29.698636699962663 8.6351154494041094 131.55622590383427 25.775313221703982 6.6579763277859447 32.972410672809929
leaf_count=136473 1844 500 6396 10789 1256 5603 597 1673 1833 865 2335 1021 215 3506
internal_value=0.000202634 0.00182539 -0.00131437 -0.00779121 -0.000277084 -0.0190603 0.00101578 -0.00130792 -0.00714242 -0.0182761 0.00397919 0.000405021 0.0135538 -0.00640547
internal_weight=906.811 437.151 469.66 118.062 76.9789 41.0827 351.598 295.411 138.767 50.3209 156.643 88.4464 35.5338 58.7477
internal_count=174906 136973 37933 24259 12260 11999 13674 11830 8898 2538 2932 6360 1471 4527
is_linear=0
shrinkage=0.05


Tree=328
num_leaves=15
num_cat=0
split_feature=26 8 9 37 41 9 9 28 25 8 46 40 41 53
split_gain=0.916545 1.95311 1.79462 2.33743 2.09904 1.6925 3.69976 3.21302 2.80135 3.47645 2.99524 2.39726 5.2914 2.99551
threshold=3.5114340782165532 4.0859410762786874 3.5408543348312382 -0.71308603882789601 0.0012586775119416418 2.8029010295867924 2.3502402305603032 0.054424287751317031 1.0000000180025095e-35 0.89587974548339855 0.090684786438941969 0.81538873910903942 0.96141138672828685 0.9766468107700349
decision_type=2 2 2 2 2 2 2 2 2 2 2 2 2 2
left_child=2 -2 5 -4 -5 6 7 -1 9 -7 -11 -9 13 -13
right_child=1 -3 3 4 -6 8 -8 11 -10 10 -12 12 -14 -15
leaf_value=-0.021521293316323905 -0.017376575410867564 0.0083916698349570627 -0.011085689453800979 -0.0090030407875286832 0.016388128776784566 0.0090500063601357036 0.016553048827122645 0.0012831013699042895 0.0043309633968773463 0.0056523724157401863 -0.025681788099482496 -0.0010080177569113476 0.014633214736549422 -0.022816767174707722
leaf_weight=7.1964379063920196 9.9432486042669534 4.2080929687963353 4.4068683320310802 3.1898057706930549 38.095915082871215 6.9079814614433408 24.661616163977669 677.72806284836224 27.331446873921777 5.6340938077746605 27.259260003189411 27.514537704410031 12.178315531404222 30.100065476552118
leaf_count=2632 3666 1728 3984 7646 1235 1236 4578 130052 5418 573 6236 319 5114 489
internal_value=0.000203494 -0.00941214 0.000458642 0.00915281 0.0130534 -0.00011203 0.000580027 -0.000151551 -0.00718004 -0.014367 -0.0202482 0.000335563 -0.00787324 -0.0140912
internal_weight=906.356 14.1513 892.204 45.6926 41.2857 846.512 779.379 754.717 67.1328 39.8013 32.8934 747.521 69.7929 57.6146
internal_count=174906 5394 169512 12865 8881 156647 143184 138606 13463 8045 6809 135974 5922 808
is_linear=0
shrinkage=0.05


Tree=329
num_leaves=15
num_cat=0
split_feature=26 9 9 33 9 51 26 20 15 53 7 30 36 52
split_gain=0.917194 2.67182 2.18741 2.39535 1.35523 1.3449 6.49064 5.53126 3.61651 8.78628 4.43922 3.58377 4.12255 6.48169
threshold=3.4175922870635991 3.6242519617080693 4.7228643894195566 0.95011311769485485 3.9607677459716801 2.5000000000000004 2.9700856208801274 0.067418664693832411 1.0000000180025095e-35 0.99120333790779125 0.91010102629661571 0.87585616111755382 -0.75997346639633168 0.99740803241729747
decision_type=2 2 2 2 2 2 2 2 2 2 2 2 2 2
left_child=1 5 3 -2 -3 6 7 -1 10 -10 11 12 -7 -14
right_child=2 4 -4 -5 -6 8 -8 -9 9 -11 -12 -13 13 -15
leaf_value=-0.0052237898503697117 -0.017787077576283054 0.020930077523848321 0.0093232688874031328 0.0089285002926068474 -0.0025343086596912026 0.010528653221160679 -0.00036139619242608748 0.026769415305031768 0.0087441565603113818 -0.027984890892815209 -0.0075938568789020236 0.016290843264889332 -0.013964264645405448 0.0080866581279285376
leaf_weight=15.546743661847357 24.158240481833676 13.327034858504705 8.1006422520913457 4.365110873743105 5.6895544143426369 59.725786104808321 420.87943884595916 33.059392848086645 21.620769227911296 28.809956846947898 116.12867578141049 37.732279005691453 66.7430998979371 50.181416774102217
leaf_count=4189 8381 3376 3060 222 2264 10036 74228 830 10487 37917 8511 1978 5314 4113
internal_value=0.000175474 0.000535912 -0.00666093 -0.0124422 0.0154558 2.65339e-05 0.0018009 0.0173911 -0.00215038 -0.0133971 -9.1274e-05 0.0041301 0.00079895 -0.00460899
internal_weight=906.068 869.444 36.624 28.5234 19.0166 850.428 469.486 48.6061 380.942 50.4307 330.511 214.383 176.65 116.925
internal_count=174906 163243 11663 8603 5640 157603 79247 5019 78356 48404 29952 21441 19463 9427
is_linear=0
shrinkage=0.05


Tree=330
num_leaves=15
num_cat=0
split_feature=45 26 53 6 33 52 33 2 52 53 53 32 12 3
split_gain=0.904452 1.39162 1.19165 1.78563 1.82646 1.42184 3.80851 4.57426 4.31255 3.57851 4.88026 3.31282 6.13724 3.56562
threshold=0.010874516330659391 3.1984648704528813 0.018562968820333484 0.84028983116149913 0.82970842719078075 0.99718520045280468 0.97789987921714794 0.11978260800242425 0.99761435389518749 0.99670207500457775 0.9823889732360841 0.88947063684463512 0.62828946113586437 0.82474124431610119
decision_type=2 2 2 2 2 2 2 2 2 2 2 2 2 2
left_child=1 -1 3 4 -2 -4 8 -8 -7 10 11 -10 13 -13
right_child=2 -3 5 -5 -6 6 7 -9 9 -11 -12 12 -14 -15
leaf_value=-0.017445682856241033 0.023237278424951581 0.0060309499464890849 0.0015345665616519127 -0.0086593108379775172 -0.0034577538795076365 -0.019127804296584103 -0.0059340415408264246 0.02759383779219618 -0.012160311440362616 -0.010374793176391664 0.011216632658553669 0.031217359993120058 -0.010922746964917369 -0.0043729937887976049
leaf_weight=6.7915872395660681 10.346204104890608 3.8090220580397727 575.23547979926479 3.1211915674612092 6.0091901120558751 32.927111528444584 13.709205303277487 11.720556242860765 55.081990920798489 72.733487180595148 72.864654600753056 11.969937969812237 22.149878089690901 7.1337360554607576
leaf_count=5251 6483 3200 102724 1592 947 6836 347 911 9472 19792 15806 871 585 89
internal_value=0.000184855 -0.0101773 0.000418687 0.010307 0.0158387 8.48067e-05 -0.0026523 0.0129457 -0.0044992 -0.00182804 0.00221985 -0.00499988 0.005068 0.0209911
internal_weight=905.603 10.6006 895.003 19.4766 16.3554 875.526 300.291 25.4298 274.861 241.934 169.2 96.3355 41.2536 19.1037
internal_count=174906 8451 166455 9022 7430 157433 54709 1258 53451 46615 26823 11017 1545 960
is_linear=0
shrinkage=0.05


Tree=331
num_leaves=15
num_cat=0
split_feature=14 11 50 40 45 40 42 52 7 37 47 32 37 53
split_gain=0.899018 3.13587 6.35375 6.22657 3.93883 3.39239 3.03595 6.32025 4.99211 4.77343 4.16123 5.12335 4.75548 3.91191
threshold=1.0000000180025095e-35 0.66381144523620617 3.5000000000000004 0.79313072562217724 0.15100029110908511 0.86282595992088329 3.5000000000000004 0.59626048803329479 0.87138131260871898 -0.5838685631752013 -0.91236841678619374 0.88249102234840404 -0.56188875436782826 0.94278758764266979
decision_type=2 2 2 2 2 2 2 2 2 2 2 2 2 2
left_child=1 6 3 4 -3 -5 7 9 -9 -1 -8 12 -12 -13
right_child=-2 2 -4 5 -6 -7 10 8 -10 -11 11 13 -14 -15
leaf_value=-0.011276973216615296 -0.0013268937417018833 -0.0074655367739827816 -0.010991775324448812 -0.017312191437831762 0.037686809196971156 0.014354251609230973 -0.0038550078875260341 -0.025899799771843864 -0.00037997702688772846 0.018837562743155643 0.0025400107096414273 0.0084674341289304057 0.021585684523825619 -0.021828151446902453
leaf_weight=12.840591068932552 468.9398623393663 2.2272110867215842 14.924054426335713 8.6687960445415211 22.740239721284524 5.8298893479222889 122.58113681419309 35.052287338359747 33.873763326177141 24.841725665348349 69.255341384393432 11.714433825087328 57.902971553850875 14.163532421251146
leaf_count=152 37933 353 1061 167 1422 147 99250 507 704 615 13408 1581 16809 797
internal_value=0.00017996 0.00179184 0.0119997 0.0211583 0.0326759 -0.00391742 7.03797e-05 -0.00672984 -0.0149953 0.00836286 0.00284423 0.00811759 0.0121541 -0.00957634
internal_weight=905.556 436.616 54.3902 39.4661 24.9675 14.4987 382.226 106.608 68.9261 37.6823 275.617 153.036 127.158 25.878
internal_count=174906 136973 3150 2089 1775 314 133823 1978 1211 767 131845 32595 30217 2378
is_linear=0
shrinkage=0.05


Tree=332
num_leaves=15
num_cat=0
split_feature=26 11 37 43 26 37 7 7 22 4 30 52 13 14
split_gain=0.896666 1.56158 1.11626 2.97143 2.89831 2.228 1.46403 2.7254 3.6591 4.88132 4.84663 6.72798 5.3078 4.66254
threshold=2.8617925643920903 0.76770934462547313 -0.84475931525230397 3.5000000000000004 3.113268375396729 -0.8232440948486327 0.99019607901573192 0.93377193808555614 0.78867626190185558 0.61250001192092907 0.80206185579299938 0.010750168003141882 0.69615384936332714 0.81666666269302379
decision_type=2 2 2 2 2 2 2 2 2 2 2 2 2 2
left_child=1 -1 3 4 -2 -4 7 8 9 10 -7 -12 -13 -11
right_child=2 -3 5 -5 -6 6 -8 -9 -10 13 11 12 -14 -15
leaf_value=0.016524053521861645 -0.023305553884802002 -0.0077428733073910214 0.017272353041267802 0.005936472517883002 0.0047580754265513928 -0.00016612681043441454 0.0047695467618459201 -0.0081779909138436583 0.017872195518274587 -0.010037485230394985 -0.021227865836243708 0.0038528667822447654 0.031069669394371807 0.016768893669160265
leaf_weight=9.7542390033995598 19.083836257283114 2.9067018837376954 9.0999218726747113 21.515291072192667 9.1951860970948456 358.46875892665139 125.42527850982788 99.069357835068331 18.583593825576827 150.94394469335384 4.2298608147639234 39.367751104860872 28.816828162583988 8.9913825775147398
leaf_count=1651 285 205 3175 18378 226 94295 20359 12255 149 11795 746 8178 1091 2118
internal_value=0.000172304 0.00999452 -7.61513e-05 -0.00667945 -0.0153213 0.000387627 8.81431e-07 -0.00089798 0.00039844 -0.000439495 0.00234291 0.0132764 0.0178582 -0.00763236
internal_weight=905.452 12.6609 892.791 49.7943 28.279 842.997 833.897 708.471 609.402 590.819 430.883 72.4144 68.1846 159.935
internal_count=174906 1856 173050 18889 511 154161 150986 130627 118372 118223 104310 10015 9269 13913
is_linear=0
shrinkage=0.05


Tree=333
num_leaves=15
num_cat=0
split_feature=44 14 53 20 34 41 45 47 37 37 37 44 53 2
split_gain=0.886448 1.55285 1.23453 1.65838 2.21554 1.66267 1.49144 1.58665 2.13225 3.09299 6.68326 4.07377 4.40371 3.56409
threshold=0.2525289803743363 0.64583334326744091 0.018562968820333484 0.049997249618172653 0.94559547305107128 0.00043414908577688044 0.034166395664215095 -0.040340011939406388 -0.5838685631752013 -0.21435654908418653 -0.097895864397287355 0.98563814163208019 0.68022790551185619 0.71063503623008739
decision_type=2 2 2 2 2 2 2 2 2 2 2 2 2 2
left_child=1 -1 3 4 5 -2 -4 -8 -9 -10 13 12 -12 -11
right_child=2 -3 6 -5 -6 -7 7 8 9 10 11 -13 -14 -15
leaf_value=-0.015360855911743894 -0.0041861321671441435 0.0078575476897526763 -0.011788038611039747 -0.0061534417851626163 -0.006749814204919484 0.028515899904668015 -0.00051642924235171541 -0.009737677124441256 0.017870521000767598 -0.026392841338871039 -0.021487040720329142 0.01720281045765502 0.010835495227984557 0.0069971123102977361
leaf_weight=11.711972063728352 1.9941046797248443 3.420508622784836 15.627032611508183 5.5920684116808834 3.3616300023059003 9.2943419658986368 715.66087365384556 12.532260111240246 35.699132419587841 15.953737417752565 10.559333242264985 44.222315307415556 12.716525341005761 6.5307866766815996
leaf_count=8099 7836 384 3961 903 789 388 140867 392 2389 847 86 6567 320 1078
internal_value=0.000190231 -0.0090744 0.000446905 0.010378 0.0166246 0.0234863 0.000100338 0.000451847 0.00516207 0.00725598 0.00167866 0.00951199 -0.00587857 -0.017526
internal_weight=904.877 15.1325 889.744 20.2421 14.6501 11.2884 869.502 853.875 138.214 125.682 89.9827 67.4982 23.2759 22.4845
internal_count=174906 8483 166423 9916 9013 8224 156507 152546 11679 11287 8898 6973 406 1925
is_linear=0
shrinkage=0.05


Tree=334
num_leaves=15
num_cat=0
split_feature=6 36 12 27 33 23 53 45 12 4 30 7 30 5
split_gain=0.899788 4.65431 5.33538 3.65035 3.60602 3.34497 5.37339 3.14593 3.12525 4.65921 3.94845 3.32653 3.60565 7.36966
threshold=0.83424907922744762 -0.13041625171899793 0.45643940567970281 0.84028983116149913 0.68100523948669445 0.37502640485763555 0.99659487605094921 0.99155038595199596 0.34891304373741155 1.0000000180025095e-35 0.80735492706298839 0.9506097435951234 0.51389962434768688 0.41428571939468389
decision_type=2 2 2 2 2 2 2 2 2 2 2 2 2 2
left_child=1 4 -3 -2 5 6 -1 -4 9 -6 11 12 13 -10
right_child=3 2 7 -5 8 -7 -8 -9 10 -11 -12 -13 -14 -15
leaf_value=-0.019091844432246478 -0.020165807252514944 0.024667688513354522 -0.014059798452348369 -0.00039236361772879868 0.028539670483171839 0.01100749914892944 0.0036977004856061611 0.014741323696144781 -0.0020729252473507364 0.00017827156063419331 0.016735195829642235 0.010384099035437 -0.0084617871655218117 0.029190864977722827
leaf_weight=60.796183321622266 15.194114515164982 31.853718917247534 15.851668775838336 323.39597150279042 15.949140151021309 12.225158226622623 36.32818705408954 5.4104005406406932 126.42429533245468 33.052911542135007 23.067060058951029 41.831820633240568 150.75481474628941 11.946808823977333
leaf_count=46048 1274 5200 409 42944 10351 3080 27540 365 23585 3846 819 2970 5935 540
internal_value=0.000173973 0.00138646 0.0141983 -0.00183273 -0.000188058 -0.00783982 -0.0110182 -0.0043599 0.00202757 0.0126818 0.000245001 -0.00136145 -0.00335118 0.00241185
internal_weight=904.082 565.492 53.1158 338.59 512.376 109.35 97.1244 21.2621 403.027 49.0021 354.025 330.958 289.126 138.371
internal_count=174906 130688 5974 44218 124714 76668 73588 774 48046 14197 33849 33030 30060 24125
is_linear=0
shrinkage=0.05


Tree=335
num_leaves=15
num_cat=0
split_feature=35 35 12 11 27 31 53 45 47 53 51 36 40 52
split_gain=0.885878 4.89052 3.07654 2.96449 3.41239 5.48508 2.89458 5.5405 2.76199 2.73029 3.40348 5.99518 4.10486 3.5006
threshold=0.25833334028720861 0.19090909510850909 0.81534090638160717 0.68978881835937511 0.97182539105415355 0.94185259938240062 0.9823889732360841 0.9374670982360841 -0.48735290765762324 0.99858573079109203 4.5000000000000009 -0.82419410347938526 0.86282595992088329 0.86730638146400463
decision_type=2 2 2 2 2 2 2 2 2 2 2 2 2 2
left_child=1 2 3 4 5 6 7 -1 -5 10 12 -12 13 -2
right_child=9 -3 -4 8 -6 -7 -8 -9 -10 -11 11 -13 -14 -15
leaf_value=0.0072515816883914619 -0.007346248213763929 0.029358049200475834 0.019692864713724015 -0.026712921225838696 -0.0034891511039688581 0.024934831012482738 0.0079713588335485631 -0.024766033419809104 0.003834762417614756 -0.0099086312902874826 0.013920637737557029 -0.020573919131421783 0.020037843564028247 0.0027436483699762922
leaf_weight=21.622892673861315 100.9906305552995 5.9307354450575067 10.325924868597211 9.2525845150648838 159.81066624701452 22.896549603714448 51.55204279920963 15.4276066485545 8.4420635159804061 64.063898983434228 9.6878606645477685 33.60088639782407 18.481769367674133 371.6482273207248
leaf_count=8201 20286 9090 308 527 11741 1274 24848 5860 282 17484 2268 7292 2252 63193
internal_value=0.000205765 0.00235488 0.00088807 -0.000419956 0.00113044 0.00749387 0.000915072 -0.00851054 -0.0160165 -0.000911114 0.000329685 -0.0116905 0.00160133 0.00048016
internal_weight=903.734 305.261 299.33 289.004 271.31 111.499 88.6025 37.0505 17.6946 598.473 534.409 43.2887 491.121 472.639
internal_count=174906 62131 53041 52733 51924 40183 38909 14061 809 112775 95291 9560 85731 83479
is_linear=0
shrinkage=0.05


Tree=336
num_leaves=15
num_cat=0
split_feature=32 13 52 32 46 12 37 6 30 5 47 53 4 53
split_gain=0.881077 2.64499 3.60272 4.42797 3.90105 2.91276 2.77417 2.57077 3.10007 4.83746 3.05639 2.92233 2.52903 3.61401
threshold=0.91693207621574413 0.80625000596046459 0.99856877326965343 0.95093432068824779 0.050545126199722297 0.47213622927665716 -0.055196225643157952 0.83424907922744762 0.7320508360862733 0.76388889551162731 -0.14156450331211087 0.98366528749465953 0.41428571939468389 0.68022790551185619
decision_type=2 2 2 2 2 2 2 2 2 2 2 2 2 2
left_child=-1 2 3 4 -2 -6 -7 8 12 -10 -11 -9 -3 -14
right_child=1 7 -4 -5 5 6 -8 11 9 10 -12 -13 13 -15
leaf_value=-0.000981199447069876 0.017700794773998729 -0.0042924165081580585 0.026208876354513029 0.019141153049942582 0.0064927881789031546 -0.027653100992957865 0.00066068613365849785 0.005100321158005329 0.021098636526198141 -0.019053332010261166 0.011787290338496757 -0.018322635021282521 -0.013008082618236359 0.016758457627634796
leaf_weight=567.96126404051938 5.1149482965902271 138.88484391740531 14.306427395066747 16.96407212135091 10.735067144973071 16.324523331330056 12.205835198958086 15.432753307512028 32.282228653057246 9.8216956176911463 4.9656479664845383 26.277995237265714 5.8247816713992497 26.457152993039927
leaf_count=154273 1114 7058 1041 1096 1402 1862 707 300 901 153 690 3358 55 896
internal_value=0.000215468 0.00221048 0.00983129 0.00287359 -0.00572097 -0.0117457 -0.0185122 -0.000289394 0.00200175 0.0121051 -0.00811966 -0.0103459 -0.00129141 0.00958129
internal_weight=903.559 335.598 75.6509 61.3444 44.3804 39.2654 28.5304 259.947 218.236 47.0696 14.7873 41.7107 171.167 32.2819
internal_count=174906 20633 7222 6181 5085 3971 2569 13411 9753 1744 843 3658 8009 951
is_linear=0
shrinkage=0.05


Tree=337
num_leaves=15
num_cat=0
split_feature=30 7 52 36 31 47 47 43 44 48 47 11 47 7
split_gain=0.88826 1.53328 2.47833 1.82059 1.47256 1.39404 2.6938 2.57833 3.15248 4.17923 4.01496 3.21932 3.14077 2.91811
threshold=0.18301435559988025 0.34654632210731512 0.99597084522247326 -0.56319758296012867 0.16064515709877017 -0.98893108963966359 -0.99440619349479664 3.5000000000000004 0.99645903706550609 5.5000000000000009 -0.75646471977233876 0.87206584215164196 -0.98238271474838246 0.89699381589889537
decision_type=2 2 2 2 2 2 2 2 2 2 2 2 2 2
left_child=1 2 -1 -3 -4 6 -2 -7 10 11 -9 12 -10 -11
right_child=5 3 4 -5 -6 7 -8 8 9 13 -12 -13 -14 -15
leaf_value=0.010950917680497911 0.0042988195529003173 0.021982187844424555 -0.022013236652898602 -0.0078257621747313457 0.0043844160468282682 -0.00098606660581108279 -0.015920469972880141 -0.014617306263289663 -0.0066451164568781806 0.0076537983622948849 0.0092612100920871996 -0.011215516425716386 0.021333649859598885 -0.016321368558010637
leaf_weight=9.7425448291705887 23.410783332905339 10.359239468058147 5.1867833506748848 1.2590090226694872 3.8151817811958608 658.50132439712979 27.320805358206599 27.734259598263634 6.8278569329595475 18.288452114557003 23.803469279379897 3.685360255669365 69.289110080282626 13.803177806144957
leaf_count=1197 59097 909 564 112 351 20797 27145 21714 4286 577 22656 113 15107 281
internal_value=0.000227684 0.00747943 -0.00200177 0.0166262 -0.0144058 -0.000106505 -0.00741851 0.000428555 0.00585658 0.0102895 -0.00387587 0.0158817 0.0183437 -0.004086
internal_weight=903.027 30.3628 18.7445 11.6182 9.00197 872.665 50.7316 821.933 163.432 111.894 51.5377 79.8023 76.117 32.0916
internal_count=174906 3133 2112 1021 915 171773 86242 85531 64734 20364 44370 19506 19393 858
is_linear=0
shrinkage=0.05


Tree=338
num_leaves=15
num_cat=0
split_feature=42 39 7 37 31 47 28 7 28 30 50 44 43 33
split_gain=0.876418 1.21597 2.23296 4.06306 3.88599 2.92179 2.80029 3.10231 2.5874 2.56031 3.46511 2.3483 2.24986 2.36287
threshold=20.500000000000004 0.13392857462167743 0.48360213637351995 -0.21435654908418653 0.2237871661782265 -0.99469062685966481 0.038838613778352744 0.96922349929809581 0.57307061553001415 0.41825754940509802 3.5000000000000004 0.98975351452827465 5.5000000000000009 0.58722877502441417
decision_type=2 2 2 2 2 2 2 2 2 2 2 2 2 2
left_child=1 2 4 9 -1 -6 -5 -8 11 -4 -11 -7 13 -12
right_child=-2 -3 3 6 5 8 7 -9 -10 10 12 -13 -14 -15
leaf_value=-0.002857326354160548 -0.012520570449094348 -0.00044249288188342832 -0.012164712816500589 0.011964235522794665 -0.0061664571698387405 -0.0031292914449482082 -0.021361530055489103 0.0091633118870134821 -0.0056481866693202168 0.017292620020668358 -0.018306420473559872 0.044180557543568727 0.012266343358953991 0.0071655003485771446
leaf_weight=15.893599852623085 3.3375552998650155 751.29413062429921 6.8930827919521098 3.5561838113808326 2.3241273541952969 1.5928040717099055 28.325823614435649 4.5517617329987834 1.1499656061096164 45.409524913660789 14.985386835833202 8.8155832839056512 7.3344034418223591 7.5941610028130517
leaf_count=2957 94006 45941 9125 164 1883 865 5294 328 325 7687 556 2060 3267 448
internal_value=0.000206999 0.000391325 0.00437341 0.000861386 0.0146331 0.0274692 -0.0112669 -0.015984 0.0339557 0.00687495 0.00983883 0.0389549 -0.0029737 -0.0101696
internal_weight=903.058 899.721 148.426 118.65 29.7761 13.8825 36.4338 32.8776 11.5584 82.2166 75.3235 10.4084 29.914 22.5795
internal_count=174906 80900 34959 26869 8090 5133 5786 5622 3250 21083 11958 2925 4271 1004
is_linear=0
shrinkage=0.05


Tree=339
num_leaves=15
num_cat=0
split_feature=41 40 43 53 30 7 28 53 43 45 8 46 51 47
split_gain=0.869327 1.14155 2.48546 2.97714 3.25722 3.32982 3.08769 2.99833 2.99926 2.60695 2.44195 2.43728 2.38414 2.13529
threshold=2.6785526642925109e-05 0.37407495081424719 5.5000000000000009 0.98698890209198009 0.70064935088157665 0.36032786965370184 0.85584416985511791 0.9823889732360841 2.5000000000000004 0.034166395664215095 0.89587974548339855 0.99695417284965526 2.5000000000000004 -0.9950018823146819
decision_type=2 2 2 2 2 2 2 2 2 2 2 2 2 2
left_child=-1 2 3 7 5 -5 -6 8 9 -2 -8 -4 -11 -7
right_child=1 -3 11 4 6 13 10 -9 -10 12 -12 -13 -14 -15
leaf_value=-0.012475831359031086 -0.010305450859826674 -0.00044468246850894709 -4.4661727454767009e-05 -0.015132225567786546 -0.025954179248826377 -0.0099136162276500534 0.014832083358143931 0.027856044053119033 -0.0085227164854216643 0.021496492388888646 -0.01272849585568997 0.028235226179955244 -0.0058641663887046827 0.014915023777329917
leaf_weight=3.324558222127961 4.7242732523918667 742.73902293147694 12.765472913100895 8.3057861968045454 16.349980575050726 3.6242831004437859 7.009303333135902 5.4963366330102863 25.769158876584697 24.106496954038452 5.4397638423433818 8.782577940664849 5.6692235159789552 29.157395784241093
leaf_count=99906 344 41721 9805 1014 915 1990 215 408 3929 614 222 11019 183 2621
internal_value=0.00020644 0.000389883 0.0041238 0.00109978 -0.00571027 0.003366 -0.0161894 0.00813509 0.00262836 0.011001 0.00248378 0.016778 0.0161225 0.0104944
internal_weight=903.264 899.939 157.2 135.652 69.8865 41.0875 28.799 65.7655 60.2692 34.5 12.4491 21.5481 29.7757 32.7817
internal_count=174906 75000 33279 12455 6977 5625 1352 5478 5070 1141 437 20824 797 4611
is_linear=0
shrinkage=0.05


Tree=340
num_leaves=15
num_cat=0
split_feature=52 20 52 44 14 46 29 31 46 53 53 37 12 28
split_gain=0.860136 1.52624 1.3178 1.18337 1.84536 1.54512 3.58124 3.67003 3.31682 2.50655 3.17098 3.77629 4.89692 2.25655
threshold=0.00024454547383356845 0.14595721662044528 0.00041681931179482495 0.2525289803743363 0.64583334326744091 0.208102822303772 0.86607143282890331 0.64051282405853283 0.011515699792653324 0.93642082810401928 0.99798375368118297 -0.25489988923072809 0.7379862666130067 0.63702240586280834
decision_type=2 2 2 2 2 2 2 2 2 2 2 2 2 2
left_child=1 -1 -2 4 -4 6 7 -5 -9 -10 11 -11 -13 -8
right_child=2 -3 3 5 -6 -7 13 8 9 10 -12 12 -14 -15
leaf_value=0.020224975155119215 -0.013983025474739966 -0.0054401221752126659 -0.017864440305051157 0.015918762587511386 0.0080680401790936725 -0.00045179925422097767 -0.010100675527763397 -0.022101486382866055 0.015951858169912087 0.009860948837239078 0.010466469612734954 -0.031201636474838191 0.0044780035162917797 0.015362026890889153
leaf_weight=3.6376908302818256 6.5870517208004449 4.3003415334023884 10.371896556860518 13.511801011190981 3.3794201353302915 722.67730672347352 2.9878894379362455 14.158418670296667 8.6161399967968446 8.3979361278470517 14.525256380205972 16.947429775376815 11.490031013498081 61.785079658497125
leaf_count=1248 1390 147 7194 601 354 152661 276 1549 150 182 342 406 262 8144
internal_value=0.000198718 0.0110395 -1.82485e-05 0.000239656 -0.0107778 0.000532598 0.00494043 -0.0017323 -0.00645904 -0.000135695 -0.00499437 -0.012024 -0.019371 0.0129937
internal_weight=903.374 7.93803 895.436 888.849 13.7513 875.097 152.42 87.647 74.1352 59.9768 51.3607 36.8354 28.4375 64.773
internal_count=174906 1395 173511 172121 7548 164573 11912 3492 2891 1342 1192 850 668 8420
is_linear=0
shrinkage=0.05


end of trees

feature_importances:
Column_41=510
Column_40=257
Column_53=254
Column_45=241
Column_37=171
Column_47=165
Column_26=163
Column_44=156
Column_7=154
Column_27=150
Column_28=139
Column_52=137
Column_46=133
Column_9=125
Column_11=119
Column_39=109
Column_31=108
Column_30=107
Column_14=106
Column_42=99
Column_23=95
Column_6=93
Column_35=91
Column_36=89
Column_33=87
Column_12=86
Column_22=79
Column_20=70
Column_32=66
Column_8=65
Column_43=59
Column_3=56
Column_4=54
Column_13=49
Column_34=49
Column_29=46
Column_5=44
Column_2=41
Column_48=28
Column_15=27
Column_51=22
Column_49=19
Column_16=18
Column_50=14
Column_1=12
Column_19=5
Column_25=5
Column_38=2

parameters:
[boosting: gbdt]
[objective: binary]
[metric: binary_logloss]
[tree_learner: serial]
[device_type: cpu]
[data_sample_strategy: bagging]
[data: ]
[valid: ]
[num_iterations: 350]
[learning_rate: 0.05]
[num_leaves: 15]
[num_threads: 6]
[seed: 20260927]
[deterministic: 0]
[force_col_wise: 0]
[force_row_wise: 0]
[histogram_pool_size: -1]
[max_depth: -1]
[min_data_in_leaf: 90]
[min_sum_hessian_in_leaf: 0.001]
[bagging_fraction: 1]
[pos_bagging_fraction: 1]
[neg_bagging_fraction: 1]
[bagging_freq: 0]
[bagging_seed: 30307]
[bagging_by_query: 0]
[feature_fraction: 0.9]
[feature_fraction_bynode: 1]
[feature_fraction_seed: 427]
[extra_trees: 0]
[extra_seed: 2444]
[early_stopping_round: 0]
[early_stopping_min_delta: 0]
[first_metric_only: 0]
[max_delta_step: 0]
[lambda_l1: 0]
[lambda_l2: 10]
[linear_lambda: 0]
[min_gain_to_split: 0]
[drop_rate: 0.1]
[max_drop: 50]
[skip_drop: 0.5]
[xgboost_dart_mode: 0]
[uniform_drop: 0]
[drop_seed: 16765]
[top_rate: 0.2]
[other_rate: 0.1]
[min_data_per_group: 100]
[max_cat_threshold: 32]
[cat_l2: 10]
[cat_smooth: 10]
[max_cat_to_onehot: 4]
[top_k: 20]
[monotone_constraints: ]
[monotone_constraints_method: basic]
[monotone_penalty: 0]
[feature_contri: ]
[forcedsplits_filename: ]
[refit_decay_rate: 0.9]
[cegb_tradeoff: 1]
[cegb_penalty_split: 0]
[cegb_penalty_feature_lazy: ]
[cegb_penalty_feature_coupled: ]
[path_smooth: 0]
[interaction_constraints: ]
[verbosity: -1]
[saved_feature_importance_type: 0]
[use_quantized_grad: 0]
[num_grad_quant_bins: 4]
[quant_train_renew_leaf: 0]
[stochastic_rounding: 1]
[linear_tree: 0]
[max_bin: 255]
[max_bin_by_feature: ]
[min_data_in_bin: 3]
[bin_construct_sample_cnt: 200000]
[data_random_seed: 5108]
[is_enable_sparse: 1]
[enable_bundle: 1]
[use_missing: 1]
[zero_as_missing: 0]
[feature_pre_filter: 1]
[pre_partition: 0]
[two_round: 0]
[header: 0]
[label_column: ]
[weight_column: ]
[group_column: ]
[ignore_column: ]
[categorical_feature: ]
[forcedbins_filename: ]
[precise_float_parser: 0]
[parser_config_file: ]
[objective_seed: 12956]
[num_class: 1]
[is_unbalance: 0]
[scale_pos_weight: 1]
[sigmoid: 1]
[boost_from_average: 1]
[reg_sqrt: 0]
[alpha: 0.9]
[fair_c: 1]
[poisson_max_delta_step: 0.7]
[tweedie_variance_power: 1.5]
[lambdarank_truncation_level: 30]
[lambdarank_norm: 1]
[label_gain: ]
[lambdarank_position_bias_regularization: 0]
[eval_at: ]
[multi_error_top_k: 1]
[auc_mu_weights: ]
[num_machines: 1]
[local_listen_port: 12400]
[time_out: 120]
[machine_list_filename: ]
[machines: ]
[gpu_platform_id: -1]
[gpu_device_id: -1]
[gpu_device_id_list: ]
[gpu_use_dp: 0]
[num_gpu: 1]

end of parameters

pandas_categorical:null
